CREATE OR REPLACE FUNCTION truncate_tables() RETURNS void AS $$
DECLARE
    statements CURSOR FOR
        SELECT tablename, schemaname FROM pg_tables
        WHERE tableowner = 'postgres' AND schemaname = 'unified' AND tablename != '__EFMigrationsHistory';
BEGIN
    FOR stmt IN statements LOOP
            EXECUTE 'TRUNCATE TABLE ' || stmt.schemaname || '.' || quote_ident(stmt.tablename) || ' CASCADE;';
        END LOOP;
END;
$$ LANGUAGE plpgsql;
SELECT truncate_tables();

-- Admin user
INSERT INTO unified.users (id, role, name, surname, organization, email, email_confirmed, hashed_password, refresh_token, refresh_token_expires_at)
VALUES
    ('d6e28a9d-354c-431c-8912-8c78b3b23a39', 'Admin', 'Michael', 'Scott', 'Dunder Mifflin Corporate', 'michael.scott@dundermifflin.com', true, '$2a$10$JO/kNwG1jWv9zuiP5pTkoeH270HGlaMothI4SRpc1n8t6nVScuL5K', '', NULL);

-- CA users
INSERT INTO unified.users (id, role, name, surname, organization, email, email_confirmed, hashed_password, refresh_token, refresh_token_expires_at)
VALUES
    ('3eda5494-d83e-49dc-aa7a-f15375b9f4b5', 'CaUser', 'Jim', 'Halpert', 'Scranton branch', 'jim.halpert@dundermifflin.com', true, '$2a$10$JO/kNwG1jWv9zuiP5pTkoeH270HGlaMothI4SRpc1n8t6nVScuL5K', '', NULL),
    ('4973f67c-a78d-4e7b-bcec-c185a363a015', 'CaUser', 'Pam', 'Beesly', 'Reception department', 'pam.beesly@dundermifflin.com', true, '$2a$10$JO/kNwG1jWv9zuiP5pTkoeH270HGlaMothI4SRpc1n8t6nVScuL5K', '', NULL),
    ('303704ce-e854-4fa4-9fb1-a397d3a46f91', 'CaUser', 'Dwight', 'Schrute', 'Sales department', 'dwight.schrute@dundermifflin.com', true, '$2a$10$JO/kNwG1jWv9zuiP5pTkoeH270HGlaMothI4SRpc1n8t6nVScuL5K', '', NULL);

-- EE users
INSERT INTO unified.users (id, role, name, surname, organization, email, email_confirmed, hashed_password, refresh_token, refresh_token_expires_at)
VALUES
	('6794b78f-f886-41c5-88db-b30dd5175800', 'EeUser', 'Andy', 'Bernard', 'Accounting', 'andy.bernard@dundermifflin.com', true, '$2a$10$JO/kNwG1jWv9zuiP5pTkoeH270HGlaMothI4SRpc1n8t6nVScuL5K', '', NULL),
	('f5ec2837-bdbd-4fc3-83fb-960bd4e22ad4', 'EeUser', 'Stanley', 'Hudson', 'Warehouse', 'stanley.hudson@dundermifflin.com', true, '$2a$10$JO/kNwG1jWv9zuiP5pTkoeH270HGlaMothI4SRpc1n8t6nVScuL5K', '', NULL),
    ('5115def8-0be6-49d6-9155-0c1f82ed1818', 'EeUser', 'Kevin', 'Malone', 'Finance', 'kevin.malone@dundermifflin.com', true, '$2a$10$JO/kNwG1jWv9zuiP5pTkoeH270HGlaMothI4SRpc1n8t6nVScuL5K', '', NULL),
    ('3fa51d34-4344-4187-8715-6b26889084b2', 'EeUser', 'Angela', 'Martin', 'HR', 'angela.martin@dundermifflin.com', true, '$2a$10$JO/kNwG1jWv9zuiP5pTkoeH270HGlaMothI4SRpc1n8t6nVScuL5K', '', NULL),
    ('7edb4bce-6064-461a-8f78-49dbf7c30ecf', 'EeUser', 'Ryan', 'Howard', 'IT department', 'ryan.howard@dundermifflin.com', true, '$2a$10$JO/kNwG1jWv9zuiP5pTkoeH270HGlaMothI4SRpc1n8t6nVScuL5K', '', NULL);

-- Testing
INSERT INTO unified.users (id, role, name, surname, organization, email, email_confirmed, hashed_password, refresh_token, refresh_token_expires_at)
VALUES
    ('00000000-0000-0000-0000-000000000000', 'Admin', 'A', 'A', 'OrgA', 'a', true,  '$2y$12$TnNkSJje9qArndsTe7/RMOdixQsbURPtJNrBe0U6NFg.AwFx5HIz.', '', NULL),
    ('11111111-1111-1111-1111-111111111111', 'CaUser', 'C', 'C', 'OrgC', 'c', true, '$2y$12$TnNkSJje9qArndsTe7/RMOdixQsbURPtJNrBe0U6NFg.AwFx5HIz.', '', NULL),
    ('22222222-2222-2222-2222-222222222222', 'EeUser', 'E', 'E', 'OrgE', 'e', true, '$2y$12$TnNkSJje9qArndsTe7/RMOdixQsbURPtJNrBe0U6NFg.AwFx5HIz.', '', NULL);

-- Certificates
INSERT INTO unified.certificates (serial_number, issued_by, issued_to, not_before, not_after, encoded_value, private_key, can_sign, path_len, signing_certificate_serial_number, signed_by_id) 
VALUES 
    ('370112094760346004611479035241175066770113980319', 'CN=Dunder Mifflin Root CA,OU=Headquarters,O=Dunder Mifflin,L=Scranton,ST=Pennsylvania,C=US', 'CN=Dunder Mifflin Root CA,OU=Headquarters,O=Dunder Mifflin,L=Scranton,ST=Pennsylvania,C=US', '2025-01-01 00:00:00.000000 +00:00', '2040-01-01 00:00:00.000000 +00:00', 'MIIEEzCCAvugAwIBAgIUQNRme2eLp5lCIq90yl33JcCiZ58wDQYJKoZIhvcNAQELBQAwgYgxCzAJBgNVBAYTAlVTMRUwEwYDVQQIDAxQZW5uc3lsdmFuaWExETAPBgNVBAcMCFNjcmFudG9uMRcwFQYDVQQKDA5EdW5kZXIgTWlmZmxpbjEVMBMGA1UECwwMSGVhZHF1YXJ0ZXJzMR8wHQYDVQQDDBZEdW5kZXIgTWlmZmxpbiBSb290IENBMB4XDTI1MDEwMTAwMDAwMFoXDTQwMDEwMTAwMDAwMFowgYgxCzAJBgNVBAYTAlVTMRUwEwYDVQQIDAxQZW5uc3lsdmFuaWExETAPBgNVBAcMCFNjcmFudG9uMRcwFQYDVQQKDA5EdW5kZXIgTWlmZmxpbjEVMBMGA1UECwwMSGVhZHF1YXJ0ZXJzMR8wHQYDVQQDDBZEdW5kZXIgTWlmZmxpbiBSb290IENBMIIBIjANBgkqhkiG9w0BAQEFAAOCAQ8AMIIBCgKCAQEA5vJlmt+mijmLd+chlwKheZ3IbjjJp19CevUaXs/KVyozAwuMXiSAK+Vf9t/C3/uZRzU9Xg4G9qIaN8b/24qm197hQ5AFt6mv4Q5v9w7TqA6WkdJHW29Dwv6MWgTDfyLgo+2XBfNH5n82APebvD7SPoKQ0GlYiz9QUH4YluvLZmwq2ZA+l84uCt6tNIqj2yFdFmoj+i6j3SdwHNWTtf4WN57tqZzjOkjdVjUUrJLuZy0GyJf/ojOnarn6sQhLCLAWV4WVcOx1avfl3DxfMsaS9BNPsoZBne602UR4DgOjLqGIniLCxTvRg3WWk4iiA3p9niQlUc473MHsw6f0FAbBvwIDAQABo3MwcTASBgNVHRMBAf8ECDAGAQH/AgEFMA4GA1UdDwEB/wQEAwIBBjAXBgNVHSAEEDAOMAwGCisGAQQB1nkCBQEwMgYDVR0fBCswKTAnoCWgI4YhaHR0cHM6Ly9sb2NhbGhvc3Q6ODA4MS9hcGkvdjEvY3JsMA0GCSqGSIb3DQEBCwUAA4IBAQAHvmWzCyZx51mq6PeCGmK6qLa7PC5/vofj+VC/2rY+mui3F/XiESTtmS/HKfq3F5Eeleu6ZBDvUZcgo9KxtSelXHjPLNjETLr9HhF3bzbgiGSlnaUv1ZUp556s/yfaUtN8eTPftCmWgKjjgWMM25zArhmI7MGeOqdpuYi+f4MhxD9F6DD2TynNwTb5erQzECEgZCV7myRO8snzhtD6WapOf55MFyJYCKebNKnlXpuqwUAMnz62ucbhZYPpzuS6GmsRCwfAGR/E66DRAAej+/wV3eyKrqjLUcCQ4txKbr29VEJH2v0k/xktYg3xkmYq6z6orvjwZ5QAKmvuBj5+8ptg', e'V693XiphfgVccMeCuuLEDRQLxmodgHoITJAmGA9QYLuK+RZ6hADaSYYouXX0mnP+cK88uMdjrD3YDi/Y5+YQZCsQ30mk0b3Ko6zq0iBF6nkvr3mo4BIiMJoTfHM2hveaxk2gTXYLFWR2cl4Q5sFRHKnhKo44PFOIz3khcA1Ft2zMvMprvJtJIxINEVB2xrT+OYjg/PxE+b9iJT6E5+z9Dijxs9H9y36wvo+bv2cIsG/2REAUmM/DI7mavW3dfxfgJRHCJW2NKE8HsaUpb63dLAWQwEd+vkjAG4WSxCR+Od6DzttXTxNNrPucR5r1jXpEkIyNScqQlQZfuC6mPHESI8YvNHV5bhbyx/SRAfK260yiLfaicl1YiOULSgaOxakhhhe35Cwqi+y8l4EI4N0PwaRseCHL3cj9F4nF/jKeRMjY/gf7XtLrspQEo6JzKYG2kcr15PjWXE6W8CSb4ykpHmJYS9xSodXF1eTejSFTZ2UpgVt87r6FOKejpWQscaa3cNdPJDeZCkvjPVVqkcFXoXjKWJp16XjwLn2S5cW0OP2XdyVwV7aRQ7h8deNJkqQwi7fBDWSoMvdeGUjh8IcizW7HdF+qFWLmI1kPXTCMw9E05Bga9x5St50JT5SBWZOD6gmfiSjbHlO8fRjLCdY/gWdc6Qi+zJQSMgOJy/6l4cqNBPmLu7zxjpFXV+TQx4uJmCJ2//X+xuTAY6jhmUgnuysMbpMayCFPajXoFK70YrblVHhzrVRxHtWJ7omhEvs4U9DpTjB8EQ+ti0XOnrI4ZK3FkosNiNQzgaluudhN0nIkfUHEOml6ajr9CoHqQ+LoJPfLLj7yR45+EYX647MdW9EhRDW+7UfO5cqywLhLO+tUUZvLeBeX483CAudFGc8QUQioeYXqj2FQxSvd5yUDY3Djz33WYCesGQtuZmWn8XW/DhoxLLiU5WB3xU3WYj2FryxPAjcCShJ4rn+SRmr8ItjqTPtQIYU+I5MlbX+xwxADH3/bNhlZxTWThzzxxwOrRxj8f22NmZY6m7Mp9JugeGPHwX0So00LnppxmtKrotmOqpDZo3JaRoVddSsP3TyIqDblGVl1xeJ5tuNcOQ41uGV+i8gCfD1nkYTn6YyePrK6QCV94FHb+ZS0lKXlAz+/uCrAQ8+tO0vykOYmZ0yOzwbvHBrB98retzoHqr6TO6Fta+CmA7tO5Enc7GRGIp5aC3ciMC6UsQfLZwY9fGVzpPPBuxpujPdqTvj6gUjfDy7aLUpT8BkfDue/ilEg+BdlDk+zurKNA/SdAjvBSywQlUYqxMcsvt4YtQ7k1P6KuOI2dDeIr45i4zou9COCeYd7ODSZRtc9N0fR6HRx/CJMZdhD95/OKlwnqkr9YUhckxd3YsE24Za39YIapgFjEuroJJgOK4jlg37oGvdJwR4seaRJM0gXRY9EFTu3FJhZPWS6h5M9i9XhzoJJbIzwRcCh5aPACGCARLH3xUFCGnpb3iibzGIS5L6kwQzzwRiS0E7iz5OVr4UCzEq9DUhGLY9kRG6hXzsCZ3ZzTCOEwCAE3JRRwwE5Vls6rxD2Gq9UXXG5/O7UwJ/UAERHMxsqHiv6LfBfsBOS+qRkDyzf9Mki2Mru89prhTFs8pfKPXADfMSlRfmfpjPWw/G141fiWume', true, 5, NULL, 'd6e28a9d-354c-431c-8912-8c78b3b23a39'),
    ('341632091890066209633998417451361368304922287299', 'CN=Schrute Farms Root CA,OU=Beets & B&B,O=Schrute Farms,L=Cicero,ST=Pennsylvania,C=US', 'CN=Schrute Farms Root CA,OU=Beets & B&B,O=Schrute Farms,L=Cicero,ST=Pennsylvania,C=US', '2025-02-01 00:00:00.000000 +00:00', '2038-02-01 00:00:00.000000 +00:00', 'MIIEBTCCAu2gAwIBAgIUO9dQFTDhBsDpfdxmZHAzTB3GXMMwDQYJKoZIhvcNAQELBQAwgYMxCzAJBgNVBAYTAlVTMRUwEwYDVQQIDAxQZW5uc3lsdmFuaWExDzANBgNVBAcMBkNpY2VybzEWMBQGA1UECgwNU2NocnV0ZSBGYXJtczEUMBIGA1UECwwLQmVldHMgJiBCJkIxHjAcBgNVBAMMFVNjaHJ1dGUgRmFybXMgUm9vdCBDQTAeFw0yNTAyMDEwMDAwMDBaFw0zODAyMDEwMDAwMDBaMIGDMQswCQYDVQQGEwJVUzEVMBMGA1UECAwMUGVubnN5bHZhbmlhMQ8wDQYDVQQHDAZDaWNlcm8xFjAUBgNVBAoMDVNjaHJ1dGUgRmFybXMxFDASBgNVBAsMC0JlZXRzICYgQiZCMR4wHAYDVQQDDBVTY2hydXRlIEZhcm1zIFJvb3QgQ0EwggEiMA0GCSqGSIb3DQEBAQUAA4IBDwAwggEKAoIBAQDPf6j50BJL1P0HP0dnIXzDOWp3YI+z9i/m/ze3ptVjo92zAT7KgACXJLM6U6TYIMWvbXgeBj7qiD0OPszfC9T7DRwzmBrS/3SKEKqk2qJ3fLQDfuqKaI3mcqWx/AE89x8BSd/JEiPIeuv8pja/uYAbnqCOqGIX9mhaVpeAEDqc3Uyduzzc6WSWovWDt0FWmiUsOXGIRbGi1/8XkCkWcTZVHT1wFsnZXReAQT0Pz26TxvNugYjjP0+YJEx7H4Yww6kuXeOfsAyse3/i/gHaSobIpsuJznMajPh1/J8NIkEbwKayYkXoZrJzVTVBVxyarCIWNorg6n3T9Z5lKOmPBllLAgMBAAGjbzBtMBIGA1UdEwEB/wQIMAYBAf8CAQMwDgYDVR0PAQH/BAQDAgEGMBMGA1UdJQQMMAoGCCsGAQUFBwMIMDIGA1UdHwQrMCkwJ6AloCOGIWh0dHBzOi8vbG9jYWxob3N0OjgwODEvYXBpL3YxL2NybDANBgkqhkiG9w0BAQsFAAOCAQEAzhH8owYzHGRZ5JWfNrZjPuQEZdVDXovPA3rmQucqWdMLdL0PMHjQ9FKNjr5NCg2aZZFeXInMVgwnQczlImdVg6x+EQgg1cWfpDtyiJydD1B7+E+6hGq3zT8x4TZ0gACHj5OINybHYDR3BBVO56y8r4I3E2w5E1uiuCN8k7ESfUAi0dWZz6TqNik+W5Xuwg+nyGDDR7Lq/a6dCltRcjuQ2dr/36q0KPmU1zdKpjTyZ/RePQan88btzh7VQNt0AnqIyGhrpA1U6ns4iXv0207xZOxa9FPXJ7nVGTw9RNTmvrz2RKx9jBkqSn8rZ3fTyEeNquh65ejFzUmeKlYmtdHudQ==', e'YIdpO40z6sk3zKM1eb6wpbzIXS+B5Ji/TaOfugSbdXDc51aK11vlUcEFZir8klZCdL5u2cAm5wVc5GRVoyzR7kX3YMNhFqyxB2iqrRzo1b3/KRmzfwqW+QE1L0akcfZQo0MC2rE2kP/EwmCIql8xM4w3dPNilcKlOpJD5ET3bb3k94YSBQoyCk1vxkv59FYcGbtdDNlC2dq3gx2WqZ/mtG0Qpo8KPQhr1NdBYCryEbPEI2ECJoV5YX4FsL93Pw0FFwr7jGbngxFRx6gWotxg81qGPxoFkzT3Q44zwA9evN0y6SDv2yIiCNFdmdq8Gd6AITeGoa+rYoNpFtih26ToB8d7AZeM867Ezp9bGaWh1q+WBLLhXXJBSoUKI/UyE/mY0Z9xfbeqxQiMrWux0xMN9JnSYiq83he6zaZoCgKbjpo3SQBGnlqhdhkzdQ+MSwq6gJxtC6Kco6u89VwrCHukYLmS6onx9RgbW1gdWkxA19ro2cd0EdQUdm9taG3dLFaHl5mU8V6Xun939/ehWMsb/u2DVI5kBEgnOx1aZAvHaV38Q+LyN8dZ4NcXc+YnURb3aR3/Dr88AzOnAMoKyDXoAGyFK2ug04UTxrLD/vJL/3A3w7FXEkHvHZ4HgS0LdOxQD9392/+vZOZ8pehzFd1HR+7HouDxFaPdzNXajxrTg+qwAMGtlGHpC0gTMmAZm+2X5vdH5EjizdnJzEEYsbBXg09OGBPDQGLkKih33gNiIQ524034BLnWxqPqkuza6whDPAMlUW82za/rJCTNVwIsDvLjMNH1anVqOcaU+99tYcxycBvFlRmeh2ILqWRqZUTogq88ek5kuDepY/OQkMLul+4M0+oW1FR/mDcwNEHvGcZuUhTMUZvrVMPtfTMWH7rPeSnWQ9PDJbUrDHBmlfzsZQFUoq2oF1RXLN2lXkKVdQYEAesVzKtCZ5txOxf8rGYFS/2Z8HJyKJVSY8dHmhkjVrzufzDBFTME2hpdb+HUh26z99MW/iwOIas2Rw1im3XcfJODoYRXYGck2tnoozkCUr0AezG6ChO8vgsBPLThgYoJJO18cK7SdTg856xr/aYbJV94H/bt43x772n/jIWvGdEljWrS7MI99OhyeHrX/zSyf86JXqB17ApkaSHL61T5zKBARleHZDoX/UdTRh6RWdQGgOOMVHdqJUCn8kPZF9CQCtJZd/C3vWFgqb+dShiB8pAkiQr6xcJ93iwu8r3TAv+RKc4IIktMcqMrvU+LW/QxyxwtqTdRgaVX2sRhAYMxUNnQeIt2h5Fr+TbjSWO/FeFLLPBDrLaCHDI7GAlyIoBCa/9olTnbliufrrZo0FxLQbsRNQDYzfGJiehrpnjM9CcDtZWSb1OrdOX9WRrjI/S6pPvvts5Kix3x5CskksnhtgOxUnhOHX6lOaFFuIox11lN1EiBBDlTHf5WhKt+wY25+QIP1SsITe7qPn4u2m4pjMAzf1jKXm0YyK7ZwKSt1xH9G+iM6dyp0QbdT1+oXd0lHo5U7zZd2UWjQqe7mejZW07EUR4q2DJKEIKS8p+Be7CX1r1/f3VC2G6tPSUjKTFt+kA7P3un8r7+38LTlBC21T8F9d+S33DLSyEs+lkvLUZXal4V7sWJadYYUdS5DpgpGdr2ezVKolhebOrP+Rup', true, 3, NULL, '303704ce-e854-4fa4-9fb1-a397d3a46f91'),
    ('152313958906312514375357897825619175643482526115', 'CN=Sabre Root CA,OU=Corporate,O=Sabre,L=New York,ST=New York,C=US', 'CN=Sabre Root CA,OU=Corporate,O=Sabre,L=New York,ST=New York,C=US', '2025-03-01 00:00:00.000000 +00:00', '2035-03-01 00:00:00.000000 +00:00', 'MIID2zCCAsOgAwIBAgIUGq3+f51HazWarKUlNnwW/Pg9kaMwDQYJKoZIhvcNAQELBQAwbzELMAkGA1UEBhMCVVMxETAPBgNVBAgMCE5ldyBZb3JrMREwDwYDVQQHDAhOZXcgWW9yazEOMAwGA1UECgwFU2FicmUxEjAQBgNVBAsMCUNvcnBvcmF0ZTEWMBQGA1UEAwwNU2FicmUgUm9vdCBDQTAeFw0yNTAzMDEwMDAwMDBaFw0zNTAzMDEwMDAwMDBaMG8xCzAJBgNVBAYTAlVTMREwDwYDVQQIDAhOZXcgWW9yazERMA8GA1UEBwwITmV3IFlvcmsxDjAMBgNVBAoMBVNhYnJlMRIwEAYDVQQLDAlDb3Jwb3JhdGUxFjAUBgNVBAMMDVNhYnJlIFJvb3QgQ0EwggEiMA0GCSqGSIb3DQEBAQUAA4IBDwAwggEKAoIBAQDC/lIUkrxO8g5Dc6SJHtcfUX6ZiM6kNHH2wv0yFR/UmupuM81o79MTrS9uIfXptXvbZ6KaeD3EsbyUJcPE0PhOwpGr389nTsjTtFgQes+i0vzcyGPZeqh8+NJFcT5MH00PItbb/6khY2n36tB0eyOYM8Tw9fGA/vH5bCb5mH1xXjkHI41F6+Xjr79sKlLAX+epLCygzBIDZNsFDpwdHxWkfRQ5jTEpEb7gFJtjHrNj26SXwIvz/s/5m1Z2yPP1J7czbjNLkWVryiDlfCC3+FOcqoIjCcGO/3zScauL5gPoNHb9M7PgXIorU0UEF56GEBINXOzIi+znJFNqUFuw5ObBAgMBAAGjbzBtMBIGA1UdEwEB/wQIMAYBAf8CAQIwDgYDVR0PAQH/BAQDAgIEMBMGA1UdJQQMMAoGCCsGAQUFBwMJMDIGA1UdHwQrMCkwJ6AloCOGIWh0dHBzOi8vbG9jYWxob3N0OjgwODEvYXBpL3YxL2NybDANBgkqhkiG9w0BAQsFAAOCAQEAG5PbsN0CDxa7vBV6E7oAqrOlXb0wVSiwBklE7kpj0fpAPr9Go9Zr4sr9TQ0Uzng9g35WRz8RXW7PK9uSMh8/YAp043uWanq61HMdcb1zS6B6xbpLzgOOPzG/r2VCxRuhQL0XXwGkHzQ8NWFAO583pZBFNdeyR+2PBUnuf/3Oql8MH7/45vfu8I+H3NEFrHJXCIT5ydSuMFVAoIp8HpOgFw7YxdMtS73RkpEvnvE5mUTk2SpxGvqCxbQ+wD3UG9uG1MWCVdU/d2B7i7O7C/0S6INd5/MF15xmRporhkFPoprwYcgZSSdY1H6hPEB/1TS+ATYyBoDPNt2jn2VNf2luUw==', e'7swA/oyowmeKNVfF5dJ5vjXS9/vuvKTBQpnDbRbarLbGzOZ09/3vetbLwPC/R37Fj5fr2BgK5zmFxSp7LM9fJ1TGKETLJ4y198WhBhevlsJWaA2IqxMouBxxGgv2Gr5jJCiZXffBHqwuns6hC6P+l3zgf9ZVJ0VDvvn3YJJXRqoT38RvF87wfr8xnFiBse8WBgzqlI6dWKR3CR1FxDJpw2OdQarGvvLM3UfI2lKgDFZA8o3jhcrccbIZftF2qFGY6Y40ojSsZZbKE/JSXo+injdHKEQh5NzxQ79Yu3SYMg6unSRPKLJXHNV1KZWL+foYN8UC6ts4mTGBwjDewXNX0amaTBBoJ4CaCIdsbY/q7bbxMf8ahXil+vHmN61Ykc4+CxEaQdftlr7K87PWlV14uxRl6WFk6KxFA5GyUBIBjckapl1g2SzT+aMiTDO1TOddr4ZFUFjecbEsVdqR4VPl6LxGY5GAVskwdxkcoLGT2us/eXNmM/G9fdYzIK4wBaLEakTF4VNRIeV8nKDMsTTCM3IAIMthY5TTbIOStaLvLPsxaNfNMg3Wf1GvtXAVO56C1ia51A2AyWR8pqsXemR0wh79bbwZAO1EpXXCs2eJBRBWfJLd6hGBHPmwr8sjhNfbYUgjYnxHcDpB+TzDJMM2S3hIvUGepVAa0DQCK0v4tbNLwinXNEKci6gKejJaW79XCDH2gODpSIPgLEggwPmSfTc7hlng+vKLtNvX3/KsGH4CO/ucAIOF3AsKoneoBPOS7n7Twp5RoV2OF5bayzXvfaIJtKH/3K1sKlYqprW9Yo17RNG22RAJejU6Zpp1I0mgHygIiBKa0+PPh5g1OOTeKaOCU/MC3Xa4MEGP//gXJ0RLLfovGtbDmKaAdmDiRQ8K44KZM/WZse5UvUpSwoCEAdRIY9S/jvk3Gh9FyHg9vaf8cXCGjIXoq2QAm3TNHxvH93gMhTZMvIs0VaW6uZFVd7ZOriaUAdskHgYXZlEfLHQatmMvrdCON1GExxEhONV26xe8siKs2r0e1zLaViaDMQi+34Gl7jATePlTYSQTzrHZyNihNw0pVYvl+lDBc3Oeq56R0ofK7Fz2PONfXcrx+9HuXNOgDIbCW6VO3h+skFOC7ZNNXYPYGYKrdYhfcwzcaEK82DdzKILmuqaqzXFK1Pa6kk46rAbfveEoFZhFOnJrS/Ska1U6OdN1ZnJnJuBWxF3RTfnB9n1W7Q1An/8hKTcuoLoWwNGVTO2QFWmA+AewdSdzko6nlSr84iO8/QPN4k4bl/ilxIrRFxV7HdcEFn4FXUx3fTgjitqhLc1jUQ2x4xwq4duQIs2A+gZzL9s4+2bP7gGdcDPCYRos+ltPDGBgokHKndCDPWCmxddZ0av6wRzqWUQhpF1T60YjJxn9nx2BXNMhjbPqTPpSjqRNFrB0VNGsBULVNJITdrlqecbV6+Cmv+OOiC4pxDW1Hvtw8XUzW0roaZvINO2uSgU+jfA2TuMzXhjSP5POhCiJgCs4ns684Nx5v8ioDOdIfcc/mrirgU2+IctamAx1BoxqA5BR6K+aTXzpIU12KdFQ3kcx0sxfh0SBOKp8js9oXTUnaCEMjxeMsq6Gmtxq/g6FvdeedEgoPEANT36zo2/UPqhmhpXJh0BWh2IyhaadILag', true, 2, NULL, 'd6e28a9d-354c-431c-8912-8c78b3b23a39'),
    ('207072179505823254148042333470934774606954093113', 'CN=Dunder Mifflin Root CA,OU=Headquarters,O=Dunder Mifflin,L=Scranton,ST=Pennsylvania,C=US', 'CN=Dunder Mifflin Intermediate CA,OU=Corporate,O=Dunder Mifflin,L=Scranton,ST=Pennsylvania,C=US', '2025-04-01 00:00:00.000000 +00:00', '2032-04-01 00:00:00.000000 +00:00', 'MIIETjCCAzagAwIBAgIUJEVwCw3LY9R8fZjIS0a0mVpF2jkwDQYJKoZIhvcNAQELBQAwgYgxCzAJBgNVBAYTAlVTMRUwEwYDVQQIDAxQZW5uc3lsdmFuaWExETAPBgNVBAcMCFNjcmFudG9uMRcwFQYDVQQKDA5EdW5kZXIgTWlmZmxpbjEVMBMGA1UECwwMSGVhZHF1YXJ0ZXJzMR8wHQYDVQQDDBZEdW5kZXIgTWlmZmxpbiBSb290IENBMB4XDTI1MDQwMTAwMDAwMFoXDTMyMDQwMTAwMDAwMFowgY0xCzAJBgNVBAYTAlVTMRUwEwYDVQQIDAxQZW5uc3lsdmFuaWExETAPBgNVBAcMCFNjcmFudG9uMRcwFQYDVQQKDA5EdW5kZXIgTWlmZmxpbjESMBAGA1UECwwJQ29ycG9yYXRlMScwJQYDVQQDDB5EdW5kZXIgTWlmZmxpbiBJbnRlcm1lZGlhdGUgQ0EwggEiMA0GCSqGSIb3DQEBAQUAA4IBDwAwggEKAoIBAQCb8bJDYMUczSZ7c3PHR1OcmrGZLy9+Kcv8MI4IdzyCA14F9tZqHKxlTtEuzoHqRVvQR1jq/xTbS03tmgbCBaAF/SZTfXW/QiifXbN7zHgap2KKvGXBSqfEolfEn1XAJdMCqviI9/yM8I5ZYjIKLZuQxdTctzta2CVPprdY1gtCDwCRNOGQotfvFb0Tln/mz8zOyUbIoZq4l0/HeZLWBDDWasUpA1oXQuuU+CCkwNE5nh7wuTdeNGNk7CyWA6TNxK1v7v3nSxqHhdRxkFPdMa5+QWuLoK49KRWe8oKUwWvESyfaYVZdjMg3nmp5CZQHyRsBl6cGkTGl3FpakPoH2/EpAgMBAAGjgagwgaUwEgYDVR0TAQH/BAgwBgEB/wIBAzAOBgNVHQ8BAf8EBAMCAQYwEwYDVR0lBAwwCgYIKwYBBQUHAwkwNgYDVR0eAQH/BCwwKqAVMBOCEWR1bmRlcm1pZmZsaW4uY29toREwD4INYmFkdmVuZG9yLmNvbTAyBgNVHR8EKzApMCegJaAjhiFodHRwczovL2xvY2FsaG9zdDo4MDgxL2FwaS92MS9jcmwwDQYJKoZIhvcNAQELBQADggEBANilx551kFP5jFeYGXA1E6M2Q23Pmvswu3LizfUaMHMttkP6KrXyKcb2rnh9DimcRG7lgq1VlfIsJVyI0nMwTg9V2Myd01gkv+lGZzGBRs8pV9hDebamHatD/waX94Pv1ITJ6E4XO5CwZyEi37yQX5PU8LPv5y0DboJt085D5xbcCncF1TKIX84juF533+FJRED2EQO2+XMrBPIfWyX2oNearkZkIUr8rs6+Sq1KEXqfPMJzKrkpk04J/3HYedNlSkA1EAM6NI+atgfYYG62XA9ODymlh4NY7jfOYdV1zhttjZG5YztkrybwUPBl58ODlE1iL1lQu0EM8V+hoJcaDRs=', e'7Ma1jd3kVTAewI350b7DaNmZOhN20c8O5xi/nFA1anv7eSjSjKaKrMdt0wtPCVOhG4aGBucjsp54elj7niZnQWM/sz+2A4l67J8O+yfLV1y0fxvxzmkP/+473Z1wk4cm7H05rxNurebBp0xNNObXf+O14newn6Ih78pH3vfoJyC6bxu2ZAaamuMDA156w0tGREo+Um4b3HFLEa73CMvCsJSc7KuaVxVBNgC8FFn/0wsJQlJm6/0aLweAlXesN6vhCvtJNzdI4XBCDtNmR1ye5V2fc8Y+xeZMnZWggKYmRNX8+OQ+hgjsh/G0+bsF+XzML1W+3aWWLr5f7hrVuVNU/gvse6jaUxOlCXmK4TWmah/WvIQmVmE9DtvAQghtbE3yOaBapzsQfZHFrKXt0XIqiV6cPOZIz54ZuketxizaQ4tyefVlZztJ+XiCk0f81+m2v4oaAehiI/7IKZnbCS4GwE3kJxRJrCb0gn9yNj94RXmyvdGMGhwb0TgWkVxi7g8NKemlg0YSfqVs6UgNcW8pAEC4OcsK4KpIra/D7XCkL6CTdbpOQzypdCLCF48Zi9UUoHZPIRKEYauY4UcrtdfqgBz807agSOPJ5qLUL+Dc4mMEg8qP117KShJt0dsO/8kuJfYDBzh3gyI/Gu5WCECIyupkBAkrPwo0ps2MD96eaJJV5+JRePG06a4QM0aRtHaA8YXYjrNCed7MtTKewoi5UWUHZgG7TiA3cI8o3hZRPFEyCau+gH97OUHZ0bvSeoPchqdb2Pmp9xh4/nBoVW02ksrfVuJOkY8a1LULfEeqSstVMIJjLwC/Vr1RfXAuO9U9hKfFe+dPSapusZYlrCYIBCuhSK9enrWutYsni+J+Sk2LjAvzFb32l5iItHpN6vkBKo+F5UZKPLTAOU6HC4vKhBf0grlXPEyFvSSXstyj035P6h/yXm9f1G8X/KRv5E/R56aJC+tUe2UKPvvn9UNBVR7sqTGhsCVKOkT2z+oB8hTEZ69OQWHJjuvTi0madJvtTj9Q4FmVvEyOqrMU8eyQFuq1O0xJ+1L3RNI7961kfnVJQmhjib0kSWeNZdAbO/ZxRL8xkPC3YEkntQyNpmDeBIeEf7aabDVNPu/y/S8CgxkPA6bnnS/yfp4a6SAw6B8r1kz6bA0IOaI04yFnCMb3y/KIU/FUxkAzgoVHBsFqAhSWkdJRXFt7K2Z/NdfIYzYedfae3SxNyg6xl2+9S01N6FJHYmmBdya8JnMacbnM3/jJDiWoy7kA4EXXD68ecEbyVo6geVCTxhwLiPQIPsAI8+rPh37Yu3iX2mMNMenTXjCR5feJwTHQGs/hYd6sHyoOfkXWHLHn3Imv931nweXCbNeZFi//sZFckUZeKZs7/eBDz1j3v7KyQgf7f34X42fx+kOxQWF6cXjv/YXKxStfQskJW6ZOXyvwu7XRyZXCH3/9mXjgmltU7VVi8VM9r8eYT0ajnOfCnKEpiIxbFTl2b2JSrSlii4NdSOKA6X6susDCBz3M1wwNvblxykvxKC3fT4EYXJfU3od5tg+tFX/gd5LbrqOuT2bWIGZ40Ua678nxyQaX6EY5Ry9+M7dJLQNiN27276HATALQSQ7t477J0nC+ia26UrpzJgTsMI3M5MZR51qkGC+sEwo1SN+FztGV', true, 3, '370112094760346004611479035241175066770113980319', 'd6e28a9d-354c-431c-8912-8c78b3b23a39'),
    ('196501676397237473063314034441634861321815843850', 'CN=Dunder Mifflin Root CA,OU=Headquarters,O=Dunder Mifflin,L=Scranton,ST=Pennsylvania,C=US', 'CN=Scranton Branch Intermediate CA,OU=Scranton Branch,O=Dunder Mifflin,L=Scranton,ST=Pennsylvania,C=US', '2025-05-01 00:00:00.000000 +00:00', '2030-05-01 00:00:00.000000 +00:00', 'MIIEBjCCAu6gAwIBAgIUImtwnlSFBKxIL9OKYoLdG+775AowDQYJKoZIhvcNAQELBQAwgYgxCzAJBgNVBAYTAlVTMRUwEwYDVQQIDAxQZW5uc3lsdmFuaWExETAPBgNVBAcMCFNjcmFudG9uMRcwFQYDVQQKDA5EdW5kZXIgTWlmZmxpbjEVMBMGA1UECwwMSGVhZHF1YXJ0ZXJzMR8wHQYDVQQDDBZEdW5kZXIgTWlmZmxpbiBSb290IENBMB4XDTI1MDUwMTAwMDAwMFoXDTMwMDUwMTAwMDAwMFowgZQxCzAJBgNVBAYTAlVTMRUwEwYDVQQIDAxQZW5uc3lsdmFuaWExETAPBgNVBAcMCFNjcmFudG9uMRcwFQYDVQQKDA5EdW5kZXIgTWlmZmxpbjEYMBYGA1UECwwPU2NyYW50b24gQnJhbmNoMSgwJgYDVQQDDB9TY3JhbnRvbiBCcmFuY2ggSW50ZXJtZWRpYXRlIENBMIIBIjANBgkqhkiG9w0BAQEFAAOCAQ8AMIIBCgKCAQEAoR9RHZZPTCo2rOcFdzhf61taRaSQi4HtWexYvkieFVx4JZCVeMWUyZpizjO8edl2P9lW+DBaBjeuIbp9NIsDa6WZc/e3Zmfq99S8v4TptAi3odIP2ISCjpDisyYGYsulD38CEymMqbefrx+fwdN+uWG7jrg9tXk3nQs0lklPzHpg9/2YBV1c6qSCyWuvyBpSh3cBBP98hJT9qDGtmz6IIHr6K91Ceanue8JzYqVlpRN0yzBYK6oZyV4Okj4ytzSdhSiDxLPKkjhqYYxvwz7wUjLxnCBDKTTiGvYjGgYFQzku0MBL0Q6E5Fs4K/GZrQoJ/WbDZWdUWEuVOBa6cqh7kQIDAQABo1owWDASBgNVHRMBAf8ECDAGAQH/AgECMA4GA1UdDwEB/wQEAwICBDAyBgNVHR8EKzApMCegJaAjhiFodHRwczovL2xvY2FsaG9zdDo4MDgxL2FwaS92MS9jcmwwDQYJKoZIhvcNAQELBQADggEBALNQV1XeAgzJEdFdsgZpspJPYIwF1l0b52LkKhso6gEPMRPi1eUWO46ZeC7HkIbVDSYinqCOMDxX8JADITx0Xmb5+1YvgA7vNh3CTP7ZC/fBKqCc4bYh1HSsAGlWqQs6lNKIKeXHCmk3YPZO1H+0YqCoA+GyE73rNkiCD5DZZ7h+eVZO+mhMNjRiBQBYZpBXshirL+aBU8JUKR/5PjfneFpcqQ0o8NZ9cRrQ717+BNpknOzfSKuJSf+nOdjdvGbNS+Uc0gER75tbL5lumwUyhisK/v8JnTy7iSu7lJJAFBLWQ5a/WGjV70PWCLj8zqqNvEgJVh6/OCsikPLUG8YlNWs=', e'qJwb3+G+KNeOoyCO2vH/k3fM8xl7SlyF0QwElPI+JRx8CQKYjLxJYk8vUY4mE09p/pdPpk/geBAoD6WMgu7hASCV/zhvLmdM0KNTZ7giQZbt9daJIlQvgyJ+oxujCjrwJn7ENJJHI/NMY1Q98UOYd8/Q3V5jECpW4qsb1yekopZelw+uU0FKsFnuszfCEie23TScowoYr5T4nJmWlFD6ZTPom1RXUGesp7Ir686nQsSdEBoNV3S6tXREf16Sn3A179dK2ipT2T/cmzLBRMzKZLbB9y+O+8q1kyHhI0OP3Y9UCGDLxn8uSR/X7CgkIRvpPLvsDvtroT7RHQJdiU91PiQ2LAQ4s7BaZUHrbgY32/zSMNFlPWoeOS4KlWZiKtWYc/cp2t1KvwpU6brapy4EKF46Z6y0BiBxyx4OwNHpa9N3/PtCsBodDYom4SoETtEVxTK7/byhfBR/d+ZshSMFsXAi0sDeBj4k7N2SGYy67mjIrE46irZ3TXgGT7e+3OgdRXI8m8tOivD2l2Xr6L+Z1s4/VyyI2C7spjUHhjmKIAvNlAsoYsTadLpWwt8UL+ON5h8WjtbDkoCu/+1CL4kM1Sg71GF5ie1rReLvolsKQ8twuHYTBTVKfg1SraXxgyV2SgshEi/Om++O+ys9ATAIZ25kGtOQdzxyjnKz+q+igdPoub87o1r6HM/SZuMCD6JU2dGi/uZoPq/No4Ov92Zg+Z6YR0kj5NT7r9sbWn3Kk7Y5VfNRltGbTm9kK4nfWQnaRc6hpXCu9KQdX316iiPVtaNtU/ab/T4YPNPlooB8Ze8yw5i2A5SpaT4OkTI9VSfEhQEBdebMKyokSJOwXBc0ZsbkOAFjIHzLk7KzOlclbB4QWs6hEQsxvrJXgSjJOjbCI9C5sJvXzd7O8wsHgbLI8Su4J26pO7KChYx8CY/41OHCpNHYXyOb6Fpmhoo/iX9v/v+rNCOVBVlBel1ofu2z16WkUsM1sLofcn9oyfZ5QkrCToHpUioztx/We+k+7bTIiDqJdv/lrkXKG0D17TtPwx4CJgfMKMhitBFLNChMxUWwEpVYstp6Tg/cMhhJ6Cca0m5z3rgY6hpkNmIL4pEGqr9X/hCEA0vUL1B/aXDxIkTkHlq8Uc3bm2jcvbO536Hhtqaw4ZAMnuli78pw60iBROdmR1NnzYELS3MqLrJvSXBEG9paIHvcf6vzT9SmEVliYFmnFzpePfuCk1qPN1VK2l26XwlzPDFq0PP4lNv5BncpDBL5MCeP8Ar3ZPJeESmT3hjswaadiDjks8NA0XaDQwyoXf+RTYl3E4yOUDA5ANIZ2jKh1TixxaI5mRzcXy/AskfOb4CfADfURgj71DQPX5QDfk8HsYXiSKsxcehgclZR4Gva0GrDURGFVUz5s9oCV5CTUp3m6m6+o5oabh4vsFab6/T2g36h+mmoCC3EcQhXVq7GE0aSHRDDUOaLmF+6YaVAhspuDOoQkWq78AeUAJ9qyLQYQOeWhqoshwe6xxU0yXoebwe3Jere2LUFAxZxZnrqa+ru7Vz+vDFBH74akyijG9RVP0VpG3VMPcURjuaWI9PcJ6qgwVQlqOc0T8wWkQnBg1yvJ1kIllCR6vOM8OQn/5asi+kCm+J7rQ651+hwWCUPJU9EPooVB/ngTm6n', true, 2, '370112094760346004611479035241175066770113980319', 'd6e28a9d-354c-431c-8912-8c78b3b23a39'),
    ('517612471375997980282211116155521942288814731959', 'CN=Dunder Mifflin Root CA,OU=Headquarters,O=Dunder Mifflin,L=Scranton,ST=Pennsylvania,C=US', 'CN=Stamford Branch Intermediate CA,OU=Stamford Branch,O=Dunder Mifflin,L=Stamford,ST=Connecticut,C=US', '2025-06-01 00:00:00.000000 +00:00', '2030-06-01 00:00:00.000000 +00:00', 'MIIEJDCCAwygAwIBAgIUWqqLxAtLjMzlgxKq3oB/wIsacrcwDQYJKoZIhvcNAQELBQAwgYgxCzAJBgNVBAYTAlVTMRUwEwYDVQQIDAxQZW5uc3lsdmFuaWExETAPBgNVBAcMCFNjcmFudG9uMRcwFQYDVQQKDA5EdW5kZXIgTWlmZmxpbjEVMBMGA1UECwwMSGVhZHF1YXJ0ZXJzMR8wHQYDVQQDDBZEdW5kZXIgTWlmZmxpbiBSb290IENBMB4XDTI1MDYwMTAwMDAwMFoXDTMwMDYwMTAwMDAwMFowgZMxCzAJBgNVBAYTAlVTMRQwEgYDVQQIDAtDb25uZWN0aWN1dDERMA8GA1UEBwwIU3RhbWZvcmQxFzAVBgNVBAoMDkR1bmRlciBNaWZmbGluMRgwFgYDVQQLDA9TdGFtZm9yZCBCcmFuY2gxKDAmBgNVBAMMH1N0YW1mb3JkIEJyYW5jaCBJbnRlcm1lZGlhdGUgQ0EwggEiMA0GCSqGSIb3DQEBAQUAA4IBDwAwggEKAoIBAQCyS3H3AZJGsSu7k2TLawjYzu63b1uvGJ7Q408lfuWtOESpT19LVbuNvz5V2H6cqnPyTuVfAnSBZ8wA6eM6SYMEqn6hVF3T/A8DU9G3nj4duIwmr1s8+gsAGJECZQSC1gAWsYshb3dfHak02F+FqQTPR97B9SPP5TAKEsgea5Xr+jkYfIox4ldHghWg/qW3C4pdqY13ARExEwpz3zhNSvxTQIROSCTpSq48RTKIal4kdPKMP/qIXQSJ70PP++tuAY/qxAG/+6u/taaxc9Wo3kUHwwYEwNLy4aEQyuBGhHCHvHOooaRmg4swP8oyC+ulMA/KIYkvH3gO6rk+R3aAlmJ9AgMBAAGjeTB3MBIGA1UdEwEB/wQIMAYBAf8CAQEwDgYDVR0PAQH/BAQDAgIEMB0GA1UdJQQWMBQGCCsGAQUFBwMIBggrBgEFBQcDCTAyBgNVHR8EKzApMCegJaAjhiFodHRwczovL2xvY2FsaG9zdDo4MDgxL2FwaS92MS9jcmwwDQYJKoZIhvcNAQELBQADggEBAKO0uhvqXqUIkzQ5DYE5IRx0Uxk1JncGfXTMdItjKtlacm1Romzo9Yn3CwccLuCSLc6uawounYqyDfr1JYZYdg6OQxQKChy/3yyBxk5BKHO/E6ZC9fvha28Omd4XhL3dD5qaWdQtPR2eGgV+m7+4xcARJ6MgS0OHbBM8zIlItBYE83/kCoxcP8V97aRfw1lWRSigTn7w9sAspmMNc/0oDrr6usoXJNgDH/oulNRD5QA64w4Lx/0M+sLisGDy9nHn1ZFlTE8QwzdmmdSBHIk8pYmDww7G84H+XkBholmIeVk1hD2NwpmvuuidDoFvNcg2s4nOhrGwBkT30HLfYmSfmDo=', e'Op21k5Whd+ufNGTdzHyagq7CtPdzcAhDnn67xCTiJhF+MG9lNsaXe+LUmBqdzrn7P31oL6p7ppErHVevsDqfgBmLTngulnskdem4Yg2iV9SqFVClxck+TDDsOJgW4S1l6qS7ulSl63iHu1LpmzGSaet36iPW/7gd9Q2n6eePM4oHfeGmDqOV5ZvkDpEwmjqtvTXDZTOzaYi1PjWR7jLKu1q04+tD7RpXE2AQUMEIf78mJq2QVY5P3CWFQhb42Y4mmqt/AQ6AlWBWc6XB71uBSF2bXxYEUcG4ggLHbLI+BtDRcpyI/fwkHO7TrlSMtx6DNjl1gk+iGS1Rb6JcU4E9PiPlttkcB+ATAvSKvsUXx9fTByPd+Z+iBvHcUDEXcXtvXUq1bJcB0f1yfDyn1Cll7Z2ljnRR01YAF3s2sKkEJKbabhuu/Z8oxObeoQoXRWGU41Zz/tNxUpsvwBG3yqDCJPxXn3AyIrFKeI3BwTFwrvAnIz0JNYkEbHIQq+PrDn19RnwdtAo/BW9qZqgBelll0U8KixVIRulph8QsoIg2dCOeZtj+F0f6Xjv7P+eTzgbhhie2b862inJ90+r2E4WVyh3zUigyCqotorL7ENwtgbAqAWAGC9n2GIFf+JGvImZgBv7OqLPpecKgFjayfpx08Nfp6TLiBixe8ul5RiPqD4fsgTInJIMsWNFz8G56j3x64DftYqZNFpRsnntnsEdf9ygflpZUqWxcAec1Iva0sYPvcfuxBbnzCrTh6eZnLKYqDylfBmMbuCh9EFCYtbOvGeLOw+L+AqgYJSJe07ZiuIGqqwxJy0npRhDvmp/XLUO47itweaZHqg9DHMDXcDeGbv+1tjQz4K6GOWP65fwLXA0DIGjqqSlssQ8teCFU1UPCcEbha8Jd51QAdApnrJiDeNH+/70jMokj6v7NogbU1bRKndYYQFPXXEK1TGTn0tOjAO6RG93i4yIKp4MB0oDmOwgXHArzsY4eQXHDB2lTUIZPi922eH/LKyCAVkeNidkGeRdYQlIXz9lTcwKPQYsCICT0Kh998T1zglNqu0Jk6MIa5Jzp422jR3UDQqo85lMjDprcbZcDF3VC+IUnOaN91B2yn6A+ZOKeQa1GMfK7goNNgRlk8LDtVdhVpJZCnaT98M1P+oAXXBF2kxbH0ytHS9AKgB7cqrovJGMkLuYm1HNE3XX+sRKxdMSZlUSudbalKSUU9OQ6YnM0ATLLjDpbXQpHZBrdAR2bRHAwORvOUjEABQIjdsAPHUUKNfC9F1N/PFFPy5PPizDuGqwteyBOq6syDCyhwE22mbC650WOB+1HQWz2gMyn7XaGXkmcCf6vGyt0U3oZ+0R1ZHX7CGcNGqFt5um7aSknmYP+N39n55JpcPEpOAQryCzccn7F6HI5GsozfssdvdNTJXaSJ7fATNxk3Cci1WsThfj+J13o/Ej+S6byDesw0hyd8nBF4fHvlLYyfhV3dT1OUJ6/b/bMjc7uiuGetZ3hteuOUrbSktvuWxqHGFyyrIVN2hJIYLTgbbMcRagop9Ke5EzwTKxKRn0NMmfu3ASiKR1fbcy/KyNYmDHnj5kcAqjIsUPTH4BvejLuuPBI0BmFpYdSzFZiVBKgm0yvvgcwAVqorYLyk/7bCz/ljqxrIHEBaHOuIQkf', true, 1, '370112094760346004611479035241175066770113980319', 'd6e28a9d-354c-431c-8912-8c78b3b23a39'),
    ('716778013001004961396382209864982186458468595788', 'CN=Schrute Farms Root CA,OU=Beets & B&B,O=Schrute Farms,L=Cicero,ST=Pennsylvania,C=US', 'CN=Schrute Farms Sales Intermediate CA,OU=Sales,O=Schrute Farms,L=Scranton,ST=Pennsylvania,C=US', '2025-07-01 00:00:00.000000 +00:00', '2030-07-01 00:00:00.000000 +00:00', 'MIIEGTCCAwGgAwIBAgIUfY1wDrDV4+fUre9qhzsHIGBYOEwwDQYJKoZIhvcNAQELBQAwgYMxCzAJBgNVBAYTAlVTMRUwEwYDVQQIDAxQZW5uc3lsdmFuaWExDzANBgNVBAcMBkNpY2VybzEWMBQGA1UECgwNU2NocnV0ZSBGYXJtczEUMBIGA1UECwwLQmVldHMgJiBCJkIxHjAcBgNVBAMMFVNjaHJ1dGUgRmFybXMgUm9vdCBDQTAeFw0yNTA3MDEwMDAwMDBaFw0zMDA3MDEwMDAwMDBaMIGNMQswCQYDVQQGEwJVUzEVMBMGA1UECAwMUGVubnN5bHZhbmlhMREwDwYDVQQHDAhTY3JhbnRvbjEWMBQGA1UECgwNU2NocnV0ZSBGYXJtczEOMAwGA1UECwwFU2FsZXMxLDAqBgNVBAMMI1NjaHJ1dGUgRmFybXMgU2FsZXMgSW50ZXJtZWRpYXRlIENBMIIBIjANBgkqhkiG9w0BAQEFAAOCAQ8AMIIBCgKCAQEAyYwyw6lRE5FjIaiH3ExtTso7GqVN4UGoBfjtaWnWBzLTRtC9onFuPxYYIGQgc+s9cmIUef0HS0TFpSHg0Z6LQGQ3WnpT2grznUS3lPZ0G+/maI9mZNpsEMA49B275KvMXNYV+x06ACCzDVz+rJduI/0kC2arhliwqy78kPJTK0ltRgcymm66E7SgcD8/9+DRumIUkh0zGWrv6Vz9X0QnOwuuGj9RZhYFfy/xKF689nMiPLgxwpusBU7jwyZ6tUWU5w3aVv+L1e5f/Ui2Kpg8uGuNo6qR/p4IaJ2keijKiTlYH2H91lpIFfgkYVGPLxrCz2zNHmDO0UDpWDF1A5aoBwIDAQABo3kwdzASBgNVHRMBAf8ECDAGAQH/AgEBMA4GA1UdDwEB/wQEAwICBDAdBgNVHSUEFjAUBggrBgEFBQcDBgYIKwYBBQUHAwcwMgYDVR0fBCswKTAnoCWgI4YhaHR0cHM6Ly9sb2NhbGhvc3Q6ODA4MS9hcGkvdjEvY3JsMA0GCSqGSIb3DQEBCwUAA4IBAQBf/XDJzQBL8wWaUfjBEc9o+w7w+keDcAzSEbOwMY5cnmSI2rSbWPfxCOtStCuTGP/OVupCnEbeVy9YP3+A92453AQr3rtRERctOTwdfdmMrvqjr6QGPQkxMJt4oVjk3xUe6R/GWL0dJwL6gMi77BCukXK6yEk7OHVVEK5K7oEsA9p+Y7cwTMFpjaiAbNgTCRyYcJu4vJ+jjHF2EXD33MrseOpwB4Zlhug2Qd8LmoGgS2ngzZDgFo5XOBLJ+Cm2MbDHtvv+IyEqiNM5L1Mw0F5E8SHxZz45YyP/Xu+xkBEXnMt9HiaByMyAIAGEw5NgcNpkL/UCxuGRBusDLt1ivBuV', e'y5vHWr8JgZNURfR7lAPiIyq7B32g1yKFoJzoMdzYlBV5Z9KT1AAlvVRHKHyJ66HWdfe8yvRLcc816dLnJvUC8d+CShnGlkb5bfS4sAzVXGVJNEeX6AOiNl/ebrC9u4FG87ZMSSKv8E5uqeA74wHbCrKBgtXjUuIaJQQC+NwiqcuQVUxDKiHXK51T+lz8YmW/Ju6QlQVzAyaJfP8NRr9xtGuLQOLmxGiIrIr2QPXQjU67jtJ38T9ueiKuywrC/iv4+U5XL0BQri3cH8gfd3rMZMIa5LParKGS35+cYOErgotXCuhYPEstMTcAikHT9bH0SKCxeMkVCAE54LEuOmRuoWj6OGtNrzdPX2L0/eVDQmKEg12vQPBuVHLdfWJF9JO8H4YJY+tKV+P/aECtYClTIlo+zTsiHBPnx2tYGGtUPxaEjn9kssIXy3+wJXabvc6Kaz3I2zmAFE3R6E3ikS02PFrEclfZHewPQlo/aobKgMa1WtTukZ8ydSixc8meByVJbZ1kqsk/VpjHnAQ/XsG0CnEqf91PSt2JddTLS9GBYWRjzLcMgUKcIFJuqCUJtC3/fqXbGpiOSU/ByF66pUpbEc2Yb34DOYAx8DWeQWs0kiCX8YepBHr8vG4auKY0d3t9XKAAxKWOD1yEbZjuQ7E27uEH3nkHbs/BrGraaL8fd0ObM6Ss2A9s8IlJOQs+2Y1xMm4bLhazxiQUT/Q7O6d7ia19GjXN4htrEKgSGHa1Evl2qiE7mR8hrjezKRGCQekgVSfNrzNZKgkBwsgBNf4KckYzIs86v0P8Z4vhwO/R1MtshXKKbTp7sqBp5Yz8TQQ80K2tjlhMXZpJOd9ZJaxT9aRgAkJPmlO5/kyDk76OM3+/wS58KEkhZbNb/6OL7/Pv5ExCsj7YD4Tq8Ps3RJ1m1BVdI0qPLfnP3y/H1AWmRb0sYInLpR2lScODZ8yMCVe0rMmL3OeQk1DoCosgTU8LHHsAgdGKJb0vX9gf/8DLm20LPagiV2hO0yw6iX5+jmT57AnYd7xN6dt7QdzzYasIW8Mhu1FROAv4aOHpaES2BITZeo/O1sp2ixRwOzZrSxmipDTvth6VilA0A8qYhUhgTph0AFkHt2verOU9wg0mYAUuCCv19FS6DMy8madyFF+afD3NdayT/frDRnW7SJu05m3hD/R1iIU3IYqBbynxE47KtjH6agA5J8L0G1tVZNqlwJ0rRTYlhZygPUs6SmXXdujs/QY1laOJcLaTizIRmDEc/ZHXYaFVkaasBY5Iq56svGA9vmddBR99UFXufOZd3n/xvI/c+OmNneRc19o5UqoIhlOC2Wu7p8iC8uWPGZXW3IIa1l10ivKmjXV9qzsfW52IU9kjlbs+PzeMpkdydm8bYFOQU9JKmADrCXFwpqCDy34oFhfg2KylWw2S87y7V4Sz7PyDH0mv80FF8GV7n8Z5eYvlIqW1dV1YkuUh4IFB8rbub1kPPlpDbPpyM0Z5oESSktS0FALknvoNdJUzSvQqYHeuJu8YscUtH/qWSFNzOzW1peqtB3VJJ0pGFAZA/8Jlj1BcQyStghO+5ehLm42krWxeEc2TqiYkUl32ZnNQxfkZLm2wPKG6HS+ZXBS5Uk0hvD4G1q1L3wo4AkiML6PSsU67E8GoSbfckwJP7foi', true, 1, '341632091890066209633998417451361368304922287299', '303704ce-e854-4fa4-9fb1-a397d3a46f91'),
    ('574351055954033762872259690937452193728698818096', 'CN=Dunder Mifflin Root CA,OU=Headquarters,O=Dunder Mifflin,L=Scranton,ST=Pennsylvania,C=US', 'CN=Dunder Mifflin IT Intermediate CA,OU=IT,O=Dunder Mifflin,L=Scranton,ST=Pennsylvania,C=US', '2025-08-01 00:00:00.000000 +00:00', '2033-08-01 00:00:00.000000 +00:00', 'MIIEGjCCAwKgAwIBAgIUZJrKxiguPkZYEEtSmrdZO0QEnjAwDQYJKoZIhvcNAQELBQAwgYgxCzAJBgNVBAYTAlVTMRUwEwYDVQQIDAxQZW5uc3lsdmFuaWExETAPBgNVBAcMCFNjcmFudG9uMRcwFQYDVQQKDA5EdW5kZXIgTWlmZmxpbjEVMBMGA1UECwwMSGVhZHF1YXJ0ZXJzMR8wHQYDVQQDDBZEdW5kZXIgTWlmZmxpbiBSb290IENBMB4XDTI1MDgwMTAwMDAwMFoXDTMzMDgwMTAwMDAwMFowgYkxCzAJBgNVBAYTAlVTMRUwEwYDVQQIDAxQZW5uc3lsdmFuaWExETAPBgNVBAcMCFNjcmFudG9uMRcwFQYDVQQKDA5EdW5kZXIgTWlmZmxpbjELMAkGA1UECwwCSVQxKjAoBgNVBAMMIUR1bmRlciBNaWZmbGluIElUIEludGVybWVkaWF0ZSBDQTCCASIwDQYJKoZIhvcNAQEBBQADggEPADCCAQoCggEBALxNcd16dOZ4GDXGaVCMtUjjxSWHBDK9UWFw88jNo+CBH8YTjmMMQhYnZvermZL88QgucHNi+zcvxYd1WzTsRqi1IIVm8unhm0syNWMMNsIPtxj8aD8BXQh+T1Wez/8Ur0wdbP85vmMlMohZ0K/sdu7nHDVPpxB5vcYmA3ezfdpCBCorBJbFWwp7lkin6j3e+GK1d2OBBF+e6WbigH/M/FzmRJtGg0Ya3OBq1suWnPgeriEJ1EZIZzDECVFcn9w8rn74bmurUDX8L93fzjHqt/SD0JwmAqszHV5OQud7PIil8JESXhHVKzjCR247I39Kg07g77aO5dJkzngFRXU9pzECAwEAAaN5MHcwEgYDVR0TAQH/BAgwBgEB/wIBAjAOBgNVHQ8BAf8EBAMCAQYwHQYDVR0lBBYwFAYIKwYBBQUHAwkGCCsGAQUFBwMIMDIGA1UdHwQrMCkwJ6AloCOGIWh0dHBzOi8vbG9jYWxob3N0OjgwODEvYXBpL3YxL2NybDANBgkqhkiG9w0BAQsFAAOCAQEA2xQxIZvqS3RefDi+8WDBakfst/yZF5TSarN4u2z9EtOT7krpC4GoMk4t0uLVSvn0bQ9s4gLq5E5hL2p6DacnyuXYvtFtaKX5IpL6Qecemz1SLQIKQnHnYacniL2t+ZbrLxdSFDCLc+eFjMkJw5GGfqsg1P8USrrJqWtFpcckteKXKXsRBQnOofgQViVQm+9Pc69MXPVxv10ccZ/uYee/8MO+Dh6IQ13cWCUCShFpgaf2+060NiKRVnbwKOtyGHpWjCRxf2UpSG0NE8+GN+UlpOkgKOwIowgniLR/nSWlXU/AimEC7vddTjpg/YlqgyC6B5hc5QiP3D6q/KsnbUsCeQ==', e'ti2pUwAJwPLtgRP83Z+K9E5JNIakpzc/HEdw3UpZzgD41hut3MLymQP6IWK4S5XzmoR/HxeU2SglJ9YPDir93hmhGYNKJjgtkXwTs8OPos3stAT0MdH1d3uHIqCGXZsSuCYg6lZ7z/OdMZPXOlYcnXsscPlf3bA3qtZeKgopXvJrLLKhUVpcbqlrTO0K+MpS8JK5vqgYqzi6xDuIRMQTJkYrSR/1aSBhy2Ys5W+mUdyYzXlTLdfGL6DJIhbgZ9xdiSfMro6siWU4cE5wGcj6X9+hXRu0+PsdSnWyk4VhrtjCSZasOj3wwIkk4/gJht3suiB79BWA41X1NJEi4ljQOluovxZ/WpPhAp7tR+SyI+/A/VAeC+NlKGK06prR/GuSUvkcgvO2ZeNI+XrpC8scB03s9Qo5KXoLTEcWVdvkhp2m5ePOwoGT2whFgsFEu1KlRVEM4/aSgp9mnDddbWk2Fa/wvk/JQ4tl4xYtfLOmhx0eesEkfXdQNTNl8MRS0YYkZRetnejru8kYJHWLCL8UCbgPezGish6QcXd3D1hPNjfcfh7MwxD+YVVGsoPu4Y3UYfKBd55Y40LNuIHQNc1PScJuKr7mXQFl7W58H705K53jTQbJC92WchnDov85dcOjfomdbINAVi3pWUnZyfS20a0/gzsAPoAg2kt+380/Porse+qGarmOOyebGVHz8asZek5VmhPm3qFS0/v8GCdVlUzQDF8LwJKb1tuDdfn9DHmPpOk/+nsSuf1EZHkxDcaUrFxpcn/MmFcELAkT0ah4D1uS9BxRGdpTWTna1KZvtAyj7G/+lEQvlyRfcXGYTHkPwCii/xdicUjS0oqDeL0IYWGsxSm6KcnttT5TcAmOiFGlL9hHv0VOSY/uKLDKEk1SYmI0nYYjPFbacqDoVCujRWfqb8fNRtwUJhQXgjWv/y+6EGiOzfs3LNxMDvmVlEqKnKNmd3LpH1WzAaXAiOnjR13Q7r7V0g0wUwepxAB/QXfaHHKHrHRGYU3PLQ9BW93B+97yJ7xPi+OW05vTEkBEdD5QmTC/8IAoAw+lVDc+y7TwkAdFmaJWvBbT+bxLaEWqmfsnFR8iDb1DAdRDcmkSSaZSvI7x7c1dwG7LaHHlrff2JsYrTpHMkNjcvLg2DgLyeqjcaYBaP+kF/ZwPM+cqq2Zlm3aA2AaFl9mGCwWmLPqobI9x9BiXmzhL9W4suWL87ZBuOXWKheuIrdIof+r+j4VJCcBLeGBGZwMu2K1Ig7P919LqDGGuMsTinTtpgdqUrvm7vy3nRqNngevzOrcJtWTgIGAjYuI+HIjX0eOVfRTi3WS1VGvsq+2xspiwcvElymJBTHxpftMVdkoSgu2qoJhsspMoYGWis7EpCFEnMhtNL0kF3OnO3vg0kqmCxXO4GZ26zvE1RvR5BFcyoFMf/1M/Vwu000B6W9jIFTVsu025vv85W8dVio+el784kvZfOGhA8lKjxFiu6xs/aEytnDbEC+15k0Hz0zf08BxX9i7cUHqIwhqOv7S3otcN0iBNwoYbZ+ErIcfm0zqjguAdyUOj7ckcVAJ9gUC8kgrDRNAj+AKiYsBGmSqXezzDe8bbeIISzuN3NyTajmKsciWM4jEpZ3TXENrJZ0AIRj+5Sa9ItwDhe4azE5hf7KwQkKnA', true, 2, '370112094760346004611479035241175066770113980319', 'd6e28a9d-354c-431c-8912-8c78b3b23a39'),
    ('699283637435553917935358825456372806716864371071', 'CN=Dunder Mifflin Root CA,OU=Headquarters,O=Dunder Mifflin,L=Scranton,ST=Pennsylvania,C=US', 'CN=Dunder Mifflin HR Intermediate CA,OU=Human Resources,O=Dunder Mifflin,L=Scranton,ST=Pennsylvania,C=US', '2025-09-01 00:00:00.000000 +00:00', '2031-09-01 00:00:00.000000 +00:00', 'MIIECDCCAvCgAwIBAgIUenz2eZHkCSFVLXANNrEwjDJUmX8wDQYJKoZIhvcNAQELBQAwgYgxCzAJBgNVBAYTAlVTMRUwEwYDVQQIDAxQZW5uc3lsdmFuaWExETAPBgNVBAcMCFNjcmFudG9uMRcwFQYDVQQKDA5EdW5kZXIgTWlmZmxpbjEVMBMGA1UECwwMSGVhZHF1YXJ0ZXJzMR8wHQYDVQQDDBZEdW5kZXIgTWlmZmxpbiBSb290IENBMB4XDTI1MDkwMTAwMDAwMFoXDTMxMDkwMTAwMDAwMFowgZYxCzAJBgNVBAYTAlVTMRUwEwYDVQQIDAxQZW5uc3lsdmFuaWExETAPBgNVBAcMCFNjcmFudG9uMRcwFQYDVQQKDA5EdW5kZXIgTWlmZmxpbjEYMBYGA1UECwwPSHVtYW4gUmVzb3VyY2VzMSowKAYDVQQDDCFEdW5kZXIgTWlmZmxpbiBIUiBJbnRlcm1lZGlhdGUgQ0EwggEiMA0GCSqGSIb3DQEBAQUAA4IBDwAwggEKAoIBAQCzh87IatHgQuLjZjbTc8ZNfm51r925k0AzZm9wUL+pBoB4kSL0m0Pz0mieBLXCOy6EeVk+tV7Xn9YCtXu10yv8dVpDsoScZmphtXnvGj2FJDtFdn9wpaOZN3nSTEvyNZaC8SKSuFJikdz2UFwrAWgDqBfaH1T3DR63GPQ/fg5vXjiq28VpvjwSpqw436zGHaER9hgDWePinMXBK/PS70cdpGojKRnqUfeR9Yt20jp16GzCO9A8OdedYnDTLiqjxpzOShN3zYVJIAumTcugCUOxT7BX4DCH+K9IfirYIgWLCtVmhy6Xd2hy92ODT2TJ2uNXvqxTklPLoX8TwFYz3+b7AgMBAAGjWjBYMBIGA1UdEwEB/wQIMAYBAf8CAQEwDgYDVR0PAQH/BAQDAgIEMDIGA1UdHwQrMCkwJ6AloCOGIWh0dHBzOi8vbG9jYWxob3N0OjgwODEvYXBpL3YxL2NybDANBgkqhkiG9w0BAQsFAAOCAQEARoAlpyRNaUVDoFYQbxzS4Me2PHbokOiUu9mg1UXazTspJXdSKVmJ3F/PJteLM1Y31AeeCamawVSh1P9QWY7olag8+N5l35Bjm2S1cui0W7hZNxVLlkJ+dZhvYRznT6LzofpM7y/Ub1jaoTtBLyz+pkPlKzW9zfBo1mnyyYU64d/qH7+7aC1osGt/2afKbul7UPkK8c1dM4zYtkHdkRcJWFy9uTi5ttzLdMaX/IbyYcVnuO/iVkwN/Zqbqh7BHrpJqX8fl5vof46vu9yJ54Cwa0YDtzsGAEgK12yWH3zq8sby3FHkpBZLbl3bkv7XFDaDi1tFPZBQOTqmkoaZetzp5A==', e'cPbzn71/wR1gT0GmWjykojAipBg3kFZz34WvkAaJaHOuFTd3uYI1F41ZFfNtJ6ruQ6XxK1mv7oV/1LxFzqBSjSjmE+ubIfMXfa5wXBhruRehqx8dYtcgY/3Movs0u7Yha3XHXzKAVHrzwoT4WkoQEAy5GpfTwQdtcX6zCS7yxQWpmdBOLHfUysDxc5n/qH6A2JIrc1xj7vqQuTihd36AJ+8YyYIX0hWGNq309q8n+0X8saKJLh75+Lc9cH6aicIZv1nuU6quP9VmoMGpxz022vmeIFqiDOGGyjnUY+7g3gFeQQ+85GPV/zrpsIiiL++p2W0PNwVEcllzdrkzXUb5kcup4hZSrw1DjdKAyEYjAzFBZQTGIjEiUUDo0QBwaKabiXw9rpIPvGupUZ1RaZA+nc3gjMi2v9GjSimCs6nTlhdclIhnnx/VTegAzRhX/khMVmIG1Js9yhuJBO4YC201HA4vq0oINC1phLzDIrbxvUHjxZuxL4KaAFnrCfa8M9wirrfFNtp6eMuMbJKp89wPQbT2OtjECQJyeRJOUyHXagN+v+CTppqA8V9WIUFp4tPZqWXiq6UfyZcqX0edjlyPXYVqXqlz+5HcRoDAK+3CrKaCffojeHoARBDUdAlN3FBXPVWP1BWfnyR8sy35PDvjP8N/d6D6EtrH7lhbIrjYNDDX4YIhrSc/Z91v1rvpBoQfpJTrYAXRApVWK2ORXJmoKyIYdyclZzYpwD9maigtgUWdsPhaUKaV/qRoldMdwNjvhsHQAJkch722nE/zQsem/8VN2mP01rn7iEQZIM3EuSsynOc1P42YDkOZ9zsDVx/BEjZFltx3kVeafH5pTUMYj3PakRKY+f5QtjDhhTPbt3+NgBoJwiftfd0EqkpITeDgXH0b3GJtDKQlHxqwn7m3Gs1YPiY/tPUNBt+TI6C5lSZUorXGR3ReAEKhVVE0mjRf005cI180mOnf9P4OiIiOfoLsQXnNaXje/RFZWYG+N4rGvUFw2bWlFXokZYx87O3AYNXK1B6D9+5m/kwGfqNSay3d/18nU/0fMSCWE4HoEKIJESHuniF/Zgrqx/IHgKLv0rw23fLNzz1XD7HWLbde+qQdu12BqxVNO956wI62KGwsD+yqo5vaLMueYh+GfVTIRKcfbwppEhOmw2XZhqFY+x+LoCeFbJKPQIq8C4RkutLa8JrPJ1jDUAoNqSJLpJZRv4qnt0rYGeWMKaCMyDc98jNdM97UDZbIGQCZUAYZSp7bCgUQZUgcTsBdYfp9NVem5CGpOvjuiN3nSDRRRpK3yl9KSFBrj0anSLP45F2E8i4oeeRBtn8lxMxpwBgP/4GvhTvjG+Lk1Ytmc6j7MdS/eE0bQ0WGfrt4Zls+EiMjZD1NCiytTYaol4iyrZgUy1m0B9y0Td6m1pYrW4thQG/229dVPrUiOHqSakRGKBQjgJFh6vuwsliSFa3QkdFgRem07fU0FvVbCjNEq9oNeJ/HHmzWVRbT5nwZB4Lu0MhP5Stp7fUmhTzM/rg7lUs5aK9AHHWpEiW0ET6wzfHfpB2lpJ2CxUAxLmByh1bC+91uiUidMlPaHxjqroMT3lmgtrKzkSQHvyzCqMwipfQDThvSLB80CfMyvbRu2UtH/XMk1/Lb5/4kbQUWqEBsUzf3fjSB', true, 1, '370112094760346004611479035241175066770113980319', 'd6e28a9d-354c-431c-8912-8c78b3b23a39'),
    ('263990928525393040561020489097461009206452543540', 'CN=Dunder Mifflin Intermediate CA,OU=Corporate,O=Dunder Mifflin,L=Scranton,ST=Pennsylvania,C=US', 'CN=Temporary Project Intermediate CA,OU=Projects,O=Dunder Mifflin,L=Scranton,ST=Pennsylvania,C=US', '2025-10-01 00:00:00.000000 +00:00', '2027-10-01 00:00:00.000000 +00:00', 'MIIEGzCCAwOgAwIBAgIULj3DPN/0f1LvJBq7JJPRQ+1N4DQwDQYJKoZIhvcNAQELBQAwgY0xCzAJBgNVBAYTAlVTMRUwEwYDVQQIDAxQZW5uc3lsdmFuaWExETAPBgNVBAcMCFNjcmFudG9uMRcwFQYDVQQKDA5EdW5kZXIgTWlmZmxpbjESMBAGA1UECwwJQ29ycG9yYXRlMScwJQYDVQQDDB5EdW5kZXIgTWlmZmxpbiBJbnRlcm1lZGlhdGUgQ0EwHhcNMjUxMDAxMDAwMDAwWhcNMjcxMDAxMDAwMDAwWjCBjzELMAkGA1UEBhMCVVMxFTATBgNVBAgMDFBlbm5zeWx2YW5pYTERMA8GA1UEBwwIU2NyYW50b24xFzAVBgNVBAoMDkR1bmRlciBNaWZmbGluMREwDwYDVQQLDAhQcm9qZWN0czEqMCgGA1UEAwwhVGVtcG9yYXJ5IFByb2plY3QgSW50ZXJtZWRpYXRlIENBMIIBIjANBgkqhkiG9w0BAQEFAAOCAQ8AMIIBCgKCAQEAz8HU2thvB0DOSC3GeYtUp+OZM8SAQZxN03gP8h4+GHRAbH3Y24rfXH0T35pWLuc8aOBC3W1tVoGucJU24biuDjFcNKlTV7xR9XFDcxan/9o9PjGi0YhgJ+PH2W0hacgYmgw2CJ1zej0gzyQoF5Gh39f5qqleLrKAx7FqKUZQ9V9uk2zQj75BTiAKyXju4YxwyjhsXZA9tZ9ug5Ew7fmoK687VIN1k36NBSLF0Hd0EscUs0mkMW+jRuLJWKLPzMeV+DwDkm12LC0WvqAP5wa0npaT80fbuCRQB7d3bXYhQUHmn+NmZ6MHCYm+CNd0GokgsbdWaCWYDCOnTH9z2srY4wIDAQABo28wbTASBgNVHRMBAf8ECDAGAQH/AgEAMA4GA1UdDwEB/wQEAwICBDATBgNVHSUEDDAKBggrBgEFBQcDCjAyBgNVHR8EKzApMCegJaAjhiFodHRwczovL2xvY2FsaG9zdDo4MDgxL2FwaS92MS9jcmwwDQYJKoZIhvcNAQELBQADggEBAEy9bg1fBV3cwsfhb0/8/OXAUUiFBLZpBJfNDMbB6dVQEZ25d9FiMWhpv7Z/sJATZjBklio/a/Pe5oLMW9Bh/yFCwpWQVDNvgwOlbjX0O3UWIIt5vQOKehfUzGt+n8bolwcsr3dqfHsbPWkze6gcb54ufiMg35K0ebPPYKin9PSlXSS88TfV64TFcpFTDrKC9PBGl/frH1LKlHCGUJsRDk4QtpAA8M7ORnwuI6zfIMwGOdSDP0Jlm7aFqgH6pnxgXMXhzBrjSx+7TkDNvaPTwC3KTXadUAFAv7tHQPPSDU+P+QjUsa/M1myvBoZ7Rnt5gfO6Vx3XHA394DmCbDhKme8=', e'vFEzwv5YkV8GqbLmN4h9elipTWAG1UnMnjgen0jFfAPK6sjU3h/RkKwbsrIzpfEUKB2x3mY4cE1ONgE0DvCw91wldamphJLRs6axQzb6vMH0W41+NB+27QAvCJcpOvWOF7CceYu35p3cETLhhdNXX0MLi87ukZWV3XlQadvbOIEE3jzvkPJA/y8/8SSryW2vHofTDZniQR66Z19Q+beSIyiDLxZOTxW+6+rWTsQtUJqmWsOIG44QAqdCGkprksZFJX9mC774VuJbXwojvDlXYPKGOfrhWAi8guKna6qtmHUeqjozZrdSJPM7CTo2HwCdv88X/eN5otXaDAX9jxrjF4EM0hfsaEF54Ot75ZaLQ+PFMH3fB3a/TMClKGH8xp4Y5TYCiyKssfQZBdwHRXOOB1SohNrF1Jix0m81qU3KvXhfd6+vbRStitEHzIp5mjn5wcCJUTPT68pEQ00Xg5B5q9M3VRz0BEwR3e3MAiTDA8M1tfUiUH0DDyWqCwAxh/n6+84KL768qbctgA6tobfbd3zr4oUi36k0NhYwzNrD/XaJaG2sG3Hh0OpCJkTa2RAUVM5d6L5ELC+QbEUETGSxuRj+4XYkTnRfyw6Ek3CGGG+5lEsfluVoTr/aEvIa49n7WH8s8L1G7KY07EK9M01w15LSAUnErDdjY6w0vclHrZUhuS29ng27vJmE8PW0g+xNLFFmg5FQbJT5MipOKTW2w+46Kfu82+WvGcfRJ+fVZFvhJfbht91shU9uCV5MRugUZyKRTfkRmreZcktrnZmR6od+Ld3OoD0ejkpFofM7JD22orRXFVWjAjayeKYdPQFGW9AKyJI3+W0dJ/eyalzyM/1LMsuB7s1GbB0TGBcPbx58JvoK4fD3H3I7tqjihoT0hIpBH6KCxqhD56Nfx2EYvJE2jKRvBjmUBJd+m2yW7U/ycmK3Jf05IhYubu8kveFF4M5ml2yZWcbYc+fximsX7F0aZ/+HSlf7/VKDzWC+rGkmvPrNwxEJWiOPVsm9TPImnYQb2J5gFwDBhIgu/BKaqv6Tlr0Rg0zoKpEPFbPjxttBbKWDaIBKwO9CNp2Gdgk8brO+L/Mi3uD5zUCMy1vlcKjPcC+pwL2KjpomQnKMDvv8E9BBs2n2kdnuKXb8RFonB8HxVdQZpQKFzaZ7O34m72+iWYmYh7zFD7ORlJ8OvMyhCUV6NLJLn6cQ1Kkri5I9WPf91dxrWUZ1+6G/N4N1r3fIVFT1WWD5x0Bqpl664diTJ6Q0i2YTRMwDdy63QUliC9RbgUH61ez2g+sLu5el+QKZU7OgdQTTgDaUeipFRg/QJ6rU7q9EAH+h0xgNS6immolcjjx80NTq471mhi63tdCYvzi7L/xJJ+KZy74qh5h9LPwqGoSgGe9vOaL4MrvK45xljeMEkXSDOl4cSvGiVbJ/gR5iKOEPCVYCBCFI6ArSF+W3ZCRqPa7BYQPsfpCoVSAT7ooZe4fCxVqlAMzD8MtNdkD4Oi7tOkyRjE6a6V9PAjpix5oYho8G9/RInTvmGpmmfYt0Pi/i41dnQBqcTbBMlojCBO+frWg5PQXewb0KegOmqF38Tvy9fIknqjWJw7/yaHL7J8ZKHQFo9/NdcOAjdgoojsQGuBsjrQ4lSuaR9lrbYr9SS5kCVc0ZBw4h', true, 0, '207072179505823254148042333470934774606954093113', '3eda5494-d83e-49dc-aa7a-f15375b9f4b5'),
    ('343105307375749772618766893881545275749421357758', 'CN=Dunder Mifflin Root CA,OU=Headquarters,O=Dunder Mifflin,L=Scranton,ST=Pennsylvania,C=US', 'CN=Sales Intermediate Cross Signed,OU=Sales-Cross,O=Schrute Farms,L=Scranton,ST=Pennsylvania,C=US', '2025-11-01 00:00:00.000000 +00:00', '2030-11-01 00:00:00.000000 +00:00', 'MIIEATCCAumgAwIBAgIUPBlfxGSyUoHG11RyHOxVjyYpGr4wDQYJKoZIhvcNAQELBQAwgYgxCzAJBgNVBAYTAlVTMRUwEwYDVQQIDAxQZW5uc3lsdmFuaWExETAPBgNVBAcMCFNjcmFudG9uMRcwFQYDVQQKDA5EdW5kZXIgTWlmZmxpbjEVMBMGA1UECwwMSGVhZHF1YXJ0ZXJzMR8wHQYDVQQDDBZEdW5kZXIgTWlmZmxpbiBSb290IENBMB4XDTI1MTEwMTAwMDAwMFoXDTMwMTEwMTAwMDAwMFowgY8xCzAJBgNVBAYTAlVTMRUwEwYDVQQIDAxQZW5uc3lsdmFuaWExETAPBgNVBAcMCFNjcmFudG9uMRYwFAYDVQQKDA1TY2hydXRlIEZhcm1zMRQwEgYDVQQLDAtTYWxlcy1Dcm9zczEoMCYGA1UEAwwfU2FsZXMgSW50ZXJtZWRpYXRlIENyb3NzIFNpZ25lZDCCASIwDQYJKoZIhvcNAQEBBQADggEPADCCAQoCggEBANmlubApnFZ1Yw2gy5FVb8DGHVisOHWLhp5IXHS/IdGPpltdvNpsRxnOUtwTA5e1C1Pvtyvf9oiR5+UUsHHhh0mG+duOpl267guBP579Ajqyv9TdVGbrwkZKAgj/HN8ltSb+JAmo5g5RnkOgpXCrmOJte7y2ylQ/I4aH4bwFsGpdGjBJ4LMinphh+47rVcISE+6MNO9RbhqY4MVf+7mADLQQ7gcEDcjweKUEPRxfzunuAGbHdrBceCTT2gtTHyzbUkNqrJp7ihIxZGwRCaIFBTxOdCd6BFg7pW3sG2yGJChrvkevG8kZqiUAFf6tjWWAozIjOsFMYfqFadzKIY+QmTUCAwEAAaNaMFgwEgYDVR0TAQH/BAgwBgEB/wIBADAOBgNVHQ8BAf8EBAMCAgQwMgYDVR0fBCswKTAnoCWgI4YhaHR0cHM6Ly9sb2NhbGhvc3Q6ODA4MS9hcGkvdjEvY3JsMA0GCSqGSIb3DQEBCwUAA4IBAQAlTQ6VuyVkqzM7IAiQIk5rt2MJjTd6230X/400vDw8eLB8daaE99bXfxkUDt9H/wDyhP5k5n0Dw10r9xqyrW38/jgCf9Ce77koBiQmmQ4MWLV1X5a17VuIlkEzTn+jXiXAXEd/5OX+FV5upYCWOCqUm0+/HtdYCByTElFjqQF+Yrb/yk76sltUePBqtrRRMi/LMrxAF/0RHJ3V6Us5T5aCoAVzQZFAvunoF1XsxqQ67y0n1ooTd+DLsK9QyJE5WSwbONgDeG4dpa40sNKEVJnljxizqyZpyOqwexcIOMw5e9tVpfd/rFjYrwXcfnAezRhdS1HRvexNWR/zPKr/Ptvw', e'Ednp54uByvTfyb0QZFvtZtMByBkuvwvAd7dl+YmGY2wY2y48kqfC7pNxsWp5t7uQiNCCpt8QRwYEvly1vAhbtiQFRryESH6HFilpz2vroEKiiKBtRWiiLxyFkahgP5hUiX7ctCpEh5QRniNzYKjr4K9OwHib2kZcNQaRFc4XmzyRTFiomjQV/B7b8NWg5IYNJNoPgQq76xpWgLrgLzH55FPFWpdJwkK7ySNIos5Sx9d9wo1eF1ncVx+V1sf6P+BKk5MMJnn6dBlbDGNQfyCsJgNmDVLb6KJVJyMgQMu2a7Hqg8vORLuI2eEZRLZx192PdgkRsCovoWFL3lyKlHgf8MUI5dXTaFW0aKTfNjg3I+m2zJV6AdjFdJeuiZ7AUHtHlqzntrHsH0au6e3pjG74aVWC9dVgLguZnvceY3wEXnbfNB7+xdNc7d8+mEVyX+mqgXAifMGe3VAfBIYAfKQl8HPVr9ga6G0tYZiYavCLg4R03Vxcqbm6NdiLzDrE2x9JC/wBS4V8qhn2baMNR0jtKQ7qWd54w/tvpEhY2pzVeFeoR9vLodfIKqyNSCSnHuQEMs8EQFm5nTt0pORcJQgKoc0KSLFQPc/9rDj3Kv+Ai5Q1eZNMVhp8ooJCMG1i1j3e8gD+O8/gU36g3Po+0ZDBDE8/fP2shkKpf4UPRvgtuaA3ld6ZpxnrbUM6SEPoM1MeretuI0Vl6rz+aM/xUYtZyYKDXIkbVhDm30LsFI2wltEDg19cfUOkeJavfzZsU+R1YeDTVOCab/qZllA4z3upBR3PxA4Q1uNyGjQCcMQCfnYatirJy85uHCBe+srm/A2Bvaf8KAnF3XAru/rT9h3MsReEmPxtLsYGGh4Jxjts0SrwA1BiBNzYbB+4qFQjSq3XjxHlRNUuPodkgzoGlhqKHiC8Br2OLC3wg456nDkodUinbk3zoEkPA0hHP8iKjW1EDQ9UMBSVHvj0bOWt50pSz0TBbemrBXJNX4ovoyZYkjqYG0T2j94ARYClOoW62KTpPkhBZZ267+rgO/Z74R//u3x4+hisVoCALjZXDMTkXPiIjhOKjCifcpjWap8+kE4rTXh591Rphiub9d7xHxzGg6XPc08QlZUgKcDGoYo04XRiLsZlS3bA7OwQNBsLHISEU8F4XMe92wvR5FHRaKXJczW8qcnLK0wNam8HfbJplTqbmdsNXd29B8ekhpefq8er4zaTK57bfWKVzP4qhiWkAK33l9rNGauNwTXls742IDDAIr3WExwapJwjc40K7bvU9UYNAom+WmPOZcJ/F5nMxThXTYuwTt9LFYMzMexJxVhVCfaRY/qrrxoriRccHERL2eOCaa+Ch37PXSfvfWCn8Mw92JIVtdyd2gfpYaB+necsqTlrlCxlhnOyz2Vu8Rx1wzxH02B7n+siIz1MMQRODPKrJeaROjmstbahSFk/+Jpeat91COtWVJtZgsowhOeD06TurtEp3YUpr6YlN/gu1by03sUdXVJvUsSdTuT5Z7Vt5YiHQ2X/3TgYRSxbErdxYumnzm8rfL8amDnX/RCm0I4e3H3LwYLiFEU0vWD4XbawzPXYrMP6DzHGV7Ng9qDyrKqnZCQyP8HMPmxVyv5w+OsL8ehsCBtKW4JhqyZdtr1GjjxPaK5AwxIKQ6unXCp9', true, 0, '370112094760346004611479035241175066770113980319', 'd6e28a9d-354c-431c-8912-8c78b3b23a39'),
    ('67247433986376094063077790442198852862180345169', 'CN=Scranton Branch Intermediate CA,OU=Scranton Branch,O=Dunder Mifflin,L=Scranton,ST=Pennsylvania,C=US', 'CN=Michael Scott,OU=Regional Manager,O=Dunder Mifflin,L=Scranton,ST=Pennsylvania,C=US', '2025-09-20 00:00:00.000000 +00:00', '2026-09-20 00:00:00.000000 +00:00', 'MIIExDCCA6ygAwIBAgIUC8d6ruVMkABxDF7rzoE9te48RVEwDQYJKoZIhvcNAQELBQAwgZQxCzAJBgNVBAYTAlVTMRUwEwYDVQQIDAxQZW5uc3lsdmFuaWExETAPBgNVBAcMCFNjcmFudG9uMRcwFQYDVQQKDA5EdW5kZXIgTWlmZmxpbjEYMBYGA1UECwwPU2NyYW50b24gQnJhbmNoMSgwJgYDVQQDDB9TY3JhbnRvbiBCcmFuY2ggSW50ZXJtZWRpYXRlIENBMB4XDTI1MDkyMDAwMDAwMFoXDTI2MDkyMDAwMDAwMFowgYMxCzAJBgNVBAYTAlVTMRUwEwYDVQQIDAxQZW5uc3lsdmFuaWExETAPBgNVBAcMCFNjcmFudG9uMRcwFQYDVQQKDA5EdW5kZXIgTWlmZmxpbjEZMBcGA1UECwwQUmVnaW9uYWwgTWFuYWdlcjEWMBQGA1UEAwwNTWljaGFlbCBTY290dDCCASIwDQYJKoZIhvcNAQEBBQADggEPADCCAQoCggEBAJ0il2BzHUMXLO5I5SEqNb/FuyDFIMDk9GCOfGLFtPOoPnWtrnwTBmlUnz8bDLVoHpoI+wXtIh9sCYB4QiBnYjcBzRnujYTcCOk4BhJWDnvA7SASYZYBw4LGPwikmLs+mdy4w3a+3gkGWb0B3M+53P/35bqPhlUwlaxy/R0e7qm//FGJlnPrGTCOarKgQjARONU/kaLuk8Ht3PA8heMpVt2X+w2xQSiB2kYnrR40BgdogmAvOGlOze8rK+4thzPknMQxIla76cz3+X/vI8u7vmZhbtRQkWfFdu9W2zQRftshJgukzOdIb5huFVUghVkR75qLoTi3VmCWWFcnzBWEHp8CAwEAAaOCARswggEXMAwGA1UdEwEB/wQCMAAwDgYDVR0PAQH/BAQDAgWgMB0GA1UdJQQWMBQGCCsGAQUFBwMBBggrBgEFBQcDAjBFBgNVHREEPjA8ghltaWNoYWVsLmR1bmRlcm1pZmZsaW4uY29tgRltaWNoYWVsQGR1bmRlcm1pZmZsaW4uY29thwQKAAAFMCUGA1UdEgQeMByCGnNjcmFudG9uLmR1bmRlcm1pZmZsaW4uY29tMCMGA1UdHgEB/wQZMBegFTATghFkdW5kZXJtaWZmbGluLmNvbTARBgNVHSAECjAIMAYGBCoDBAUwMgYDVR0fBCswKTAnoCWgI4YhaHR0cHM6Ly9sb2NhbGhvc3Q6ODA4MS9hcGkvdjEvY3JsMA0GCSqGSIb3DQEBCwUAA4IBAQAqTVpbC79UjH/U7QDuOys5k7F4r6g0KHLXw2O1mwwSeDpR2ewNhAZjfuAaPRs3uCFAXL3asZy+Q4cFTc5twscZEqMjz3D1jQPPpbh9GQHcdHW69WQLRxt4O62W3phy24NahURHVaSsf/BA2RBKJXulaz8uf9aFfWUGBSosblmvev9OewECA4Sg0tqtL7/Jh4oR9URu8wEIPcfY+5mwCmeHTXsIu6ldX1D+mK3zu8o/mPs8CH2jo4b53ab06H99Omsgju15DE9rfewzm9hM7AY6s5Dx+IsY4/Lbib5cmW0xVAMUu0L2g0KE8JPRYzQgbLFgggijVQMtgHhCap9i8h8+', e'fJQWB6X42gpu9VE/83vhrVMHoqdWe/Y7TVcjj5uyTUAVv88Ol15DNAMjvlhhQ079PXRXMrrQKS481te/iLmvWP5vynzxcutZjE+jfjhULlS0cqaNaLRkg4mbc66k3sy0I5I7ld+bEBziktoqTT7mcgkP2oAHzT59z3LW5DEzYfGJD4OahqE1KFyZKae6RGhPWX06fON/2eR6beEm0akqfyH2zKUDN9oF3bw/+xV+bvG+/83UuKjKOHYkiQur4KTycFJ/jy+xnS4afAfzgRpRXGovI/uKxO90l6JUr6/i1J94+DefVuKLBpfdY9O6sqfloKSU1sQr9ZSc/sD/5AbxKGk+NCBEwEiZ38vPb1NxNkaQzmcYWXOXOjyE4bNJJCDoPF+I0hLWYR4UtdL9C+zEtfwYUqR2gXZFarT/hWE7l+xvPLhjabFjtVfKViwo7sq7ZVYRjatsQAh1swCfkLoIxudjvq5H3DjSkQMQfvzlFieOZja5g+89DwIzrlOCpoaY2gih+QMOvrPYl8fSRjDA3u6/8hofnmTerwygcUPf0rlkrQbuFTpzMH/f+qBtMRpw/5kWFuRL9Kwq3wmPoBCwtDAFyiibEjgMJ01MgOOi38fwC5x2rlaZ2Sn6vV0drsLb7s87oTV9ooX3SjmiPovZrfyLjRpvP5KGPcqz+muk1P6ynlGmAc+AenonvDjUKrXaMPExDFiZlOdDeS9+bNsKiWKVdLlpmcFc01hM4nh1qmx16a/dLJALV4XSYnRZZr+l89h2ujNXYwoyhaI8GHvx5Spf7U1NKpykoafrjQGrWM0fQYIpyJ4xCS6Jz5xrpRPd7X37Sc2zgt2yg16muCl+TYr0/F+o4yFx7mbaGnQQVPFjJZhumBucdZqMKa/B7x3/oEVIp2xxcWFRlZWHULgpiUBAAGEyqIPOkdKStXYnJbTmkLhg9vjSC2D8EOpCHpii6iyNtkaYQQJzAExj69GYDRKbUywLGToohLhHgCliFnnvXJZYOrWiIHh/lbu5nP1Y0ZCBfxIpTV2l8GfUi2FSevfLKjStaKkmkrIyZRqXq6zjrnpG7xagsBErOdSHT6O2j5dwF4JR9ubwUX3pUWWIXxsDgI3c+tvS+KebM1Hi1a77u4bSQFIi10VEqJxNpvgWKnhkJvHN8/hgroWhSIEKb8N6MLidPu9V7xiBwugt/VKGbP7tEc2dzz2PoNT+ZrOr+32eYu9RffTRZX4quqiYeVCuvlFAFRw9ZpHrPxlqEPmAesA5g6eNKyVWcaTPY9VpaNm2v4LTzQRL3xCfOw97YloGCzzxwXpLs+K5TicPQNBTrJOfTdoxS6HQfNt9oDdqLL4opBZtoP32BcYoIM4gVe9eiu0s91PQpADHzaoXFXb3pgDelsDOlB/jadfoEqCqQQuXRqNpF/UKEmjJ+EZ2ts4C3RzCQQxbpIOJYeg/diXudaPU87+gEHZf1n9umGPOdEow9QDBpkUWRXx5UaoOoDidb8n7LjPUn2XaRYMuAYnzFilYD5B8lTB4T1aMzKTeKJIic+/qOFUeJaaKC9qh6CkdzU8+lTqqzZ9VUQtPtoL2rc2Yxmawkri2HJ3nuv/lYysGgDb+tHQd06kC9JGSPwhqJog6+32UBzMazoVxBgLxYUdLFsZXhsTblDp8uGf+', false, -1, '196501676397237473063314034441634861321815843850', '3eda5494-d83e-49dc-aa7a-f15375b9f4b5'),
    ('452054802101550232659967363820358963713639085012', 'CN=Schrute Farms Sales Intermediate CA,OU=Sales,O=Schrute Farms,L=Scranton,ST=Pennsylvania,C=US', 'CN=Dwight Schrute,OU=Sales,O=Schrute Farms,L=Scranton,ST=Pennsylvania,C=US', '2025-09-01 00:00:00.000000 +00:00', '2027-09-01 00:00:00.000000 +00:00', 'MIIELjCCAxagAwIBAgIUTy7WoVTGJ6ZYgVANyGinGbbmc9QwDQYJKoZIhvcNAQELBQAwgY0xCzAJBgNVBAYTAlVTMRUwEwYDVQQIDAxQZW5uc3lsdmFuaWExETAPBgNVBAcMCFNjcmFudG9uMRYwFAYDVQQKDA1TY2hydXRlIEZhcm1zMQ4wDAYDVQQLDAVTYWxlczEsMCoGA1UEAwwjU2NocnV0ZSBGYXJtcyBTYWxlcyBJbnRlcm1lZGlhdGUgQ0EwHhcNMjUwOTAxMDAwMDAwWhcNMjcwOTAxMDAwMDAwWjB4MQswCQYDVQQGEwJVUzEVMBMGA1UECAwMUGVubnN5bHZhbmlhMREwDwYDVQQHDAhTY3JhbnRvbjEWMBQGA1UECgwNU2NocnV0ZSBGYXJtczEOMAwGA1UECwwFU2FsZXMxFzAVBgNVBAMMDkR3aWdodCBTY2hydXRlMIIBIjANBgkqhkiG9w0BAQEFAAOCAQ8AMIIBCgKCAQEAy2qM8MmrQP1rX9d8yOzld7K2weo8gaXaRfJpiCMDOniY54z7ChtFFqDHnbJHR1zSMOKNsQwOsLHYinPVYsY3SVPU26MXczDpAXaGmz2Sbhv3bDPVxT5HFI2s0mJ0yVbwPkmSOor7Sa009SwGfJVIDnWSi27SUkxq3SebZ0dzNuiG4LbXe2+BJSi4vkbypTkFssIbmciNhPIGeaGP+I5uorpQaFrdn4u4EhLbMTCMHSTtEu/Redqk8FljJS0qBUASEmMLy5yJ9+LUaGG8VOwu8l0xjoriw21PZBBNyDdhrjlsN4y+YmgVYsvxII+lCsL5NVHYE3F66Y9j3o8nzoAA1QIDAQABo4GZMIGWMAwGA1UdEwEB/wQCMAAwDgYDVR0PAQH/BAQDAgOIMB0GA1UdJQQWMBQGCCsGAQUFBwMFBggrBgEFBQcDBzAjBgNVHREEHDAaghJkd2lnaHQuc2NocnV0ZS5jb22HBMCoAgUwMgYDVR0fBCswKTAnoCWgI4YhaHR0cHM6Ly9sb2NhbGhvc3Q6ODA4MS9hcGkvdjEvY3JsMA0GCSqGSIb3DQEBCwUAA4IBAQARcK+YgWcjjWicXkHWKlM/cHYEjFAZxXXrIYI0JRoIMGSM2iMppuGSdmNbfKYjzajbfVCQUTtLNE7ri9xWo6CxNWhFUjTOXMW2Z8xM/UxLCv2g49vrHVD8phcUtihI+YXD27d7f9mXVmEC+02JYsvzCQgNwR57sdWgVSRKV0zFfKqA/r+HS5WG7smYFKkp1LdQZTdhnJdBFJzwX2fl5u6jNrTooS05K8sJ5Fp+DknqyNrEITv80hj+k6SuYMqhSwvi7IdIzK3Nga1qhf+j89Nke2KLaS/KIrGoK37KYv6genIX0adJ/H6O3UVTBnqrO7jOcGhANGaaIhlaG/KQfGIh', e'96n/uwBJjCit6McOlGjh9lRphg33zgk4VqK7bvanu3XVaWymRBXu9TVxno5+L1coVYUkC3Tj+RuYS4YnwvBwAY02ldYYqFqzrL4jHaI2UTkPw8xWPnjnbAPQA+Wj7FODuO69BHsGhKZO2ylMNAPgo4+4U/SeMJ7FFbBPfQSfxhg5Hd+VOzAiCoptV/3AgWRyK8jNmO7uQl2CPorLlMdy6xYqKTKuW6qhKU8WRNILqL35cg3Qir9DZhsAN/kUD5wPQhGxkkiywENL5ldCD2V4BeKMGYvFCtTjvgU2EDXw1hH6M+axjl7VwU2BtANENqYLoL1ngGMHMn+yFAyM13BDAOOY19z/nSYC4rLrVWfzXQianb+UtEIdlUp3OXd2A7Z4pLb9yOtEjLkZSFiC4dh1K8dBL5k+ZoTX9GntAOvly+r5tldjEL/xeFWhOXqJgriVaEqeQZ3idMiyVccWIpTHryj6//q7ilFvhdbC6zNTFgVtLi1NIi+hDwYNZX/NjobkVFnlpMk5a/fIFlELnG3ueZ1T9F/gulY0h0YifYX+uk+M45fN6EKrUa9Faup9m2JbAD1GcxWA1cW135uve1aZqTaHv5gcaA7ux5RTQqpt36zn6gnB2+cJgUnpsKTV26CJzyhKVp8wndqScQyJedbRUaI9HlofBDe0DrKhO8/isNGmZvgHfrWErx+XOuLK/Fw6N8vuVq74sCbPq2MDE45NdrrS0ke2wY8XF4A/+7vSNDyJffAXmJjnkhQW0oyWpOey/awDATbWh4tSn1+UL+6Q9FvD8I2cC55ZvZMAOgDJx0riSClVjHu/q5Ce0kR9Lot84hXhOCwcfUodAT4hO292yO+2PgdDgYNFxn/vNDaKKw/i+oiorw7Abb2E9CbeCRsVh8Ip5HgGxS/Lz+93PvcUBjdbdQuUrDXL0uZBXVMPuavwJiLUFOT8i047keFcxYIoeBr8GgD1b72Txjo4nPb91ovJzbP71uTVkg5SgtwLw9X1d3d4mPcVFBUE2KP5AN5WRB2jzAwVmdWRFjZ5Y5goxuq3X6nzgZ1YkVbwSTm4CTpBJ1pNl+7PcnXtc+duZTbScSZ+qMAb6cOQj3C3enMh0pYpM4ZgDsjMX71l3QR34SADMw2C3PUWzE5oxf2mGZ/wN3o6JT2WUrnaCdw4N19fGbPWDBRPMZi7qthO4uZ07Zk+M+k1BMJcsL7NhW9xfFC30hXjn0nvODyeH9SRDa0Kqff9bP/kfgdYQFjmMrgRhYNc6FyORIoj8J5MCoPboIv0XYORAN6fKCsunRWTOgaICdz6FuXhr1fUIa3Sw65fLkWpW4LTfqPmZ7d1RdIflTg2dqybhkPY0XbuoHmF85UtJA6JeMLGo55Jc74ASZNRyXNeqdFkQo7S+1eUpxAy2Ebf0KXMLEG/d92s5yR7+FT42ZJifLJ5x9CPjvBQ4rqiD6VmuuGVGb6ypmP0f3YeNFu0phA1Coz/2/jl+m+OVWJF9APm6nWoaBn/yassqsP5XOUeuKHoTGKzj5X3ribLebk03Nf9PG7o1ejEJuu8x56ugfAAA5HhSahxckM47zRSyS3g9XWgxNmTXsSgM5wl39LCsYDWDGT0W4FVyLAZl9Ak4CRjuC+gppQAG/nzzfvMJT5/tOnu8ILDgCCWnFPc61Pi', false, -1, '716778013001004961396382209864982186458468595788', '303704ce-e854-4fa4-9fb1-a397d3a46f91'),
    ('540881935118900377769282749890215430206243367775', 'CN=Dunder Mifflin Intermediate CA,OU=Corporate,O=Dunder Mifflin,L=Scranton,ST=Pennsylvania,C=US', 'CN=Jim Halpert,OU=Sales,O=Dunder Mifflin,L=Scranton,ST=Pennsylvania,C=US', '2025-10-01 00:00:00.000000 +00:00', '2026-10-01 00:00:00.000000 +00:00', 'MIIEdTCCA12gAwIBAgIUXr38G/w4bnm21BveDDy52mLOa18wDQYJKoZIhvcNAQELBQAwgY0xCzAJBgNVBAYTAlVTMRUwEwYDVQQIDAxQZW5uc3lsdmFuaWExETAPBgNVBAcMCFNjcmFudG9uMRcwFQYDVQQKDA5EdW5kZXIgTWlmZmxpbjESMBAGA1UECwwJQ29ycG9yYXRlMScwJQYDVQQDDB5EdW5kZXIgTWlmZmxpbiBJbnRlcm1lZGlhdGUgQ0EwHhcNMjUxMDAxMDAwMDAwWhcNMjYxMDAxMDAwMDAwWjB2MQswCQYDVQQGEwJVUzEVMBMGA1UECAwMUGVubnN5bHZhbmlhMREwDwYDVQQHDAhTY3JhbnRvbjEXMBUGA1UECgwORHVuZGVyIE1pZmZsaW4xDjAMBgNVBAsMBVNhbGVzMRQwEgYDVQQDDAtKaW0gSGFscGVydDCCASIwDQYJKoZIhvcNAQEBBQADggEPADCCAQoCggEBAK/YSmo06A1IADcPnNP79HR85lrdC2IAeaX21GHbU9FMc4R4Rdqn55MIb7oAG55WtvKcte6o0XYqRi1Z/2+7BpUkVO+QkYzGhDOti50rLcEAM06Z5Sj21lyahgYaH0cApmdDWTFvqOajsgyQnDf+kCaKEmUo5HdgDfOtd36/jq6Q6rt7loao9Ps6nVAvFxfyHAzCalkWAjW1PDioO3okqdh+sTYBUfXjGdJhBpMxIAD+5F4Mf1CKkIFaGCAmqLVY5xk2+4wdJTBcYtV5aYNLW+Jg7WqW4sY475lYpO+N9YK/Y1GaBBjjIlFOlODKbrYU9jR5CTBLoqhbZ8kDrNaxGBsCAwEAAaOB4jCB3zAMBgNVHRMBAf8EAjAAMA4GA1UdDwEB/wQEAwIHgDAdBgNVHSUEFjAUBggrBgEFBQcDAwYIKwYBBQUHAwQwRAYDVR0RBD0wO4IVamltLmR1bmRlcm1pZmZsaW4uY29thiJodHRwczovL2xpbmtlZGluLmNvbS9pbi9qaW1oYWxwZXJ0MCYGA1UdEgQfMB2CG2NvcnBvcmF0ZS5kdW5kZXJtaWZmbGluLmNvbTAyBgNVHR8EKzApMCegJaAjhiFodHRwczovL2xvY2FsaG9zdDo4MDgxL2FwaS92MS9jcmwwDQYJKoZIhvcNAQELBQADggEBAFbtMNsQiYTZc5a7/qilPAXZZR+NauwPFNr345AdKxI/TnkBh/JSG5QtLoaZMXUhOGm3LQmcFSrYSQpln2rc3mJRRr5ulnU4B03S1WWYuwEpehx0ojWogqE+ibkfj/TEsmaQqvMPGYhHcP3B8f+CyOAbeliqq7eLxoafzh7Y+LWf69rHOGCIu2fhG0t77j1MdChJbE3biz71hAUIxGUIdaQs8LtebVa6khNqZZ/bnOP8EqlGW82t+9wvN8N1FNu8g0xax23U0qijVUmcCUQSASLfFgoJpsd3bj2JBt3Rmy0YgteActJVwaoU7J2sQTawAT4ZThquQCF9VH+LZ3v9VxU=', e'wzTPH3h/P6YmQ4mlTcGydBBCGhnusEjeBnuQJeTBv+mbSOglk82urZ3HEaTB14pu+zkf9a+LdY3K0cvREKXQHeQPZW+MQBe2oLVyru7tBa+56ZguS83hQqF2z4tjlQjhhM3St16CDVNMTJ3/yOJTturAmkL7LYRVvIwOZo277WsKny5tvDpOfTDP+w1iZIadUwnCDnjSMUE4Jafdb30jN4P2NS9IAHq7jpXdukiA3B7yb50+g0u8T2tufJZrOIabZQ3m+YQ3AdPmq6qgG29jqgAo86/wSTCetCApRWZv9HRU/nYAh8ypLMZh5K7dUHqeSYE1+VCeJx0jJNB/9XnP1cQIzV/GZd6s264ZR307jx1avKKzAIdnvXnTUPukz93G/Hi/C8aMX7dS9yGTUztZ8NRVDskORq7qgrTZIy5luvu4FGem2VL+SAfPUo3EPeS1OBAiOHM3lNzcZqEhZVU1wHqYqCYpiEUeKL/tIOi+7sBWbAW2iUZa4Dv9mHRMl+F9djTXjTZZ1wrgzW2YsdCLKSbliEkhIeDjmZM+6s0sb4o70SWrokf9MIXRoYxrjbxyfDabxyzaxJrmPqAP+yllB8+ISTbI9ZKCAT8WevOrMp9F4BWf44h6qq+GkLEaIMy+KdzGHCKVNXPcwv5kfp5/DbVbgroKo05c2Ng8DAi45jg98WARISwiT2dStpfd0I9k0jMFXfxcJ6xj4l8YDQHwV4qwQJ1YbvSwUTI6UmdwqSSYCfqGvZyY+IWWPV7ol2NTvr9G4FSduMeW6cr67DomEXE+OIBhU3s1zX6tH7t+R9zCZwZVqhB/tuC1Bb2QQhCTgO2Zy5yn+A97m795Tplb03a2OIfgeUvx9pZzrsgIpGoAXlKDjinWN03LZ86m81Cxa658QMnUKGjp7QLDSXefFKbZykdCZN0sX09qpaUV8XOtnLGJ1sX2z75SPgsmxB4V/IW2s1K18fbwmcYieO6VwlAFr8kwLkKnrkl03jWfDZxZPgod1mIUFzrKT3T/9CdYF9tNWxQpE6x9pRYFgRUgSlDlEYZ7X1iNJD4M3HS+19p9aztqkAWci3ja4HRYhJMILXEbQNUL0/KrHzI03dRySKFG28tOiHQdhRtYbb09c/S1rTFjm3QrjjYgK/Z6VEwI0jyBowLxheV2hVpISYpF26Ws2gRfCLni5r5WG05a1nsK2/5gdn+QffmVmVg5xVX9+ALh8sZpJvgDIMW9bDl3//GOYLgebFV8qgp+aNr0YyPBbR6pX8TwTjk/1OT9jEradYbWFYcYeS7DxqfvCiQiJ9w8sNOssSxrbFjUJl83iYAoSYx3DNM6KLdbFufUzGxrXJ8XR1ltwzIgOogPbQSMtbRjrCPe40E0PUNMP4AaLFQFYFgPcnGWHbKOlqLSld3HwZaCsLnk/Ydosb7Y1HYTHUgQKgWEAonqQsns2fHZl4TkABJcjeRIfoi2m7gOS02ACCjpA0F7DdLlCpfB+PpgocW7ah5TMdzsGctaWguGAoDd/bq+yIqc/LaqUcVjN+sy/iXcmDPgDF0PUjVjQztfREYTLVTcHzOA5NZ6ZwrNli2Joqh7MJx1+rZrfEDXh2xXbt7Bvqpn9Z8P4fT/erzKq/9PrwU184YtON1BSFzsVhqM1bbmtcORTjj/LZaIphF6', false, -1, '207072179505823254148042333470934774606954093113', '3eda5494-d83e-49dc-aa7a-f15375b9f4b5'),
    ('422880227914607560326998004413089010356339317032', 'CN=Scranton Branch Intermediate CA,OU=Scranton Branch,O=Dunder Mifflin,L=Scranton,ST=Pennsylvania,C=US', 'CN=Pam Beesly,OU=Reception,O=Dunder Mifflin,L=Scranton,ST=Pennsylvania,C=US', '2025-09-15 00:00:00.000000 +00:00', '2026-09-15 00:00:00.000000 +00:00', 'MIIEAjCCAuqgAwIBAgIUShKa8XhcLRZ1q+zpLMxNEivDmSgwDQYJKoZIhvcNAQELBQAwgZQxCzAJBgNVBAYTAlVTMRUwEwYDVQQIDAxQZW5uc3lsdmFuaWExETAPBgNVBAcMCFNjcmFudG9uMRcwFQYDVQQKDA5EdW5kZXIgTWlmZmxpbjEYMBYGA1UECwwPU2NyYW50b24gQnJhbmNoMSgwJgYDVQQDDB9TY3JhbnRvbiBCcmFuY2ggSW50ZXJtZWRpYXRlIENBMB4XDTI1MDkxNTAwMDAwMFoXDTI2MDkxNTAwMDAwMFoweTELMAkGA1UEBhMCVVMxFTATBgNVBAgMDFBlbm5zeWx2YW5pYTERMA8GA1UEBwwIU2NyYW50b24xFzAVBgNVBAoMDkR1bmRlciBNaWZmbGluMRIwEAYDVQQLDAlSZWNlcHRpb24xEzARBgNVBAMMClBhbSBCZWVzbHkwggEiMA0GCSqGSIb3DQEBAQUAA4IBDwAwggEKAoIBAQDR51xBbSXkzs/zkKoq6SbrPAA55TzY634uiAGfk60tyIyAW9V7ERzTgX5zC45BjGd2U/bqosYflP5TWRjgll+vf+R5srrR+uMAJVHQ1S2ng9VDgm6H7CpdJLjVivbc7mMkmdCemxfomkpcDXaN+EvLI8eHhKTciFlQQp9jo4Nq7SKYbOGi0OSCV7N5URAe9AjTGFukQqvl2KfaqfxoXbiIIhW8x2Ul7M8wfvcX+esXgL9dxxXRV0FBvs/YDb61qFYm+nNI1FepnNfOgk/rdGsvjkm9uiOo3wMpjxMFilxJ856kiUx73u5F+00V2NOBRQ3cRKu79SAbCIjvzRwdy0DzAgMBAAGjZjBkMAwGA1UdEwEB/wQCMAAwIAYDVR0RBBkwF4EVcGFtQGR1bmRlcm1pZmZsaW4uY29tMDIGA1UdHwQrMCkwJ6AloCOGIWh0dHBzOi8vbG9jYWxob3N0OjgwODEvYXBpL3YxL2NybDANBgkqhkiG9w0BAQsFAAOCAQEAFe5xarKL9ZMGmVVptgzUF6nJACE5OV6VvftyIL8bqgFAUQ/eAbfh2z6taxEXEg1oOgg46dFy+PFDrWpk0O/rwXTxA954aYc3eu/AtvhVxgaMcqqToWKVOXn0Q34Zu+sJqmDRQquj7+k5YDq9SqJ8frTZRI6GJq8gz+9ez0GOsASk1leUGx6MFJtdEk0t9W6fBjQ/HD6irzirMyNUzw5x0c8HFfJJwVNJnV2r43PX858oRVt7XKCxSPoF0wPKZfZqz8MI0prVCWcm+s3ssEmVY/Ybqj0sHQlK51kOu2sUdVpw2jMpEMS5NgX9oXoZxLSCvb1TtQLUni1Lv9g+HOizsg==', e'7DQHYwDkf7zga6g6S4wgJuGP2XCeseg1z7GgXvJ+DaA62fYm0T/uJhKnwuujriS0vVvu6Or95Mxn8yMQy91upng5lZXzprtdwduPKiaBxX4N9xtrE31UvEbOdZrUaZ99sTIaWZxE7aAEqiCqyY8GhAmuliCMMLB5Uh+ZxrI0c4xUlnWhVpge9MFWapMjo89x0/hPLXp1lCcEPv7TpyGsEUspR/XbuCTnjwPC9NRLEe90x9EewkUVrT2y8mX3F6nxuK8Bli5GkMV3VM8wt1oQkondun1XsophfYHjWsUD5SU5Ys8OR437zQngh3ZwPDa0QUIs5KQSSNf+I2M41nkTTwFlUIIdmbkvljqIX+bLbe9JieSCwXAqHzQ/aXfiY+fIx96gi+r/eXaH6lk/u1dingwqBUJDPREKJCs+1xZJFLa5/vztcAfKT9g7o3PIFLtGNIbBvKjCEDokH6WS8/RM4umkNZ8aRE6Us/zJyl9DlbZ3Xyrth9iZss6lbZdb7HILEnBsMMrHEepwyFW6ZZ0CnSzT+KcKEWuZWLRHSd3g9V2raGPD8pobEG8IwcXcnEdnfj2RYnelvAkGASYHRCQfeNLlbIUff+dTGZ5UJrPbrbbGsepSVMfL5dLaMokEKh4ZEmsPvKXlbtTsSo83+EdURD4ltZ1ufPAztVCEKb1t5BoN66EZWQllsVuAnvz/Me8Vt7TMj4sBWsldL9S0n6pXlm+SiUVxJovyGWCbVHWQfOVE8sptNtDuK1SOBaNhsUS2G8QqD9/pUyKHg1fECOh7YRA7Y4g96GdX6ExGjTaTAurPskTUDLXhFKQWA6Qdovlf9e0CZfF2FmiaPTiNu1UYVNuWu3fJTvGG56zrp7DtMlwnSQsxH7ssmbapZG290CmgxXVPKddHdjsPwKbXxtySRmE8Ga20JsFPNWaH96XtGo8UzaTXzG+JJMehsh5dailt1xzc2z0avBXQFqyJIWzOilzkwob7eI2AsksWfbi3QT4O8/xRsxNwgHPYbvLC9G/sxRmP+Jyd/VbdB878IrvHhO36os25ap2ltDDqVhsYvk4LHPWKqxBqikzWzFKgLWRFKT8ZnFCNQzUwOLFhbIuRS7THGO8GmiQliw9JiAYW4JwvfyEtn06XHVdbXFOv46EKGNDb8WTJJknEHNFltOS9nw5P/mKLVolOqZe13ysEKZF0BD6uMrTJz8KHqkeA+bE0wjJSMuOtuIOYO26tGyE4mpwUGAh96yUwzjnEQSS/TWAy//bXWzSv2UhKt/wkggaLrd6xWP7jIpRsSuxeZU8tGRAjO6wwEs7i1dZQPVVWrnEt0yvMAbTjXD8bMoHc+a479GRuapxJBme8p01Mjf6nhuPeOEZXY1Oyb1NVCBXJ1DV3k46/TAJR8YQlorBj3FjS1XHXkD6UxsVoyLD4TjueR7Hs0D5WchEHg0AN1QCdUsFR8vTtOmsJgZKTSBNKO8OOk2li4maGBGb6UIiuZ5YlzcQSitfxNWeSAWs6wtPeIwDeg1Q+I/4EuZiavP6O8l85MIWH/XNYRyU4YyxLhb4OuyCDVfdsKHKZLxxzY/EKtGQmt4LisXDHZSCzEkpftFBpDvkWYMAv67t6DEmnYjM4ZDbNBtRKgQDcDdap3hyILaYLDN/qBZwroYC3AxObsb2C', false, -1, '196501676397237473063314034441634861321815843850', '3eda5494-d83e-49dc-aa7a-f15375b9f4b5'),
    ('3896576818738758149810719240459258445167572413', 'CN=Dunder Mifflin Intermediate CA,OU=Corporate,O=Dunder Mifflin,L=Scranton,ST=Pennsylvania,C=US', 'CN=Angela Martin,OU=Accounting,O=Dunder Mifflin,L=Scranton,ST=Pennsylvania,C=US', '2025-08-01 00:00:00.000000 +00:00', '2026-08-01 00:00:00.000000 +00:00', 'MIIEKTCCAxGgAwIBAgIUAK66ghhNabMLWVgofnSnKIdvtb0wDQYJKoZIhvcNAQELBQAwgY0xCzAJBgNVBAYTAlVTMRUwEwYDVQQIDAxQZW5uc3lsdmFuaWExETAPBgNVBAcMCFNjcmFudG9uMRcwFQYDVQQKDA5EdW5kZXIgTWlmZmxpbjESMBAGA1UECwwJQ29ycG9yYXRlMScwJQYDVQQDDB5EdW5kZXIgTWlmZmxpbiBJbnRlcm1lZGlhdGUgQ0EwHhcNMjUwODAxMDAwMDAwWhcNMjYwODAxMDAwMDAwWjB9MQswCQYDVQQGEwJVUzEVMBMGA1UECAwMUGVubnN5bHZhbmlhMREwDwYDVQQHDAhTY3JhbnRvbjEXMBUGA1UECgwORHVuZGVyIE1pZmZsaW4xEzARBgNVBAsMCkFjY291bnRpbmcxFjAUBgNVBAMMDUFuZ2VsYSBNYXJ0aW4wggEiMA0GCSqGSIb3DQEBAQUAA4IBDwAwggEKAoIBAQDrDdCshnLinfvDrrEw972R49Te3jV58RPJYSruk7Ys4/w4IjnhwHZO3C/2b7xcR1uBHlY1zjV5bq/MyLzT/7HjHJvJDD2LUiBZoFYXOgBurwwqZzKT976285d5bK4hbnw889/BbT7Sak/e1er5LQd6SzpzKZbyjTITPspB60nhEZeZom/0ymPOHJwvguwWk7Sc588RF0uPeF9Nq0q95SGH2BoAXCyWbjoHKS68i0i4hZYgyfajZCR3iQzQygocZHzDsqC/WMqcHJWjPvNtif/X1qbY6ETRDPpej3IJ1+bmH9U8C+U+06eW3gjYgJGb+cR2dfJEYw61qU/BmTsWRzM7AgMBAAGjgY8wgYwwDAYDVR0TAQH/BAIwADAOBgNVHQ8BAf8EBAMCAEkwEwYDVR0lBAwwCgYIKwYBBQUHAwQwIwYDVR0RBBwwGoEYYW5nZWxhQGR1bmRlcm1pZmZsaW4uY29tMDIGA1UdHwQrMCkwJ6AloCOGIWh0dHBzOi8vbG9jYWxob3N0OjgwODEvYXBpL3YxL2NybDANBgkqhkiG9w0BAQsFAAOCAQEAO73XS5PqBRnfmAQnSNrM5VpDrrYrxH9KmzViDTbJMVLnwDZR4DaJqi7dHB9HxVROJvfddn6TL1SVjOuKbsuIyTHRxU8YhBMhb8K6QM1cmFJhbal6wWq+UUJ+DilhewZ/vJlIP1O5KaQepiuOKpj+7MoUgFxVqpyPJyqvA4K8sBy84PkGC6oY0t82Wkc/bDfw47zfGkx9WGvBvVRt+a+lPDKpsqNZFbwNHeRBD+GAPScweCZXaz+f+ZAkcwBNIOz2eNB010/f2Wrn2RBtVS/FH3q3VZa6uQos6MYDX3GD08tk2Me9dZXhK/BFZ+fgJYkOpeN70NKPqKu00pABCeES1g==', e'iqATgWQPGyWdeIuTPFE5VEnS0Lg0iD8134Vl7VfJLHNk/ZBDmbxV0dhC2Ze0XyhoFTKc4Ua8hB5wJ31KLgP6Qb7hotBbayklcKUm5GtvIFeGFUroZIdPu6m/qv8+fVi0YtWCP9Q2h3rJmCuDCrz2LLzbhCQjSpxjoUra1FXKtaql35cU9nwiLDGEWDuJjQV47qpsD8vCdyQOnQ34MjXos6l1jhVVdVI2cwKFh6bMxMYsA/kEmQYCGr/KQB9bzntcKvfCsec2imOAbRbvQYMNf6M//+0UsO1dF7jmitvI7QLCAxCbpHUTmAJh732dctsWDzbyf0J8sPd2TKKvsZEeIl3a0zib07uLOEvoEIETZalzAUPz+KPVtJgKXwFpEEvgNIi2aJWpjPfVfD74eGFjyvyjpYX7skM7dO0uayKutCfqQvS/B2hwT0XpxRj/A5BnK1e0njJ3LeSu/wjjPGZywzA1F/njJ4Wv+pRFCWDDl0xcdn/2NTAoHccelFZ6UG3lGwuYkTARRsXmITzOmM8vU1ycsMeWTx+uymafJHU2uj7MNyiiV20S23apW1oX8gtbvQWDseT2rbIHD8Qx29wKkBZsV2ns6d8Cv30iSbOz6moAWG2IUZ0VmTAJHGmQHO2ol7J+rv5wEQL1cFC1LqD0ktwlK7EkBhsAZ5JNkVUrGu5U6URV2wBOAqlHFnCLPRJksdFexfZUB0HtO0H76E4CHDlbokUK51eY1dDy5mVAQn7JVlUSdh1r3/MZT6EpJYDG31FIQVWl/Hic19xfRZ/nmhxQYIChdl6cP22x/b9pztZDKPWwu6tr87+QTc1uR/z49sV3f328zRG8xlUqKtYhD52zUfzBKKFOxeeSnSPjVztq7TOB1P41Q/m7kaEJmP4sCjv2wBxpnRpIjgPeOTgRASxvU6lqkIfBA0SuXLRJWVIyU60Gp49M4vqRmMIASWqNofL9DVVJOqYKfnVIE8tpL9ErkDNk5w1BOh5HvcxOpecvqRaIhlfs9beu0YGYwpSU6EECU4jd4O/q0QRfEf3NxZNxIrbK0f3k3z1C5z+lGp3pSU8uTWA6LWTsEfTDLcvHlw6jBJKBXy+uwO9dXV3GFDxOw77DhITDuNI8UdBOtNn/7TVz5sinbkzuR/0OMaI3bUE3+ejEBvpLhT/EikaC9pTF1Ew8sF890xW9uSGu+k2ZzeK6abEfDjzH6WNldn2VpWIZfYvRGBmqAs9DeufqmuMIY5Vq8bWGlh/EfYG1KhKjNMk3k3UZniMlEyydl6oZ1ACsfBdSeMgRb/fPwZV3ih9bTo1/TD9V4C3UZxnyMccVV0jl0VEZrilMcHqrFg/1zjrPzYk9GX0Cqsk40cMU1Tjje33C8J2Teu9QBYu3KiH0gxgdv0vwDRnrt5H5pU/7t4a1CmPE1g6cSNSywAkxoc3G6Fb177Gmm5XMLYYt5nZl92SMUJvh57vZtmNBWQgWVJLVZdG61Ycho9m5tPVX78mHhtL2z6yosx2KIVgp23yGtV3GSIqiBva3iJ0VMlT6hUZ1zTxFXuOKJtQZfIMY44gUwBcbP5hlcrbpbwU5XQS2RqnozkZdFJ6ABXZwjly0Y69kuqYfDw4fwqgUEe8ciOBqCOz9xtrDN3TO2JWqzPUZQQPp9bfI1zY+fJU7urQa', false, -1, '207072179505823254148042333470934774606954093113', '3eda5494-d83e-49dc-aa7a-f15375b9f4b5'),
    ('544182860478816176847260023516850305846099410546', 'CN=Temporary Project Intermediate CA,OU=Projects,O=Dunder Mifflin,L=Scranton,ST=Pennsylvania,C=US', 'CN=Creed Bratton,OU=Quality Assurance,O=Dunder Mifflin,L=Scranton,ST=Pennsylvania,C=US', '2025-10-01 00:00:00.000000 +00:00', '2026-07-01 00:00:00.000000 +00:00', 'MIIERzCCAy+gAwIBAgIUX1IA38SVVjEJ4LAimY+dNPUhfnIwDQYJKoZIhvcNAQELBQAwgY8xCzAJBgNVBAYTAlVTMRUwEwYDVQQIDAxQZW5uc3lsdmFuaWExETAPBgNVBAcMCFNjcmFudG9uMRcwFQYDVQQKDA5EdW5kZXIgTWlmZmxpbjERMA8GA1UECwwIUHJvamVjdHMxKjAoBgNVBAMMIVRlbXBvcmFyeSBQcm9qZWN0IEludGVybWVkaWF0ZSBDQTAeFw0yNTEwMDEwMDAwMDBaFw0yNjA3MDEwMDAwMDBaMIGEMQswCQYDVQQGEwJVUzEVMBMGA1UECAwMUGVubnN5bHZhbmlhMREwDwYDVQQHDAhTY3JhbnRvbjEXMBUGA1UECgwORHVuZGVyIE1pZmZsaW4xGjAYBgNVBAsMEVF1YWxpdHkgQXNzdXJhbmNlMRYwFAYDVQQDDA1DcmVlZCBCcmF0dG9uMIIBIjANBgkqhkiG9w0BAQEFAAOCAQ8AMIIBCgKCAQEAt77Fu1UTUMbH1AQo+W1KYllfEMra/rTFlzKJQBG3Wp9vBoPmwjn4vOnDCcSuYO2mwg+dTKvZoM35KFt+sxCHbjK4Gk5duD/zue1tbNoE4mg3QoZrO8dO1REGbE04nPVxqhSRyuxDErPFC+Cu3ADxcm4+pX+kaqIm8HCXN9YEsuZBN5C1zXYaVPzn46/KuU/N6T7jMgMbbLTU1CA20qh0i9MucrNb0bB0P2a8n0lVYCD2l+YNNHF+I6HXJ5d/US8+Wsdm29S2dL/y7LkUZoGRyNm2HLR8jIBAKNF5KWCYRVir+JJdYlvdS8XuwIvx52DUaoaHDLr1d0ls+J4CesQnnQIDAQABo4GjMIGgMAwGA1UdEwEB/wQCMAAwDgYDVR0PAQH/BAQDAgDJMB0GA1UdJQQWMBQGCCsGAQUFBwMKBggrBgEFBQcDCTAaBgNVHR4BAf8EEDAOoAwwCocICgEBBf////8wEQYDVR0gBAowCDAGBgRVHSAAMDIGA1UdHwQrMCkwJ6AloCOGIWh0dHBzOi8vbG9jYWxob3N0OjgwODEvYXBpL3YxL2NybDANBgkqhkiG9w0BAQsFAAOCAQEAMvn7kq7sX1dQwXJ7bt3X8NlUg2kSFkRf70HEO2qqAg7Y3LwX5/XWw96BdPn2zjVWPhOQsdp/NDZeciZGgRXeZA78sMt4n5x9Wt8i8UftKhX73szog88H5QqmvlOvYElki/eKR4qJ7yAwLXL2tr2hPcrHJpXWf1fafPv08xYtCc01IrheB05C5CwpCtqzAD/9/arp+sjEP7a4Fo1vPr/KCZh6AMI2CwYCCLuGU0WBh6fvt6zu61yyu/QeWMjQ/X57tP48EBYurdOy6D3uA1ZM9h/7de8YRGULN/v2/p7Gd5mFo1sJ6hBmzY16O/PQp2i0yBD4vfE3TT7Rl0I+T2ovWg==', e'0//8GByFQv8bmcZcJWfwyJuhsdg8vsBS4o2LlRzsercnkOPNhl8DtOT94XjU3nb9p9UaXR7KGWNWstaB3DSNFeGISx5gfQZWZalIVtyVjF3yoCtF5+awFw7GZsWfjAoJFMCx3wC6kOe5nzcAg06hzbb6cZgt5oUaQBTn9RA7c3oDOdvpW9JvOKKubs9B4sL8KOHRGSRu+8v+8ZMkvCW5Pxc2MHaS8tPl43Z+ygmJ5K42L+9dq5xLxTsWC7RgHg5uLXrCCeUOjjcI2mK6YPuZkgbtEezsi2txGTwBA6gY0y1voYjPGI/ahZm5fv0HxkqBKo4fskBbvl51eBz4Lh20Q3mHcsDZBx+EvivIJxzRaSqop8Un/hTxDHifEWjM1B4pcf4vUL0Smy8xlwKAXuLBBjSFS5uT7jDtsPljTXfPvSg3msPuk7tjYP8j3eKWuG8BzhnwT6DAXKLXM4n+KQT0L9qcPIOLaGCuqO0YN5SO3wQwNcJBE7vJYwOSVY8T/dztn5X6ygEaYCTePeweDZKqW/E7ks+OBY8VNLsroFOFSdYzz/G5Kk6vGHJqtBtlXw92Cu7N5L8+X39oNBg2lJPdzc003hTPKqmiOWoaGqZuDoeDuLz22PsB/HuQZ8t2rUJqIX1VKpcqcRQygCR821XzSMX+1Itrut/7/LSk+gLdrYFj+jrt3wYAdz/uCHALdri5tV4vwHABqnD7GKvX+1dowXgCCDj+Nvu+MsRAgwnFYoO3k2gOjcmoY0PX4tyS3xf2eFbaemNq82o3zK5PCPopgio+W/VEQTulmoTmAaFBvbSFalpXUpOGWj3c7kVmlZq+MqenNqKuiYaO6EtoD6tButrP+MnKno3eI4pJfK8NbuKUQ35RLUy+xput4yJ67XDhIt9L6XE+xh0z8aSQMy+OF3Nv/2xoPKBjLynZguNsYJ44x7ncv72/D2neE0pBkI9J92dGSzFI5HMt3yDpSZNBblDu39TR6nTpsHsVSTI8b3i4WFHJvUmVOTdLQ4zB1XZ+PpwvdgNeyD2cIqV+cwAHkqA+zWAeqCi2rNYwLnHkx2YOjOkDiMXGmvmhVy/Qr6HwYg0oFj3igjkkp/mqjj6J5JbU4MLGL9NQQYZvamLiLsmynhCnVdDQRYwQtF3Ix5/pPQozw7urajlswiPhijomW8jSNisL6sAdSmej/IrImk2Kwfxg3WqXIpjInU9DhMBJFSaRCguNKT6YkIeM26HgJwtGgwl+3vYuYckpCcr5oMMa/+d+N8ILyNEmxcBjb6Ybp2kNPSQ5tGGawzELtNMCFBIVXA6VAPa7ogZg+VKy0aGcEI9aImuJbidridVRnte3Fuys03nR4F2FBeYw9mB6NdPLRoalH+ae1RY76SOcPeG57d9cdQdiS1roYCzS+i7uoOETnDjPrJysbSeTHF6pWOggLUAIXFqtM2Q94XGXnkG6+mW6GIB/1My9C49f+m9FkVpjdAEL0sFnmwGQI1LhA/X770qF9e+mNfZwqsU1hOe38DyojiuzuPC20bEENL3G4dESMtfO+g2YwHvRWcbQbAN0m3ueLOkECiIyvhdl9ABviIAphJNlQkTBRjIxnwvwIwzBY+sDT2EjMVsnp/1C751yzGuXXOk9V0GQ8xhYC0l+GnQoXhHLNIgGVeLIXwla', false, -1, '263990928525393040561020489097461009206452543540', '3eda5494-d83e-49dc-aa7a-f15375b9f4b5'),
    ('626893304867377552073772908036261151847950591883', 'CN=Dunder Mifflin Root CA,OU=Headquarters,O=Dunder Mifflin,L=Scranton,ST=Pennsylvania,C=US', 'CN=Oscar Martinez,OU=Accounting,O=Dunder Mifflin,L=Scranton,ST=Pennsylvania,C=US', '2025-11-01 00:00:00.000000 +00:00', '2026-11-01 00:00:00.000000 +00:00', 'MIIEJDCCAwygAwIBAgIUbc7eNhmL5N0JsE3e+LJ3Sa8YJ4swDQYJKoZIhvcNAQELBQAwgYgxCzAJBgNVBAYTAlVTMRUwEwYDVQQIDAxQZW5uc3lsdmFuaWExETAPBgNVBAcMCFNjcmFudG9uMRcwFQYDVQQKDA5EdW5kZXIgTWlmZmxpbjEVMBMGA1UECwwMSGVhZHF1YXJ0ZXJzMR8wHQYDVQQDDBZEdW5kZXIgTWlmZmxpbiBSb290IENBMB4XDTI1MTEwMTAwMDAwMFoXDTI2MTEwMTAwMDAwMFowfjELMAkGA1UEBhMCVVMxFTATBgNVBAgMDFBlbm5zeWx2YW5pYTERMA8GA1UEBwwIU2NyYW50b24xFzAVBgNVBAoMDkR1bmRlciBNaWZmbGluMRMwEQYDVQQLDApBY2NvdW50aW5nMRcwFQYDVQQDDA5Pc2NhciBNYXJ0aW5lejCCASIwDQYJKoZIhvcNAQEBBQADggEPADCCAQoCggEBAJvjMYn1aZjx4R20ATPKOe79B/NcljNpmRCnhZN2P7PpaArdl5XZU6uF/x9e8k6SIQuB8pCPulr/kRxjhWArFJWguxFaAneSTHIIAnsnPC/Vj/+I046lLwpjHIlpVZxzcvfE6wyWrKFUSaqVOPNcDb9c7RE1pmhl6wQOj1mkiTJBSfgNWAYnor/9YS+bj+FtagQJ3gP7rdEQ9vIxhfS6y6gBTIFnEj+m9uch+L6hWY6aKLroKKIaLpPBDCsYSWkKezD825kNyqAQfI7cH4YzyJOUnzkQPucjBfagj4jhF6OVdpLQsngzI9K4Jt51cMbXMD1TzgOiBmk2i8ORsUS02IkCAwEAAaOBjjCBizAMBgNVHRMBAf8EAjAAMA4GA1UdDwEB/wQEAwIF4DATBgNVHSUEDDAKBggrBgEFBQcDAjAiBgNVHREEGzAZghdvc2Nhci5kdW5kZXJtaWZmbGluLmNvbTAyBgNVHR8EKzApMCegJaAjhiFodHRwczovL2xvY2FsaG9zdDo4MDgxL2FwaS92MS9jcmwwDQYJKoZIhvcNAQELBQADggEBAFKu6l/QOJSUbMyHaXnCYviPqP401+DQ6Y22q06yKoiWKc+esb/gVzeP654HoKpz2V5ZrrTFUFbF5NZD0HecjY81NptKyy6aRjZzHvBnh0YAc/bwkQoUg6jlXSfROC4mOZlwOLMiTldUAQP3CKG4Q6VV5k1QLqdufeqvmtaN6/U02xLI1W1C+De7gQXQ1wsUdRg9bEM2y8LqhbrKoeMbsbYNwg6qB5IWOAhJtpGoIpZW1wNi6dunUfLRbBvwRSfgks7JG41QsJBtZJ7eqbf71eMAUdu6N63EmPM0qHlPa7141OLZWSg/lU8yHWWIeAa++Hc+mUXv3l75AIvnfNgyiHM=', e'jvfnMj70D6D0nLacQY/3s3RNNPfkhKh8jHnv7rs0jqdK34GwOW1Loy7uSbkQjWYOpB0K9t3cnS5i31TJZMfXsvB/GMFg/6dK13Juvns+JA5uQuxrbCj/vYdPmnd7lBTYNVeaWww7yNxi9Wy4T/8KWqZaymogkamTpIv1T9o8V5vC3wmWJIngRdX0AIvig842a+fmX1TasL5cZzho3IapTXg6sRvKwdht31gZEugyFNqJsuuypsY7hpHaNTCs/Uq907dU4xW5Chh6b7pKqSW4NgExFJ1BpYxDRNyUvoUCahybN1ok0rHDtx9PUbEo1Ps/dzMA1dl/xEbPM54L/45cyQGFMjM9kObv+bCCC+pVu/0rLuYyz634AIQ2ld2BUWwrEGWIJ9ilOxlR4zWEY1EXQjBxsWr4kbRMSvC6Ub2EYFoOBaOVxd2NgI+hqaQ0jvLDySHSnyCOQ64jEjFQlc+i7cBMsx5QeBGA3bZQebnnmbva7Ku61lDo1lQqmrPoAT4TnPkkdIjehdjJ7LBBuIJjOdUbLgLdXsLUWWUtB8IKmz9hjE6NWMdsD01gqSLMXi+nRu93pwQt7gMTPhh78NL+E/S3bj/MpgRZACcebzb+fi5G5fFvwYjivbX7KehbJoZEgKCSroBPE/o+qoP7UuvtFxwA3G8cHEyYB9xxa88cPSBnlfY5g7bomWPWZxap7cbCR3dM994oJj/38LmMxuji0xwXW34rDQLlyTrNX8FqSFsuYVOD/LYjPROJFRSOiMNa8SzwjQ8MaUFWFat/0xfzLU71XKiRTsd390i6onACrNbYw0/xJus+Quq6kesSo+YDUu2QErTW+mYlNN4z5XKsx5pFzOlUq/Deie7Ajl7DDKJF6jItcjps3bIKRadqrhX2rJp12lRoejGicTii/qb3eMuaIbqp0NB+WKepomjTgApBkfAgct4gkjbGfKSDYX6bRrJa5wx4nV3da9sx/cOG2J50zZHlXQQ11tTaE5SpZBkntdf/aK8ecBx4C8EjTSSYVA0rGwZPrb2aiiG/oRg2Me3ULr2Vga1YB5YN78FvhQeHUTtAy09shCU4n8EH1OU/muqRsIuBGvk+r6KDP2kX2996XcLBUsOqssPRKe77bhZCvurGChkyv30cfI9ojqko7QyhNrnA0kMh91HFi9qJ9TmBjBfHAe2Ey1t4ADTuaAJoM9KcTcSeqM0LBasxqDpDHtevv0jvvPpxvRhYTR7GiHABH3ofERlDy4b+4bZDgDrLIgZi2CTUtDPf9ThlJeATa9hcmeIG+19yio4khX8P5GYvrJ3Tk15AMhwFk0Vum21uGuRWX7kximfYG0BBOUDTKWVkes13g0sOuI92X8waw99a+rrvoBY6RC7VXSyBpkJd+TBbrT/7voMNxUuoeo7pxE9M/RnQI19xTKrdfxuiXsahtkC5qpRYXffvFtoMW++r/hl+1Hm6r4TtyI0nh4f3Tkexzakslt95QftqVU1QoDUZDMKWabBOgGbcbOPM71KlQAZBO+qzCoawczDyK+/NT3RExE+eTKr0Q1VoawlYU6pbpvRWLQrWkgs35N+W/StPi7Uk5RErvz4+ZZK5tPsIpQ2yJw0hPTAV8KqEXXxU3ywD/RhagjZMudMcbyX8G12OLPfHtQhS9N3AQR/ITbXb', false, -1, '370112094760346004611479035241175066770113980319', 'd6e28a9d-354c-431c-8912-8c78b3b23a39'),
    ('523481452626837915069784950672939788725292789068', 'CN=Schrute Farms Sales Intermediate CA,OU=Sales,O=Schrute Farms,L=Scranton,ST=Pennsylvania,C=US', 'CN=Kelly Kapoor,OU=Sales,O=Schrute Farms,L=Scranton,ST=Pennsylvania,C=US', '2025-12-01 00:00:00.000000 +00:00', '2026-12-01 00:00:00.000000 +00:00', 'MIID1jCCAr6gAwIBAgIUW7G4Xc7Hid6jVGNoL/Jf+bM+bUwwDQYJKoZIhvcNAQELBQAwgY0xCzAJBgNVBAYTAlVTMRUwEwYDVQQIDAxQZW5uc3lsdmFuaWExETAPBgNVBAcMCFNjcmFudG9uMRYwFAYDVQQKDA1TY2hydXRlIEZhcm1zMQ4wDAYDVQQLDAVTYWxlczEsMCoGA1UEAwwjU2NocnV0ZSBGYXJtcyBTYWxlcyBJbnRlcm1lZGlhdGUgQ0EwHhcNMjUxMjAxMDAwMDAwWhcNMjYxMjAxMDAwMDAwWjB2MQswCQYDVQQGEwJVUzEVMBMGA1UECAwMUGVubnN5bHZhbmlhMREwDwYDVQQHDAhTY3JhbnRvbjEWMBQGA1UECgwNU2NocnV0ZSBGYXJtczEOMAwGA1UECwwFU2FsZXMxFTATBgNVBAMMDEtlbGx5IEthcG9vcjCCASIwDQYJKoZIhvcNAQEBBQADggEPADCCAQoCggEBAKiIW1cFyDADgnC4Hikx0akGHsNawyP2WgD9u6Ujbk6yFYmy1ZIIURIq8TaxePHJramG9rGxl5CgNvehE2OUSAKSbzoynhijAPU3NfM7l1oB4KyDl515qepwLea3sdmWuMSCAK6Fj8kSpgwkBfD7AjpuxzwbOdi8py6C1odqolzQTfMoQ6R7+smE89e2PbzkXIzXu20kciz3ytVAZ0bMDAJQeYina0UbSrrvhuXi9o192CE3gFuVLwMlMn5T/6QHqR5Eik+D4ObTURyKXNL/zGI3d1ec8eF/dmRjcB1VeCbkB3zMBHQDjIznfcuCXRp/e9d+hH/E9EvWMAt4VeCGiO0CAwEAAaNEMEIwDAYDVR0TAQH/BAIwADAyBgNVHR8EKzApMCegJaAjhiFodHRwczovL2xvY2FsaG9zdDo4MDgxL2FwaS92MS9jcmwwDQYJKoZIhvcNAQELBQADggEBAGNcm9y/rwYstbkx3KFMrvqOpUhyVaN7VKlA5cLUqhN+Ss1coi1oQxS1qeOG1WlvLptqatfOen5D/On4wIgr4nDccBBUjdwCpBHWWm22uu6JwSAVkUAKT7r4fMWyuatF5Dki68xh1WIjtMmoVz90uaWsp+x0oEK6sbkiitK3taTmcUUNSfdWE5OuZ6ukKSVr4J/mzKe4G1v/gabm8nswlKLq5JIE9Xb8sq29K9WpisWx6T0XPshIeY9neHlah1UfizC6SaLByuN4Sp6wnvpuijkGynO+MfcSuXckaw44qk5nG24vjKUmuUUetO0pLR8YJRddBccZYmsbzSdmDV48vP8=', e'tVCWk64lYpbYYIdCueHe3qnvvHO6D3aU8Le/+i3zGtzIRFfBF6A+sM/ngTcP4yN+OvdcWKZ3V3BqD5+1Wpy4ccU06LB9dPUAqpkGacvvmNhrAVK/ww6f1cxISa7la5TdGWf3u8gg2DCxq0GirMlZKaNg48VIuZeW2c7dEgbVQbmx8cfTzfZx2YIkSb7uQOPBeTD2Ueczf6+6ZoJlkGikRqlKdty4ZS9zfMF7tL1jGNg6Ed7j3E6M8I+o2jq7N6pf2vz3IzOq7yutUdbTw7VoRvUyh4+aHy+ispLtOBVY9v55123ZV711R6f3Ri5ub3hXaGz6NZ5AyHHfORGO1loMm5UTkXshos8rEb0Ta/h7V6b923q3qtJgeB5QaBm+R1klOevJbkvyDu7zrmt8U1DUd25fzG7ip90ciRPdNuJlfEt82vjxWcO+KSFXkF3Az3rX1w1eeMFsN3GI/LqkaZcal1D2Ol8e3b9uR89gE9AAFIxoMs5VCUXVzI6t5D1ffsNaOtof5mUGnv+bFRbmdKPjBd/mdnc3MtXtOtgIPZoc74izJMk+B2bO1Hat9FokrszapuPAT5OJk7kxxo1hTL8pQ204SjA296gufjvpwSyOF2oZu232UmNIQe+Xi4aRDEv7AJFxEn+Z7tszgph5c6OCkmqGr7OmZq4KB1CAp4Bzc4O/clGcu8QQF067XVEGjpMOyy5g4KXy/+JyiaR7bV5efJpkjazcUXf3SEXFiCam7DYpiWmZ8xNrbKfLhW1puL20eb6lZj3dslvkux9CSEAwPJRQP22mb0S7pA9srNzm579q0vGXPd1zwVFpV2nVSDl4ar/xxbq9VuMWa2FdI1nqY/pZKUUdy1HPLClDUeRVugoxJb13v1aZfkQjhv9LSGDNNHGxzEPRNmB8sjvQ9xX+eoMfn3G4rIExPM/zBblUNrNJMHDklpn4JwZR2YBscVcQS4+YJtOAwG6v2ISTYxfUKB5VuLMYGwUW7GAARZcjGTdwioEezg4SePg2DcZkEFS0lnVcaAhkevsurT4VUzx6nK4I5DhZ2e/rn2zEJpPwppuuO6zfNO1sbrkbVubKR6WiQmN2g1Q0xNel9wmK+ATE++4AWWQRkYKoPDwu9pkPi5aZpkcZC5rf97oq3hOpvRnTpwcWg1L2XzU7d7hIpB6DGJWV1/q4MndkkTsdtS7DbvIXw9T3BliwrAc7wjE/MmwwLW5Vo1UrNiXlJfNff4EK69kj+nhzb/MiS+XkGstsGNdMzJVTaKmK8P37v1F1YO8c0S2ldSLZodBBtNvr/ryZyOr9bSzKraD937ob86Z3u1Z8WR6RprNREFDsMswhS2zxLpFivTqoLrNv2crCzcdMqgPXcE81+4s9/B3/RF9AHUnWlljvAvbWmAQfS0XzVZNRAZvlXAhDfM+z4dn4TBZhAfMKRXE2EHkqhU8iYzs1CueMrz0/06f6uCnPvx4KHbG7InNdS3O5sEAjkq90MniDmt5/xLLQRq8Rn8zOugXs/+flT9kxm7FI0YyOXojWI5qLmXXaNDYP4zYBlUPvDTC9nnXHrU1Uer/XvWu1GxI7VE0AihM8kh/qwSv9XiNbV4ABlc2oTayY9FDGf3oDPhHTM67kJf+papqrCCOxPoH8eV+bWBx+y60687OtvYXPGJ7z', false, -1, '716778013001004961396382209864982186458468595788', '303704ce-e854-4fa4-9fb1-a397d3a46f91'),
    ('495328312382715269227213931980143480114881309696', 'CN=Dunder Mifflin IT Intermediate CA,OU=IT,O=Dunder Mifflin,L=Scranton,ST=Pennsylvania,C=US', 'CN=Ryan Howard,OU=Temp,O=Dunder Mifflin,L=Scranton,ST=Pennsylvania,C=US', '2025-08-01 00:00:00.000000 +00:00', '2026-07-15 00:00:00.000000 +00:00', 'MIIEKTCCAxGgAwIBAgIUVsNKKoVCnuOyx2hEaf3eaNeFLAAwDQYJKoZIhvcNAQELBQAwgYkxCzAJBgNVBAYTAlVTMRUwEwYDVQQIDAxQZW5uc3lsdmFuaWExETAPBgNVBAcMCFNjcmFudG9uMRcwFQYDVQQKDA5EdW5kZXIgTWlmZmxpbjELMAkGA1UECwwCSVQxKjAoBgNVBAMMIUR1bmRlciBNaWZmbGluIElUIEludGVybWVkaWF0ZSBDQTAeFw0yNTA4MDEwMDAwMDBaFw0yNjA3MTUwMDAwMDBaMHUxCzAJBgNVBAYTAlVTMRUwEwYDVQQIDAxQZW5uc3lsdmFuaWExETAPBgNVBAcMCFNjcmFudG9uMRcwFQYDVQQKDA5EdW5kZXIgTWlmZmxpbjENMAsGA1UECwwEVGVtcDEUMBIGA1UEAwwLUnlhbiBIb3dhcmQwggEiMA0GCSqGSIb3DQEBAQUAA4IBDwAwggEKAoIBAQC3tyKBlGqVju6L2j6t3dDFjz9W2tvA6LeHLmf61oAQ6bkEX5ncYi7RmfPuChXoI5k05KPRcPvQknUoUs7In1lrksWVaqO+H5GfF+wyVzRyaLE9qG81pPMOftq4YhcDfIQljtglPTGQ7JYRsWR/0ByrKAqGVFdsMFo+0brHh5r5QnwJ4j3xT6Rc1LZJls4bfBmUWStZiT19cRacrITifV3bXcuwvWg1ZOYM035OFtLURSZGVqY+F3FgeezXybtToFQZR9pl6xnnz5nnDOaK3HElJyej51gM0eT8rDwy5Ank3DW0iBBB25pjdIl01x3j++hFU35c4b+xjjmRT89L6MalAgMBAAGjgZswgZgwDAYDVR0TAQH/BAIwADAOBgNVHQ8BAf8EBAMCB4AwHQYDVR0lBBYwFAYIKwYBBQUHAwMGCCsGAQUFBwMIMCUGA1UdEQQeMByGGmh0dHBzOi8vcG9ydGZvbGlvLnJ5YW4uY29tMDIGA1UdHwQrMCkwJ6AloCOGIWh0dHBzOi8vbG9jYWxob3N0OjgwODEvYXBpL3YxL2NybDANBgkqhkiG9w0BAQsFAAOCAQEAhlk8p8PViQopFOH9VCyD8aORAnCnw4+NtKp11XE58rCnq0n3OmWwTRFmxfWiRm0YIw87aYnkninlFJsD95elwGOx9rSbhn8FrcSpYLEuzqgRracFXJ3fLnhuxJMWLuQW8Gvnm6iLk1gmRiaslEIm4YoZH8ZP6o9WlzwwYQcsf90hhIIQJraU76OJVkbqQnqTWlpBNJfgFFslSG7ZAhG79UEMa4qzoK3cZf9SK03qO0XUa9NafrLzLtpMVtKxSAPY4RE61pqX6YhtTH1bS9uArdb6la/88nh1u3U5JnCZ5pi0E4RmNlLIM4VxrpaV8xerPEiY359khpsSZlS4PCE/2Q==', e'3K7FD56Q4Wdk7gb+wW2+tS3d8G6yTuIW5kTC1/r7lGAUsgtZh9x3kES/C4rX2KtnG+9HvCI6rcUYM8Xxo6AKETD2+IryHYn7zyJwNMpeuN+vPyg0/ib3WBwdeGB2m+yLSVSDMKOZKfr68/wQljcP6UT+mJZhn423xzNyeSe4CMSdVgSMCAKE2ydFYahZdzcw4N/ARM8uu/baucBW5gtkMEUe/7hWHgq7ZbyZDP3Rww0B3DmEXaVXxKS60KJFmz0zjneDXo1Db37LZCUK8X3kTp/X9gowa6mTILpKppYWrSV9Ht+lX8ektYhyCJVNiwfmSB4nUpVHtnURtmkSDTsOTPW1wMhqxgPbpWCz5WhD3eUboIfJ64XXRq+PY9WSYKJlY3u/WyWd0Dkz8MeQW2y0Ba3Bv1ERBR7COq42lor3t8GFzMiWNOvoDWQdD8UbOoBpaGKyYdKXfnaRpLoIpESJxHwx21YhhuRJMahfRCAZg78S7aJABrvDKFVW/ryyCHrhIdpYadJT+wMKqNDxK4Hds6cdejsS7XsliOwJLgZT6zFodwix5tdxgE+cDcvNp+a1HbPvC+7UVo4TZDlh8zztckFPYbchVC6sRoA5DdlUodfo4iOquqMx4QxznImF9JL2x7yzS5Tk5mXcvA8BDvjkg35s04dunbeB2AKElupjoMwVfE3CQkL6LIcUBM5vSyWhXtkBHYI1vmwMA0jbjHzmhKRYQp5gYLr/sk58S671f2mDsw6l+0VppntEjldtqxrZGlBxoXQLHrc87nSIvXyOcZpMUXik8rcgnxe/DSfIwa+9rMkkVL47Md5Ivw6g41K0TYACLcPr/XqIfhG9+rY1niEzu+h20RDzexU/GF5+2GHO0WZYsF5MHsm61QmdW7tRqOW8+asnMtMCpOZOWvBz9TK0Mal9xmDoctPNtihxPBoosBAiNFpFyhxW9/HmiG1U4Q9iIt8tqXJerCu0X89BDvkjZqzb4pRbD7JqFFpdesscQIrgmKHVzSK5uH31kQHAee6IDYty1z5p6gyOkWuCCBHMUc/05nL6YNpQBsYQgJIsLxwI0vvpXnF/SrRwlQHDW8+hYB0bAYn4CKaeUOCIsFG0tapYm6mCukbslx6xZVpmkyzQE3Wwx5Q55FIG9Gp5rgvQWWHcKrVYlm76gDPjlOZrUiNc3Wmyt4nZwknSxaGA/xs9BmsTIXYSmEvp6YzgFBo/ujj9Qd35eauecuE/eXaqsGmVa3qwRobDUN5lfIJjm6PEoddpnNi1OfODNMpxYvzQCQJ9HJ4rSJ1PJxAQ4OQJbglRVq+1Qo39TB3cqdMt/nW9+C5ZT+hLfH+lI56v8m0zChuw7Ky7bfpQBXJrAer3BFFKFmEhovuIOSMJcxn+Gu60Sioj+ImKqp3NHTAq/cL8LpuEbqtbSN5S7OtGhC7yV+ul4tvd5yOJLYLqEycx0I8DLAsLeh5mnQq2z52yONBxxH9Qqx+E8bvL6DbB3KlX+kLJD0Y/yWJbluwkuqr8I2zKNedqBXkxNrm4bug2NbeytgvlTSyLm9C1e19xdAyMG38FfhijxZ+kDttPRV5JiInJE5KuFpfU6TC0TLs56fAP7Ls6MbOsTO0HMAQ6GTfXtw96HlxDYF7KhLKuOyztFzcJVN7r5XxoiHfGzXm4', false, -1, '574351055954033762872259690937452193728698818096', '3eda5494-d83e-49dc-aa7a-f15375b9f4b5'),
    ('488640113410675109219289811434549123472869534821', 'CN=Dunder Mifflin HR Intermediate CA,OU=Human Resources,O=Dunder Mifflin,L=Scranton,ST=Pennsylvania,C=US', 'CN=Toby Flenderson,OU=Human Resources,O=Dunder Mifflin,L=Scranton,ST=Pennsylvania,C=US', '2025-09-01 00:00:00.000000 +00:00', '2026-05-15 00:00:00.000000 +00:00', 'MIID/jCCAuagAwIBAgIUVZdhaD+fac+y8hfM04Bx5iefrGUwDQYJKoZIhvcNAQELBQAwgZYxCzAJBgNVBAYTAlVTMRUwEwYDVQQIDAxQZW5uc3lsdmFuaWExETAPBgNVBAcMCFNjcmFudG9uMRcwFQYDVQQKDA5EdW5kZXIgTWlmZmxpbjEYMBYGA1UECwwPSHVtYW4gUmVzb3VyY2VzMSowKAYDVQQDDCFEdW5kZXIgTWlmZmxpbiBIUiBJbnRlcm1lZGlhdGUgQ0EwHhcNMjUwOTAxMDAwMDAwWhcNMjYwNTE1MDAwMDAwWjCBhDELMAkGA1UEBhMCVVMxFTATBgNVBAgMDFBlbm5zeWx2YW5pYTERMA8GA1UEBwwIU2NyYW50b24xFzAVBgNVBAoMDkR1bmRlciBNaWZmbGluMRgwFgYDVQQLDA9IdW1hbiBSZXNvdXJjZXMxGDAWBgNVBAMMD1RvYnkgRmxlbmRlcnNvbjCCASIwDQYJKoZIhvcNAQEBBQADggEPADCCAQoCggEBAM8kfuqhBxz79MRr3T7A4Q+uBLc0VgRlW4ns7yRYwZtL7xEyPMcK4Ts8Ng9/fBo+MLv5gg6QpG45e4TFebZY4WCsGvLOLGmkxSPhH7rsGsVyiuJZviubZE4Aa55PywVmljorzA0beTxUQLjdyZwFC90HNQCFA0DUemUaYWZ9n2IaGrE609VfLXjGmE3sQ3k48jmIb6lY8jHh6xdwL8J6Loo1ohJXm0PHWXjjgoeQaEUnH73QGw92q85JKBBmUNP5I9+u9O931jalPhx6fD1M6eiHJDHmTRbZSkUjfAN1Tpk23IT4D21kHEX8LamgC1tRagbLEQEwHdAQPpsUi/bP/5kCAwEAAaNUMFIwDAYDVR0TAQH/BAIwADAOBgNVHQ8BAf8EBAMCBsAwMgYDVR0fBCswKTAnoCWgI4YhaHR0cHM6Ly9sb2NhbGhvc3Q6ODA4MS9hcGkvdjEvY3JsMA0GCSqGSIb3DQEBCwUAA4IBAQA4rhLwv7p/haN7sJFk9CZ4oi3WaFWI6XT09A7jA1h6CG9NIfRi6niowCyfF9w719B2O5q4az77MMFsyYE9qRO4tzzJq0RnxSYiRvZ6jnvUKUSJ/wNIRyma3NjXge6IFDI+s4jBNrTUaNvYI6abFBGhH6yus2aNTcWmo9ZxCdcuKmu9dURjl8SwGBfJIB9Bucu0ba2AplZ15UW2j4aSdQf5rgf5EXWIMtKwk5KZO9DfJ02IXkGPhonxNAzbWrZkrP1py4PzIpz3OuRdSn+1chU6DLv/2fyQCp4vX1+lMYkZRccFL+7bj/Je1Feox2QQBILgLAG98vtWJRUr7IuTIpmr', e'3I+lZLklMN26qWJLyD1p+mW3zGxAidILBa/3EuGtvky9RIZ+ry9Q00wQirPBCrttTx5fh1F19gBTA6C85bHawjFeC0mWI1F9nWSbLwGv8gIAvi9O3sygoc9nGgWuEzh+lj/SCIu8/agKF7sdZ6NnQiFNKLyUaWxbMUGUj8m1NAhKMCcV8CyIhN/b4fWPH0UDSKfeuv1jxycfhozlmE0pIXM9pJFl/sFLbla5A6lTNv0XBv/TgGDCQnl9vl5syDp4Tp1by9P9WCansYen7TOt4q+lobthGGqSBG+1nmNmssm40KPXWxp9BAW9qEwfAx/FFHGP42KzfBxt/T4I0sMQL5JOqYPMkGqhKeMDO3cBMpHYNqdR13/LkB65I+D1l2gKtD3bbMpfv3Yqx5ritfUVaT5RHCU5/kF5UjxBAC615YJU3NnM4mf+BpjoqBdkZKviiP886TmGSfU36sRNnhMR5wIfK/EPkIVJK80Wt92v635HehUYBBa1cFu/+pFy9vbpavPHrHHND1MkURy8G17hKcj4v6svauAWi8U+eN01cw7MnSGx4mpVejvxTb+0AOaB5G5samQuQuo+qZTnnITaztdiNf3HOVMr3wODeZkNQwNUKCloVAVsX4j7YGxEGsQF4nyXNDaQ17O9p9WKRZBJywP8HqAsw7aEwGDYXIVbl722QboNKXLFXDkjw/+bMFfHkYqD2JPCYnsucb1LMjIAsHF3nBxiTA2y9U3+h3+Qy1l+k3lPG4xNfp+qGaJHiiNU4pp1huaq4BFaLhEn4H1exyw7MmyyygIEX3NdsXdSZG3K6wt86DmP3bwN39iMsPEhUj367DMi19Ew48Gfe0IVov0+nPo2JyGbtivGQheUvQE71Fj98pW399+UvM3k5/06AsDaS1cAd/yauuz+lARF4V2cFleGrUDbvEoixBFDTIFiQjwzwYSYzDswtKLJ5LPggbvCxR2Psg5lXlNuibx1rnIl2hTDEpkLQ9BcotE8Nc3v3ZOyrAm4ildKpKOygyR+QRvW8lVGGnsxLT29QOuaYN+iWcB8oj2flAp/zpVDbUod0Eu4FdFgn1cn084ic+ThC2uL4483qiU0+bSWm5R/U7g6OvcV76i1+uP5TDUbe0nxFO1rzCDgIbALZXWLC0A4XMFDMHeqpj6Cyele+qoyqPXudqYQ/WT6Jw7ERwahCppaykzX+gk1Fgl3jq5hbDMJ92U2iqGLDiHaHdLxK/vHiTy4GcHinzcrQLjfUEXyuqk2yjCaVtpVQ/rM4227kbHGQpLodpq5sPYWadukthfUPijcRSWAIQpjMOzXFWL1A/hHcRSNLZ2G85adH4YPrePO6AEQAjNeAVc805Dg8KkEahqgx8zEC0LU5xLguVrHpml5jj0yk9vcBGVyrSiUBDSo8pfUzxAstCeI0Ngnn3JarzXgS1ppwc8zvgyxGoUgD21ljiHQQ5PRogW0E9XFHAcQZPRkqXqF2SzTi1p/TQz4aRIcL9uUKPoy5ybvVeJU7gmHqIGulQzD9I6SbDc3YxawACOurBzIFJ5mM/SEdYqoWuApu5iVGtu29rxSJKeXSWc6OBl7N/SC7UO3PFmYAdWpdAAezZCnJPMX0zYLhSO1pyRMAWXksoAyaR0nx+8mRXwJ1xa1JW2SGVQf+dyUr8yg', false, -1, '699283637435553917935358825456372806716864371071', '4973f67c-a78d-4e7b-bcec-c185a363a015'),
    ('703389532317049554955712709614245085625305018310', 'CN=Scranton Branch Intermediate CA,OU=Scranton Branch,O=Dunder Mifflin,L=Scranton,ST=Pennsylvania,C=US', 'CN=Stanley Hudson,OU=Sales,O=Dunder Mifflin,L=Scranton,ST=Pennsylvania,C=US', '2025-06-01 00:00:00.000000 +00:00', '2026-06-01 00:00:00.000000 +00:00', 'MIIEBjCCAu6gAwIBAgIUezUT1iph6JTBy5IA8Vlevq7UL8YwDQYJKoZIhvcNAQELBQAwgZQxCzAJBgNVBAYTAlVTMRUwEwYDVQQIDAxQZW5uc3lsdmFuaWExETAPBgNVBAcMCFNjcmFudG9uMRcwFQYDVQQKDA5EdW5kZXIgTWlmZmxpbjEYMBYGA1UECwwPU2NyYW50b24gQnJhbmNoMSgwJgYDVQQDDB9TY3JhbnRvbiBCcmFuY2ggSW50ZXJtZWRpYXRlIENBMB4XDTI1MDYwMTAwMDAwMFoXDTI2MDYwMTAwMDAwMFoweTELMAkGA1UEBhMCVVMxFTATBgNVBAgMDFBlbm5zeWx2YW5pYTERMA8GA1UEBwwIU2NyYW50b24xFzAVBgNVBAoMDkR1bmRlciBNaWZmbGluMQ4wDAYDVQQLDAVTYWxlczEXMBUGA1UEAwwOU3RhbmxleSBIdWRzb24wggEiMA0GCSqGSIb3DQEBAQUAA4IBDwAwggEKAoIBAQC+SLUT/qCP0PVrjXxMuuxhYDFCc11u8bdpHrD/oCX3E0yt6fkiDi49rjuzpxmQzSaPc2/qRtk7J3MbPmiuEzHiFS3ZsqExGDyvPAnGaIJCTYIgwLl5xOyEG3W2g0PbOeFdRYcABkzLyD6BMIQXFVRL1cAGG1bXcw+yrGXTzjg77S9R8ZNrqJTvhRETQxG+UBxbhl5lS8vAZEz4F3Zv1Tyj9Mt5qkYh0oj9jYKS3vqIfYvQo9q0T8NGkEZU8Ak7HE8PWawwjFD164NVb9JfFMnT8FTc6MZW+sUCDTcGqFNkiOWDW4PecyjZ+Olnrk1QnyLmtdVk/VhBwyKtFDVsPeSfAgMBAAGjajBoMAwGA1UdEwEB/wQCMAAwJAYDVR0RBB0wG4IZc3RhbmxleS5kdW5kZXJtaWZmbGluLmNvbTAyBgNVHR8EKzApMCegJaAjhiFodHRwczovL2xvY2FsaG9zdDo4MDgxL2FwaS92MS9jcmwwDQYJKoZIhvcNAQELBQADggEBAC6sBPrUxSIDd6KVFk8Dg8HsYvBOGfKD8yIt2bQKIdtEkUAbAt8+y5+nVsBgvujCu3zF+VAwz/grFnQo/XtyslfPUf7BALnP09TTnYO3In3mV2Cizc9O8o/q42IS1DnhnVG/7+IqXUlsvVcfjYPF3zTWeQ/Kig44+KWF17rhCtVk02d+cS7uB4nLT90oY0Fgqh3t6PtwB4neZ18oId2LOAs2ebq3Od9jnajdavLNZi6ZukplcfFf6hT2utLyxMppji3rXOacbPKYFRrSbJsKt+ikZXmTrAoYgDiiPdDckNHfp3P9RZTwcHVis1QBAWNPBsF6T83Ld1Mzb6VsfU0hEgI=', e'vkH3/COo1NP5oBsjKSsSGr07Q8ON3IDQ46Si0JEMagNoJUNzYImPDQw9cswbBu+7WimCcyI/7GeVb6k8madixidzL65I452v5AGyV/34q7gVqZubMk848e7egSsjlFYM5/PsVh6uyl+5BpcAr1Eljg/g6L84SFFKAkxrYA2mBdLjFHY+UD6QJs+mCspulwOo09C67yzC4+XO8k8fcXqYaefMoxNgQxIbtx10D5HYUU7zn65Vf7L1dDyXqMD+rC3KguUqimx5CFvwhX1N6wBurzEh5BBuFbqrYaxwSuwYLbK/wOL156vIV+FIqG0ip3ZDSQzrVOoTQednpweXcBGZMV3IBakK2856nfyIRremss/A+gTSRnnQmpFVw2UbOIDXaA1t+tNxIr3Vnbeehu9b+jj5FRN4WBSpOTW+hx0NDuySIJt3msHhtd8a9LOGLxejpDZ2EMwFhfrLbqa3qTlaXCLvmgMY7/AlUlac3CU2GkBvTW4oqFRSkiladi0XWLuzxDOBxn7xWMfupB1qB/VJvfYn4vyRbxrzy78OzYI1FfSWVNlwCPlAaPB0sIIGNQutIVWo691NobfB6jZuR+HnUgurDSDDtVLTRwi4CZJ+MZuFk79Y7oGJv86MONzhWFPkEvcfq6ijiBbWHuy1sn6Ad8o4+brT9x1kDgFlA2Hn94oUbySmGaClW/VmlE1ewUJ2p/WjjSaG05l+FL67+TA2Y7Wero61FZ5KUaCHQOThzFTfBJOdEw3rIBMzXtXZFzL0AxkhslhCi7nM2DRe2jb97GH07oZgNz7uokXNiUKthW+swHKtYBOyU8eQPcDCNSOE1R/49Mso7M0d2Bf7IdXD8hKKNkoXmqEtC1HI2YIkJzMdSPV5c4DV4L4D3Tv+FA/tVZL4OHKsom6VeLFBpDgi5oTrZS1tVbFf+uqNo0TN5fYYtxae8C8eROZnMwEgqQ/mC5XcVypqgOAau3A3ApSR3hPeDkwR9WTJPcrVJSyxCEsk3CF64q5/aOuAqVTTRn/48z5Em0fByLP7ngsg1DVstXPBhWQju2gl6RkX2y6nPYfIBL2vEqfZ7Neo4ys18WFP29o1EOk763e1AKg27XWKQY+g/h8ty8tn+aijkflsi8C4z5zFqlP7tGQS8EfTdY+gN1l4JoiEbwk+K+Ea4a+HDBW26TsG0yVbTd3OSfAAN7oNpQvmnIZ8uBWVbWj8afobkTV10RLK6xiHgdraYp4O8HmqZiut4/VYto8BKtF6M2POaW6QRHbKyCPF8L9FP7ZLIaK34iAeIs8ipM79ErbEy14jEz3SLyWpqnEWoanrhkiXFThH+JMKLyES9ARC/IU4fdtCHoisgRpBVV5z7BZSNbPjz2RqCHwNzyFaqciGIzb0xVC47odmpri60qKrM3x/J2GE8xpjdxL/m2wZEg4wwIkt2ZE+rBFSPQgCmV9K0TuJb2xRBxumdOghuKMBWSgvL9SE7nM8rsH+vtWeDaZIPly9pjMHHWgCz1wZeUZIb8A06XRpxUYG+m6eLfb3jZnZFAsBSsTlJWhYUfy1wN1e2anOmfECiCPRHPXc65GqwaCYT3wJe0HhLCv3Pg9E3Rw0iU3OA94ao+4K2Qi2+itogT2VjrRytpTcKeNT0NVv8Jly/IGhSaWDehofHGWKx4sc', false, -1, '196501676397237473063314034441634861321815843850', '3eda5494-d83e-49dc-aa7a-f15375b9f4b5'),
    ('104379447562657397368403143065171829585795009328', 'CN=Scranton Branch Intermediate CA,OU=Scranton Branch,O=Dunder Mifflin,L=Scranton,ST=Pennsylvania,C=US', 'CN=Phyllis Vance,OU=Sales,O=Dunder Mifflin,L=Scranton,ST=Pennsylvania,C=US', '2025-06-15 00:00:00.000000 +00:00', '2026-06-15 00:00:00.000000 +00:00', 'MIID7zCCAtegAwIBAgIUEkiJS2Ev6o2MBXLuSYg8bx36yzAwDQYJKoZIhvcNAQELBQAwgZQxCzAJBgNVBAYTAlVTMRUwEwYDVQQIDAxQZW5uc3lsdmFuaWExETAPBgNVBAcMCFNjcmFudG9uMRcwFQYDVQQKDA5EdW5kZXIgTWlmZmxpbjEYMBYGA1UECwwPU2NyYW50b24gQnJhbmNoMSgwJgYDVQQDDB9TY3JhbnRvbiBCcmFuY2ggSW50ZXJtZWRpYXRlIENBMB4XDTI1MDYxNTAwMDAwMFoXDTI2MDYxNTAwMDAwMFoweDELMAkGA1UEBhMCVVMxFTATBgNVBAgMDFBlbm5zeWx2YW5pYTERMA8GA1UEBwwIU2NyYW50b24xFzAVBgNVBAoMDkR1bmRlciBNaWZmbGluMQ4wDAYDVQQLDAVTYWxlczEWMBQGA1UEAwwNUGh5bGxpcyBWYW5jZTCCASIwDQYJKoZIhvcNAQEBBQADggEPADCCAQoCggEBAK+UAN8VF60ws8snukTN031OZ0M4wuPk6zhSpBa0OVTjvLPsCER14o82L4du0/rbNvquu6g9VZYPGAXecs/1sXdCCRU/RbzTvWKL1ScqlSaKitHN94MRJL+INqJPDtIiUkuswzli/WK6FCUFzKBD/3imyhTBpdkCE/Txh92qj2q8zaxX+4XZ/egyEnGTeMXlCMZa2X88NcKNguXSBoUptfpRIW0VNx/F05OSKHXLI4B+cwGF2ZcH16/A0gcvPIjqXzO+XMXIGf175W7UIejtMKPK56lFQY+vp2M4WHcOFy6fOdiJIaO67B8jfw4EhppYcyhgDqTE7tr+ePgOwVrnoh8CAwEAAaNUMFIwDAYDVR0TAQH/BAIwADAOBgNVHQ8BAf8EBAMCB4AwMgYDVR0fBCswKTAnoCWgI4YhaHR0cHM6Ly9sb2NhbGhvc3Q6ODA4MS9hcGkvdjEvY3JsMA0GCSqGSIb3DQEBCwUAA4IBAQCJFXmV/i8jWsALII7Dzs/KuV8xWahz2umsXzZA9gXj0F0lmMnUTVG0ekx6gTHqePjB5oLzGaVraRXDHiC9lyl814XBkVtWl8Fo3qiCJeP2dNfPzUQNy0BpZ6ez40sowjUzhu+et03KdzUvyjjq7LsszFBIP/TVhOQrNAsSehcVMVKYVkoRs08cT+BfmJBji6SrCMihCF05O5XEdlQlV4zRfwew7hKLNTavulPuQgtgVjYFomk/Nv4JP7mFmA1qoZ1fOE1zcW7bG6tOmp89GviJGk4eC+Aa4xy1MjFa2rViUL9+0XGXiV0KXo+LA+qz7PG6SKIf1WZzysJvqSX8764X', e'SR6q7KarC6gQCb7egpMJkM9P/Xw19yMi23DBwRMrdRRdjdeKjCYagA0MMWjmYp205ULnOZCPnxp2iRYWwo8jSz1fLaoJAIeGMjxx1QWNxMdtQga//l/N7hZoxhywVteAekd6CdLmNZpBzMxw3dkPwJWGsZnCQ28ffZkFpoUFSFoUkosdLjnxuTdKlglypNirWR4X18DTSefoRTHgM8suuq+El/PvZyP2rK0lAkaiMq6sruFadcmXXpl7GZEa7iuQ/Wh+11MfeyocfXiuCjbdKnlDxXRvI0s0l5RIpwTsDb9Ld8n3XrA1Py+pPQ7B3dAbxFTzj6hmZUuT/h5pj5XMP2NCT/JC5Y29GmzRhHkSXw3dUUYO5XKGdtCnPhsnCFTiW9int7FZw+yLQut+hztY0mOjn++9Stoj6c982BwFZd8mN3C6ovH1+4zv+BQ4noFa7d5agh18DxBmWmBgMxjBbOE6LMJw7RlPI+FWNUyPTV8VA8c8vif4RZ6wKKGFkpWKfAzAM0+daAr5EhiFsyy/cpzenmTSIyL+yyppWXKXpjjsLGn6P5Qj/NCdpOC+j3e1ojsWiiR99MpPs8t2iA0k5djTksBCfFgMYF1rtLXY2D+9SgqGH5WCrXRgfJsLOBHLzOwbwS9aM1EV4AgpEm8pT+ghqTcyYcpzFzAJwVfBSukbWLKbadRNr/edY0AD7wkDS4sf00RyyfW2xS5Jk2V7L/kgKFYSE5D0ZZagGyJceAsds4tZ0Z/tqdizPwHGGWd3vTLVtAbwJIYsSC1HKeZ/MPXQUdpFK53rSLQIDco0Z1WAIUdmYCih2TM+d+oRsb3jcl/nxCdcRF1x5JtZYsZVg26QgddNPC8YrJqZTDxW8RDiKmTeSzvHVi8kCxm/ljXdSSaWXoQqnn8xlgcbQXVUMiPtyEOvzOpflWk3v8sYoZOlRInzql0ylXhrGwEUW2jmUPip3A1JAlXHj+ttEIUgIdreuNKGuJOXfE8jDry5wBaOyj+xYX0nOOE9fx+WQKeyZIW1/lMFUbq59fgJhUvgNGwX9PRNQ7eu+DDlhIUSb/gAlbJFNqV2jN/RWpD1MI0kybWATxtPu93jijCGRKGiKWr3uWs6Wv+rN4ZlV7EBnSLTi2NvVaROw101XzTT4bmyzlrHr7q7LkL869qGB/nXXApxS8u64955Fgx7Gyub0O2JffF2Lf115R5QY7dut5ydNshnzxkyEkQSVyytTQsc3uCtAUiGRTXb8R1bacrUbpyKISw0Vu+REj4Qfk6W+yG+XjRoyijloLfMH+ere+ONaEL9QKMqsQaQT7ja9zKWMhLOmmeMmAMNdjMco4LnJU/qfmJR4NFgKQQFIqhVyf1Mov5IJVj0syCmW2dmsQj5UI98u0UVHorl9k2geU197+G8pU5oUzNX/2u3Qi6aOxeyE+z0M1/xestY47Hl0PtReOJ1igGuA0fEPnas5CY1dx3ilgXf02M/AffrKqUEGL20mG6OYDmPCo9szB3U46w/F/ZM+eQUEr41EjU3/tsyOqT5CnXqtrFA230OaDbKYMlZDF/JX88gMMZ6itSxLHNKWbD9xC18lBh4NlbHBUk3o/HroPVKJM1A4UBRxLHokiTomRiVS8l7heg3otJPd5ZetkKHW0P3XUhNI1EmBM4EEN9t', false, -1, '196501676397237473063314034441634861321815843850', '3eda5494-d83e-49dc-aa7a-f15375b9f4b5'),
    ('498318448008848396179244276447167172066693319481', 'CN=Sales Intermediate Cross Signed,OU=Sales-Cross,O=Schrute Farms,L=Scranton,ST=Pennsylvania,C=US', 'CN=Meredith Palmer,OU=Sales,O=Schrute Farms,L=Scranton,ST=Pennsylvania,C=US', '2025-11-01 00:00:00.000000 +00:00', '2026-08-15 00:00:00.000000 +00:00', 'MIIEDDCCAvSgAwIBAgIUV0lfPVzBgdrqJCEXNhusL9u7izkwDQYJKoZIhvcNAQELBQAwgY8xCzAJBgNVBAYTAlVTMRUwEwYDVQQIDAxQZW5uc3lsdmFuaWExETAPBgNVBAcMCFNjcmFudG9uMRYwFAYDVQQKDA1TY2hydXRlIEZhcm1zMRQwEgYDVQQLDAtTYWxlcy1Dcm9zczEoMCYGA1UEAwwfU2FsZXMgSW50ZXJtZWRpYXRlIENyb3NzIFNpZ25lZDAeFw0yNTExMDEwMDAwMDBaFw0yNjA4MTUwMDAwMDBaMHkxCzAJBgNVBAYTAlVTMRUwEwYDVQQIDAxQZW5uc3lsdmFuaWExETAPBgNVBAcMCFNjcmFudG9uMRYwFAYDVQQKDA1TY2hydXRlIEZhcm1zMQ4wDAYDVQQLDAVTYWxlczEYMBYGA1UEAwwPTWVyZWRpdGggUGFsbWVyMIIBIjANBgkqhkiG9w0BAQEFAAOCAQ8AMIIBCgKCAQEAlEp9nK9bb1H/gnolTkpIzpT+mSWIRytJy68B1eErrqK0sRBwi7DwgaBQh1v1FOclRUnxrn8Y2aL/kVN9Cq9AbE4tWbwGrm2QvjpV6e8Sz7nRXuGmteUehY33txFG5ff/hKbaPDbuxgHje1340vkPDLqTontNhDRrsAfCr9YFjX5wxr1TSUttqAKZFviIRLkFPMMTp7GTj4Lxc29dWfAcE206PvOXmF7C0TJpIGvLt75Ak79Y48XEpLJmrazFVWyU+iy+EtWAR+kDHGIE0UWEqFN3BFCBCTfL+ftyimwUUMnetW5it2jpTOtgg/0EknxlvNRhZ/LeZAuRePA8CMY9SwIDAQABo3UwczAMBgNVHRMBAf8EAjAAMA4GA1UdDwEB/wQEAwIFoDAfBgNVHREEGDAWgRRtZXJlZGl0aEBzY2hydXRlLmNvbTAyBgNVHR8EKzApMCegJaAjhiFodHRwczovL2xvY2FsaG9zdDo4MDgxL2FwaS92MS9jcmwwDQYJKoZIhvcNAQELBQADggEBACq10QOYG2jDXgYSmn7mk80iFHqWu+cHqCh7cqYM66dyexEUdfnQpVp2xiMtVLerfFhWUxiNolhrhYRRc1udEJ8GkRnU2m/ncTQZkHBz8+1omU1OaEzaFza65hQxjh3vlk4N4/mf54AbZBsXQBypdGpeNL9tldtmksx9h5X9WxRzzFIie0cGiWtHM5sXT7L4spJm/drqhgUPJ3jWUyY7XkswAXFV/UCnDvfiv3JJ8PIInmcuvYAXqgRTRNLCtK5nwtIJV3WpRL/XZCN/07lOvLB18u3HV5k+cuRYAdbC+tPxbsd0MzchGYxYujejPnJQvYx4mIYXuN5WI2JUR9ieYzI=', e'TgVSR4KN8FSGhF1pwW9jTrRJBCJFHjA0adI6mfyBkFmvgjnPlyiVENGnf04O0SnUR3FhQFS1Wp/P1rWhWqDjMAR1XDg5mO4B0PVe+1obH/I4oqQxYgY+G4d9Urd3YPkffG7SW266CNyRUwzodvX00oWlT4eRBpLa6H16A39IyCDchI8R3QL6NUFV1eZmU7HeEldZVJxhcAtuoBpMmTyUJC388W6/E4UF1j4kWSSueqOdi0tyEqK6du9tkELRbqSCeXC4ja3DIdzGj9vxQT6FG4dr6jGe8AxUzsWhKrQFn0WdlhWk2ayRruIO/ZE4gYYr5uy2XXRCyEOxS77ps4fah1T5ZPbGUU/G+dtTxAsFeSh8d9OP4kcpZmv9IkSpf2wdx+5LouMAGHzOF46urvqJer7I5gW8AHVhZ9vkwsNO+bx+jn8vvSTBtoRqvayyYlbC/hx7rCyDM3YXFRJ1i42pCxA2AeyBXuxjCR7Ud+GSb0ZKtnl7x0/6daejqkeg6N2XxI8olDSTjb80MI1Lqq19+dulVrIrQOfbE8ti+uDnGZ9II/qqRSg0q24+xS72eNhjzzKj8cSuiC2oSj8smOSwmK8HwYAy3al8KYuejZHdsk/sPqPw43W4D6avxEjgnvI2MvY+mRat0FyruzpKEaZJ6M1Lmlwq6m/KAmKsM0LhZCMtINSndtH2Wcjh5hTpeKyF+aJqopiblpJpntkenTZd6BMjcC4Y38KlDH+ZZjWKrsH/VnqlANYTEfdZkDvTUjKmZua5ZzOoptkGU0/NvFA3S0kwSK/UKngzb5iKkEaZQCzckTB9vSsTwP+TUrSP+7zpPUZGgHSqyGL33UjtMO0litj2om6/F7YeFdZtn9wojEJO+KD+uevHZ/W5jKIsWjAL2s5gJHNsCQYAPwyVzFfJysxIsSTwT5zCCSdj/7vAUs0oqdPaiNJlEmGS9pGSFYlcCVep4jYUYeL/s3yxEkkR8eC5BhI+QT2cWKwIHE5DGE2fLmraHVOhkbAvJVwfvJ8lIYKYHK0oM7YdhHvB9sA4mzSpgMNZZ4FZwFsUJEf1rxiX2Gu032P33kpfqVUmJm6KwCVep7sWj6tyT0zAzR0ZjvSGDRQDxDd6tIxjKhs4comH4HB69DEgTVxH3Mg3n+RUuSE3XuBmLBiVbmJC0sfftejjLQs+45a8t+85TEZjJYA6TkR9rRQWiiTN1F0WP0lOcD8BNWgjJVF+UQUuOZBgcWeyQqjKC2kf05WPSo95aEqZBxIixSmhbPg/2usomQmY5Q0s5HV5L4OgcnFng9cjSvoO5wEH3+1Qh/oO7Ym6D3gk+q0uEtW2IUVuFPBuHzN2bnG8X34rz3WWXG9XiHEdGYdoZ63xFIKBF2bib4WU+svYFkrsDtSpKstPLH9TUHZZZ9q1gAofua0LGkrkObizw4Qk8tCsMTVdAlgRifeYLoB7AqYdM/3vf2U/Goyy14K3GrTz1qjh97hm8ZNGcfzA+O3HGJX7arqYMjpcpF6cLijLKSLcjQa4QPCknzbN2A0XWRO6jiK/eH++aobmn0XUn4RsBw6XhsmYzQGwaph5gR55UKuxBfPRoXpEQCDhWQzBwMgeC9+YMaa9IKqEoNy4nDtUk8N1GPDyanKIG1N1RzQ=', false, -1, '343105307375749772618766893881545275749421357758', '303704ce-e854-4fa4-9fb1-a397d3a46f91'),
    ('118074819070727549832071114882516609148184092917', 'CN=Dunder Mifflin Intermediate CA,OU=Corporate,O=Dunder Mifflin,L=Scranton,ST=Pennsylvania,C=US', 'CN=Kevin Malone,OU=Accounting,O=Dunder Mifflin,L=Scranton,ST=Pennsylvania,C=US', '2025-07-10 00:00:00.000000 +00:00', '2026-07-10 00:00:00.000000 +00:00', 'MIID7DCCAtSgAwIBAgIUFK6ocvrh7K58s83W49p01z4C4PUwDQYJKoZIhvcNAQELBQAwgY0xCzAJBgNVBAYTAlVTMRUwEwYDVQQIDAxQZW5uc3lsdmFuaWExETAPBgNVBAcMCFNjcmFudG9uMRcwFQYDVQQKDA5EdW5kZXIgTWlmZmxpbjESMBAGA1UECwwJQ29ycG9yYXRlMScwJQYDVQQDDB5EdW5kZXIgTWlmZmxpbiBJbnRlcm1lZGlhdGUgQ0EwHhcNMjUwNzEwMDAwMDAwWhcNMjYwNzEwMDAwMDAwWjB8MQswCQYDVQQGEwJVUzEVMBMGA1UECAwMUGVubnN5bHZhbmlhMREwDwYDVQQHDAhTY3JhbnRvbjEXMBUGA1UECgwORHVuZGVyIE1pZmZsaW4xEzARBgNVBAsMCkFjY291bnRpbmcxFTATBgNVBAMMDEtldmluIE1hbG9uZTCCASIwDQYJKoZIhvcNAQEBBQADggEPADCCAQoCggEBANbA/EyMYSVKQrqNjlblH96AvSuXEXmeHvPNw17q8PYwxQ0O2xVciYzNwMfcB0u9Zlk5Z1mkTbN/MrDXc0rp4N/Vr5pQbXeO3CeLHWVINVUp3vo6VgHMvacOPSYitj7GuMGQz+k3a+R1ggbjlHI81k5njAQ+GGatNNY1ojTLMbqK4RIzWCKXxqrbS2Zy+6v64Mp1bxYqu5zSBv5qDP7xm0lHjIwo5YdabRu0tTuh++5qyi+3BVZxC+3EOp1z9wHAaY7ieOO7T4UJIzS/s5ykSg2MDXdnRVhZec8iA1mTFLKFAk4FFsn6M1JNIq0aGJEMD7OmcpLGkcVKDybflmvyunsCAwEAAaNUMFIwDAYDVR0TAQH/BAIwADAOBgNVHQ8BAf8EBAMCB4AwMgYDVR0fBCswKTAnoCWgI4YhaHR0cHM6Ly9sb2NhbGhvc3Q6ODA4MS9hcGkvdjEvY3JsMA0GCSqGSIb3DQEBCwUAA4IBAQB887EY17ls5NbkXT4r3yZ6/Ug91OOZYhZ4sRIDDSeUsJ0EiKchGLaX9pWhjIMTaf/vCOp21fjVgEG4EhpRDwsPt0fm0dDoH9Hce4VjXRfKza7xECgicKVofhIpEGMnWt1eZ/+1h0BTOiSUBoNinok/NK5PNlu/M6za9H59HB8Fm+aT4PePWTSgz3E9zXPfrHg3wiKQsoaI/NeoYKaxg9aBv4SE9j4HxJikB/atQAZpBgrsxKogP4EzkjFbOr46RGB7JJZSNNGNyAo4gQdA87nTkF/EhvZhDOI8GYVWgB3e0TpFcq9+lMnI23bDWeksSVkt+siYPlNmbTqu0uTxVKp4', e'LQfv5y7aRB7TStg/btCjZ9bB9OEsvWPqBEzte6gNIUK55Qf63q+6rAkC1W6C8FMLUQv6mpp36SIO8cKlklG5QVQvagoCwr2xj4MuE8wwvu1D3KV/1ZzIAhzBfK5G1X82Ow1NT51+Mmu7Q9KeWyH5W1K63riejLNn8O85Czzldf5InSgUxtIJ5Rz2PGxjZB6UQDI6rnch/jZMooxW/GVxUIKnE0Sj+IrOgZAay9zDo0Iu971sV1sGDoeaz7LaP/FvbUvaq962VxZ2KLMI2FRm32uBiaKL0nkl1ixfH8n/RlQG7uDaCbtviQ/4xgemDfyE1LCuZ8Mo7DGEAPi7SntHmaNRyq/hv1N80x2lDIZuDipbzF7moHy1dAi6gRNy+5ocBODfvj9qkwAESDASa4N8NX11EDDoqaS+6VEUtaHgBzFPQYhTcXx0gVip0SbiQvb98rxAV4SaBe+5DVq33ty5rTx67Idt1g9naTfvy8V7qlsC/poTOgYLn+so80RnWEzERnxcvKi7z1/5gpbhO+vnxejHpp6AHofhsnJIqP1IvihzIBFHUimp+AYoFAEDfnhYz40oLAe8h3nEoG3sJlKM740OfLH9YDLqcrEsB6D+0AFpf5K/Wd97VzC2f2TdQOei2B3nIYFEcN7Al114RMp/Z1m5FGHkHgSRyBAO8TfNgXhCfjcjX+ke1adtgzifeWiJ1IYc7RJ75ckAJg/w4walcaosLRzo/ta0u5yk7RjRkDg1udQcE8kSbpBK6b1c4yVG0bBeOggtAZ7U0fegHMRkaJpFN88XsLIl+o2U+uwCUrIUyp6/XHN2mfObMV0dHcMyhe8OVOvQjz0XYs8hYQzGRrBKsAw8S4bMZU+pq+3TeKTWqKdgN1Rvj2Ri7dABQJk+DokMjGi1m/2OyRBA48N/iA70xL5z6E/eFi8GoC40+wtObQ+4rftCBhDRwVv2SNE1w2JEryTxUZPuSCebHtjXdIBlDGxlY3jzsmM4Wi6UR23ItsDaPzRSN4xol0YNneRGShmOmynA9GmrQRsoP2lhRWoczsKKplZq7Z1I6rWiAsEMs2IQYo1n6hl40J7Itc2R5GDLZZxFWxE9fZnwUfTPZt0Vqd297D5N0wXbYfyFWVJcm77WztYbcEIWUPlKh3VHq2wAdKMgWUpwFu/WirUk+eTJGMSbMfreZGrOu7psiXAMX3DZkYx+CPT7KHPjefuHL/Ca3ooByMXOAfalG/mdCfU5mUBTt3rlcR9c8mVT/yt6b+af2LfjzQq0UpZ9Kwm43ecbmHLhE1v08p1hCMwYW4s4WnhH3MscPRvJkOfdciVLsSSACiNXAqHCGtVljycRF7PcPE6wW866DbqnbHxOpUQrKuoZNpzPPJ4svH0OpnPZTbEVWUbwUyD7yOZmj27uLXxOJ1HZ0Ul3pNj8FKqcV587vHP9kzqMOMflDYnmjX5dw4/K3BvKPQSYIHa7UxROddpYaDbXbT0d+Tv0xVgcGzL6oMRj4VyBDk4bIb9zCuRrST5gvosZf8n0QDjAzhorhWBuGU8x5/gSgabEnGAvBG068Q21dodCun9yw9VRAXYwKKj+s0uqhPnEMRgdHIcHJBWgslGMrlYypjHLZoLCV1N4EKPChT4DBqfYLINCXLIQKTHAHgVq559/MOAxxVx4', false, -1, '207072179505823254148042333470934774606954093113', '3eda5494-d83e-49dc-aa7a-f15375b9f4b5'),
    ('29604459295809616717092307768015917800025873283', 'CN=Schrute Farms Sales Intermediate CA,OU=Sales,O=Schrute Farms,L=Scranton,ST=Pennsylvania,C=US', 'CN=Andy Bernard,OU=Sales,O=Schrute Farms,L=Scranton,ST=Pennsylvania,C=US', '2025-08-01 00:00:00.000000 +00:00', '2026-08-01 00:00:00.000000 +00:00', 'MIIECDCCAvCgAwIBAgIUBS+ChqdHR78sdLMOIL59l2oF24MwDQYJKoZIhvcNAQELBQAwgY0xCzAJBgNVBAYTAlVTMRUwEwYDVQQIDAxQZW5uc3lsdmFuaWExETAPBgNVBAcMCFNjcmFudG9uMRYwFAYDVQQKDA1TY2hydXRlIEZhcm1zMQ4wDAYDVQQLDAVTYWxlczEsMCoGA1UEAwwjU2NocnV0ZSBGYXJtcyBTYWxlcyBJbnRlcm1lZGlhdGUgQ0EwHhcNMjUwODAxMDAwMDAwWhcNMjYwODAxMDAwMDAwWjB2MQswCQYDVQQGEwJVUzEVMBMGA1UECAwMUGVubnN5bHZhbmlhMREwDwYDVQQHDAhTY3JhbnRvbjEWMBQGA1UECgwNU2NocnV0ZSBGYXJtczEOMAwGA1UECwwFU2FsZXMxFTATBgNVBAMMDEFuZHkgQmVybmFyZDCCASIwDQYJKoZIhvcNAQEBBQADggEPADCCAQoCggEBAKYtd8PBaLUG/ZLHnxe7F7Df2k9DIqLLKosUJPOChDxgupKXqURpgRg6dDTKb1K+zuu8kfeTYU9EaMDNl4p0jD+mCrLZ3Uo2MLLwhfenvbaJjbUQgXlPkRKDe8xxQ2lUbwqK02xVHFsjCDS/RnLxglekDQXz8zgrhP8i0Yp+IOj1AcwaXlr0HsyM9PRk3sJwPBog0ChUOB76H0BFWth92fg6pvG9ehNW0rjPRbpY50DTg1vyanbOxCdhZX9AjC6uJtq5X0CzmV5tHxok7JvExDUruFF9paELasdEZG7G3AwfpN/+oUIXuCRm/2aJr8Ao0teXT0PcVNo2VSktueoDJmsCAwEAAaN2MHQwDAYDVR0TAQH/BAIwADATBgNVHSUEDDAKBggrBgEFBQcDATAbBgNVHREEFDASghBhbmR5LnNjaHJ1dGUuY29tMDIGA1UdHwQrMCkwJ6AloCOGIWh0dHBzOi8vbG9jYWxob3N0OjgwODEvYXBpL3YxL2NybDANBgkqhkiG9w0BAQsFAAOCAQEAPEb7ccjWamA4h3hyydKc2PIgoiDHY8P5BOgbb2L47cRIEIk3g9HouR8ddYouvMPetM8k83ElXxzfw6SqWtY34mBG+voVvfu0EIomZqLZA0wAkzryT1JLZvhfx5OTku+G4sOZt5Q5xpgXnRE8whnC2qdzBLaSWABo75s/RZamAOzYiFjqR/R2aIVRaWAm5D6v78Q7Qrm4TO11HT73KnawiT8UqSqx8wLccZRur7D5E0jWqwTisjOF8mL/9Hc17TXIdRYoMoJjAgwdKIMurS4SHyJYAOO1dinp6TEOGoBv4MUHQUA3QZJRcfGgcLdcPz9SKZ0/XY9utFsVX+iAejt6DA==', e'BDqp61TwkF4NuwZWqlAdmBN804ubSenjrHfXhNTIbCs187bCJJg9ZEzpWmFaCznablTs+Ep5si0eKAeKntoOPnqooqakLPKkO4gTZwcWgFvR6/KfuvW12wApK6ck/JDZ8XQrHjcXcEw5MpZa/pDpwd7MNEX5zotO/xSZz1hsRivvs+IuHsGVIKjOEcF5+W735OQeaDUW/IcYhMU1ImLHlTH1UlynTt/eNxvZ9vDYWqWt5lmR7fEuF4Wgo7p4O3xtb2wcv7tTosOeTzen/iT1x7l8MuUt7+fmr8EFWuJUhDIzd99s7DLZnaAoGS5VmxB9V29xZrKqWMZNiUNer+KZuqQ48wx73DuQrVurjylGmup6R+swgfBU2DIV5PczdiDAuapPMJAh2CYHcOqCdGy5H3Ka9r2VixbSkY/8n8DvfTsG4AIgIkb0p0ax0OlR5wCbjSbs9ylnYgFllVy9GbGq7+jOmO0DBqp7jk75q+B60Cos5rX+cbFBCSMCnP/oYFjG5fRWEwGkt19r7BC9OmfGsvLSxeGfMGTAdKDOByZg1QdZ71QCrGNrgpUBzb0ncAvF69HNIpNvOznf0EivNSVM2l7siFag7FMYMuEXJVPASQ/6OM8wyfo2wW97JuqVheoeVcD5Zv2NnWyMEedTS4L7Ah0LAB9+gWh6RqLXl2Sc/qqcHUJgGbXGa+2zIaLF2c1sXMTRovXMa+q7kUmeahqalLeWVxjEDymaSyJPKuh/DogtavOR1BvFBpiUkrZdqDigjIeQ8KE/OUtltUfecKIKLxv3LTC2IHZcHxr06Bii1LgjMiCCUWNsPL8h26GD7TYJoZomccVdAk/OuhK2HnEWfQqDct7jsNrZq+R4rLf95cFJYep/eq9yo7L4Qaek1vrwWjqsnnxZGAJi9NBfGJi+cxwsKuZVqi+Qg76ieg3YRAnUF8NQJkveomWdNrU8NPn/LPjltOQ9NjFcIWycyH9HyQDPjXgN7v+3/sGG04rV0+4cVxIhRKuRfn8CckaKdcxsrE45LYToFO2TYdRxt/fHfORlGvZEtqkV4kKgtztrulrWPrse+FMk+HyyU15GYXqw4xTrEjE6+/ZIsKAj3l8wcJurpgElsNG2fbxsdLLEmPcRL2F/c69cbN6AKCortFqrMc5Fe6vS35l2JGVbF5SBeX5giGPhsof4ZHZkfytUrqXkzGDQl1IvcS4TRjnkOxq7J4p35t0Eixs458PjV1g7Pr3Brmq/GXYIu/sKWggm1kgRuPNm+mlNysaqyW+RunohB6bFpmMaWC3IM2gETLUFba/Tt/AOXwSTUlEwF1EVKtkgzDkA2f8QWMqIPsKKDRCyIQl7sJ3Ywfd+/aGXDrz+yBYDKrEO+PxrRccKDSEGSMauCqGyVQAOG8VOaaMJLhQRPuxeFQpOv+m6hHbioy7kS89Kd7MTNWquSnTBaAZ93P3iAOPYyiXbO27BJJQ1uKHtvOPfsqRNQ9rfEgcF1kWZ/oq/0m+unBaQ7TyDCkSfA+u00R0M9jxW8p+767Zb7luclwq4+MMYy1P+3yb8OlXghwqUfMb5D5mvuPw9W4gJtKx7mOhEteX90gwXIgIUKFVIrg8/O8W+xJ8kuLVLH01MLX0hTcBkgbjNG/YoCuhdEsn00xGXlOKV+wM2vGwnlNa3', false, -1, '716778013001004961396382209864982186458468595788', '303704ce-e854-4fa4-9fb1-a397d3a46f91'),
    ('304974472820233842028565337174330476040580850368', 'CN=Temporary Project Intermediate CA,OU=Projects,O=Dunder Mifflin,L=Scranton,ST=Pennsylvania,C=US', 'CN=Erin Hannon,OU=Reception,O=Dunder Mifflin,L=Scranton,ST=Pennsylvania,C=US', '2025-10-01 00:00:00.000000 +00:00', '2026-09-01 00:00:00.000000 +00:00', 'MIID/zCCAuegAwIBAgIUNWuHQNzr9Bxtp4ucUcsouUkxYsAwDQYJKoZIhvcNAQELBQAwgY8xCzAJBgNVBAYTAlVTMRUwEwYDVQQIDAxQZW5uc3lsdmFuaWExETAPBgNVBAcMCFNjcmFudG9uMRcwFQYDVQQKDA5EdW5kZXIgTWlmZmxpbjERMA8GA1UECwwIUHJvamVjdHMxKjAoBgNVBAMMIVRlbXBvcmFyeSBQcm9qZWN0IEludGVybWVkaWF0ZSBDQTAeFw0yNTEwMDEwMDAwMDBaFw0yNjA5MDEwMDAwMDBaMHoxCzAJBgNVBAYTAlVTMRUwEwYDVQQIDAxQZW5uc3lsdmFuaWExETAPBgNVBAcMCFNjcmFudG9uMRcwFQYDVQQKDA5EdW5kZXIgTWlmZmxpbjESMBAGA1UECwwJUmVjZXB0aW9uMRQwEgYDVQQDDAtFcmluIEhhbm5vbjCCASIwDQYJKoZIhvcNAQEBBQADggEPADCCAQoCggEBAK8tRTZXuQS3iE2YSKuLpU10ARt/Huoog6LhuJ7GG/lj/pRF7UsrpfZahG61H71VQNyygvhiBVkkr1F22AEvOGRUXvgyp1LeienixLwMdO1b27AXc5vY+bq8tmAzfXZauO3XuJHL3xXGrf+Gd5XJ0Iv237/paYle2qT3anYxPA5zEoiF1iF5t1EzvfV0HHrH1LMo2A8I8ppw2LFZ66AbJzjHxjYLaslavEU0UepJZqJFcSODfHnumDeoqzMdGgwn5+MoLhdRyl4iBWwu4SsrEPGMNGxmgCyH677KpArEEFQjtPl/HXNkuAapvzU9TUUedlrkMlJW3ueh/EZUYP+zUbsCAwEAAaNnMGUwDAYDVR0TAQH/BAIwADAhBgNVHREEGjAYghZlcmluLmR1bmRlcm1pZmZsaW4uY29tMDIGA1UdHwQrMCkwJ6AloCOGIWh0dHBzOi8vbG9jYWxob3N0OjgwODEvYXBpL3YxL2NybDANBgkqhkiG9w0BAQsFAAOCAQEAT0nqRsimgY/PesC8jKRoXRfOmvtJPvH15JCDghvGmpamiUlSkymgYKKVAmvcYflQ0FG+RsZdx/m5LZ99zfEoTwqjgirqn1NclRjJWq44C5UhdLlzdX07OgB/32w9Fx+rI/bJOVKtdhKpZ5sdPJe7lAaZAIUpeJITII9okcv6q0gdnpTBeyEZ6nI7ncaRsUZbdl1qpu9wQbVvDTGqZEDMyBaAu+qTvev1RSYwcmT3FKBY6LAYIKClKsvutDJFW8NxMFTTqdwrT6Ip/sVWCI/gtPbIur1NT8OG6Bu0p7SOpNdxuwxld3KKBM8ciWEO7Y6NzFzrQXk+KzdEk7LsHkDDyg==', e'z1Ydc6HS158OiVzlc0yPtY/bPQbdvM8xkX4DktU+BhLqq9/25RPEDuC5j5pkQxcmIwiWahupHpb4enTn0abtMJPRFcMoCgNCAV938b2ptMHLXNpTu3LDX8L90JO4bKZjUu/DGktot7pSn1kzQswd2tq3YskoEgQP5HO44fxouvIc3jAiIKCZ2O6bRZk5zQaCiUiB4+qPYHIO4ANQbzenF2qyWp7v7R7pYx3vuKgTAHjBmNcrPH/zYcNRi/JtvX/jta/mv8KL0awgtMBGSRwY++G/FWeWhuCdSJ+8fs+j9gTO9Ju4vfWk+8erAoXpflXny91isd4vQjKMR4pBNF0igBFnyHoKVWnYmcjUyy98HL+75KL1EYZrjIikiesK/zgTzFDJm18aUxaeLj0Phxj04+N37QepuIBAy2QFY6nOLYIycE0bT9h0iL2o6HRHBhbuiUzJP+PCYijzMvAjeAohT9AbMfxmfwMPvuSX+WZgxgW4GMXR0Zb25K1xZiyz1TGe26eNt3anr+eWVX3qN39PIGmq4ESM3RQgBfnj/R8odpnLzQ2KXNNw+cRzTk4SJyaEDTDimbzM9TK9Q6ydgGxLY+1QoH0jXZvMKW5w26/+I/nXeK4Wk+uFXTDChxkSZfhdFQ3sis+64UOsaMURvE6tpWJDn67ds/bsUer4RTKxH1SII4QEXBTx/UeEKxdlVEsz7+RVT9lR72mGTyMihRDgmPwOEnWQA01XwMcLPVO1yMUS/o24/1ocy1qSkRqapVQ9CMLTSR0gFqHlg41B2n3BJwBea188rVAitN4kEOKdB3mefrNHiKUjxImyj/leFb3Z9WjnOHJ8WtjuHcryzit4izW+DxfYeT/YYGKX/0Q800G6MGgMdkVdQ5LNO9VMqtxrg/g6lrEawSVJsFI5ggy5lqyl9SPYG37klGHvhvhr8WDUdmcGYhMmh4sT+orBztqf6H5lyP5TpJk6bEichjYY4cGqKQgEwNUJGxt3egVnIQkLkzWoHnZ9+8EeltHTUAlxR6J1cP2Jxsezi+/dkK6OMzR1dSL2fF3pcrgqBfukM2TBJT5TQEoj2FKhYwbII7qJxeAanezKjsJfWL30cHZBKjMzeGLiBz2wjYrRY3WhEqtwsLH7OgBY3foYAxXlKpRjQQnh0zyUZ/8o2bb5sLWiyCv/tJpDiSmx3JSRHRWcWxMmdsKYIRiNvyI5klT+Bg50y7eNtZQu8ICwR6UnbhRL3+R6mtMPVoQLakLDAR2dmUaim/q+vtOOao8Th4DIZiUwuOcCmwZp1EouCgHO+Z2f9mEEfRBuQgQPyaVkmf1haLLamLTQJ+1iiFcXbVfsAx9yw0XJxuP3PB/QEhEuS8Z/qTSYkP447iA7Hm2mFqp45bPad8dlyiExqSfKdUkmFlU+d3arPh9Rm5Vp0AMu7Bf4qao7nMhRJaRZZMtuqpjje1rVtwCdTk/wl5dso9JuBm8/lFjxsSwwVDiKSgnLVZXT/wIDgTX47TAIbGnQbw1Kc8Ry8KrxraYbJTwLBqShIFv+ODC8zRivjJL4HvZNOfvV+pQWo9pVS225pQGFPi8ULEjejMKi9H090vkcNFCd866BNXz/Z8D4MCUkHgonjxALXuvwb7HGOL9dEi8fqZ8B1GOCewIp8BsWU20zdWT0CDk6', false, -1, '263990928525393040561020489097461009206452543540', '3eda5494-d83e-49dc-aa7a-f15375b9f4b5'),
    ('521897474594171283532858544386725469527546242729', 'CN=Dunder Mifflin HR Intermediate CA,OU=Human Resources,O=Dunder Mifflin,L=Scranton,ST=Pennsylvania,C=US', 'CN=Holly Flax,OU=Human Resources,O=Dunder Mifflin,L=Scranton,ST=Pennsylvania,C=US', '2025-09-01 00:00:00.000000 +00:00', '2026-09-01 00:00:00.000000 +00:00', 'MIIEMzCCAxugAwIBAgIUW2qxMLwTHRjXihZkz08Gzv+LpqkwDQYJKoZIhvcNAQELBQAwgZYxCzAJBgNVBAYTAlVTMRUwEwYDVQQIDAxQZW5uc3lsdmFuaWExETAPBgNVBAcMCFNjcmFudG9uMRcwFQYDVQQKDA5EdW5kZXIgTWlmZmxpbjEYMBYGA1UECwwPSHVtYW4gUmVzb3VyY2VzMSowKAYDVQQDDCFEdW5kZXIgTWlmZmxpbiBIUiBJbnRlcm1lZGlhdGUgQ0EwHhcNMjUwOTAxMDAwMDAwWhcNMjYwOTAxMDAwMDAwWjB/MQswCQYDVQQGEwJVUzEVMBMGA1UECAwMUGVubnN5bHZhbmlhMREwDwYDVQQHDAhTY3JhbnRvbjEXMBUGA1UECgwORHVuZGVyIE1pZmZsaW4xGDAWBgNVBAsMD0h1bWFuIFJlc291cmNlczETMBEGA1UEAwwKSG9sbHkgRmxheDCCASIwDQYJKoZIhvcNAQEBBQADggEPADCCAQoCggEBAKStoWhAo2kNq8lMfLZfqMuXuFNUgSubECgoakMH787pvxU7WDFUwN+RAUpdtWSvdgZY6kaWN7izQAAdV3NKJlE03M/NBdkJGO9vkC2MqcB0389i3655u/H5zL43+8LKBT90/EYsdKQJRpddObucoCXqEt9GR44pqw4kIqgDNG+MOOBJ8DJM9geDM9FoL8h8gRZTU9PKkXpUvCwFDsNjPdXySbgQ6NPbpBSI0wy4cnjCMfpVwrdKHRWBEOQCtPV7iioMWQZYSxRCk39+ZzDmreF/9MRhSszVjL9k7GzQaky1q2fAmDsNJyWX8TljEoLUtsyCVzOjuJ3GB4FVnz3onyMCAwEAAaOBjjCBizAMBgNVHRMBAf8EAjAAMA4GA1UdDwEB/wQEAwIGwDATBgNVHSUEDDAKBggrBgEFBQcDAjAiBgNVHREEGzAZgRdob2xseUBkdW5kZXJtaWZmbGluLmNvbTAyBgNVHR8EKzApMCegJaAjhiFodHRwczovL2xvY2FsaG9zdDo4MDgxL2FwaS92MS9jcmwwDQYJKoZIhvcNAQELBQADggEBABGhMt6FTW5F/lEtb5o651Lu6BwccXRYnaGoRrLgM/UXZyoQYSCCR7Bg9AwD5Z5Yhmfhqi1Xe3/evajF7eZqrOdo6KsvIINVrZviRr4RSfGCML8J7qUx5SBH+EjHLWPdTK0lP+/2IchGYWnKXSjmR/WlOa/C1Zd1rMy3TDVGJJQhMgyxOH8kOMfWhmli1+PSCe0tPFDum8Y+DtTtlK5qV0NQyyPYFNqPrVuM1LFnAw1X2Kzs7RhaCMrn8VqUjR/kwX4fZ5tkQ7fdRRT7GdjuETZgx7UDq99AEoWyewLp3+u5aCPCoU7rrk+uyLnmoL8e7ZHjeb+PYF+W6Ju5WTh+r9M=', e'zbMblCZVwrOZBmaz9l6JqNkBiwKEUj0E/luLiUfqK72rzqWHTFl3dhx8RNhdn9ntCwSEU6yIQUOUFZzuzyzeD8GPFi+QmJG3CsxJhcaj4F4u5kEP5uPV+cTaNtc7a5bkIZ1RlXwEBfH+YrZ6EXguw+tEKsqMY/qdBcdHvuBp7/7OsGu8y29xewoGTEe3u0d4EUFRDg+IMFLoBFWGi8UAQQccb+Rpmhj7fGDFO+KZKRFQzZTxUUPKHmXtFPv2q288Cfj/2iMeadGNeYkNJ49pkTBZv/aWPmlZRbYSX77Q0AiknVGy1oUEsaMcZ7BvhIqMHuzS/aTP9eUYdvTBNOxWC5bs6gfKq1a6KUAvizFA7c+kA9/16eYvBPPbiB7OI6H4mkiVGxE95xO5xsxwsVQEcmQKpGajfRXAWNbs5ZTCqWseNc/6dxFwmLTbKKfYihUm2TTkpSLXvSM07CnY6DkrrxElO3u4phCOTybmhRKS95Tausxt/bb0fYcSarUcuBmBWiJvjdqXnNRrak2af7JviZMLxgR8ArOos5tIMytO0fmeP/hQ5KTM+JrZb1mYl256+kSQhFttHHpax1ugWf968VzVJ+DMAtmq0SPYQxc1E4SRxBdKUizitYOZ2vf214POXHrLPaDoUc4CJkRLjjUn21wM41TQd4vdqY5WNwAmfoFt9MdqZ+WA8GHMQocYZPGWzAaTFnOpI/fe6Hgz3J/FEQVTn8mHIRsLUltz5hcAGV4twute2GKTSTQj8UpeYjRDPEIOkhMSu2HUIRmI2qGPG2FXaliqlRkf7IyfOgtjGhOpcIksCNPj3T+pNqpiNz16sIKkUwv/RmuD5221dCteHQCIHGIFFrwcw0Lzm9LNpwhPtMp1Nc45QjREwAgEtqgJkzJk3uFbPmfwMF6T9d6UVAMgiAh80PQNWK92ehPX6UpEUhWUSO5EFz2GT2W0Q2MLlFHquZm8a7qx99xyoFIfwyt5zGeGhEScPKJ2Ya5Fw++b5j34BaZ2OgHBDBVNa/2KT9T4qd2z4jcJJIp/+7u6yUD8+K68g8I/uFOEesbj7xudeeSGrGz45fYWjP86BQX1BAxkTewuH1Ik0PF+zvXIgdJ+ZNx+ZPseLBXOMNjoJmACgkeFpyiPGx9no3Gj8FsHAqIVCyO+u3I9gV5BzNYZ5zs0TSJW1p1Dr7oSaVWSnmukDdn1gDOr7jOWrEn106EIjl1gI2XqMEJ70sI7nP39TrTXomPECUpz2WsX/dOluq9EDunKim33PATipfVFWM5+HYaBYxF1Z+YlYRCyA8gxgPWOb00eDrvz7MfgTgvtdvZ1me4sFHdrFdjACG1txm8vs+3Fv/LaxOq9BkgDElKFcmLoI4W7H09oxC/YEPBXY+RY2N4ZkvUfXtMBPZb3sTxLf++GMBNmP04xkE+U+EVsKH7QHYbOmLlycH4t7V34Lg7He30jmmqnAw6RJsxweCIuaNuV6tsFt5vGc/fCHdGOQgKNSQLxTVZkm8co617OIGzP8RnB1glFt+l1T/UstoP38Yz0Vff6abLAa+89ySnYJQ9f47PHV1fi+KSTYhCHisB4PwjyJy8BQlHAM1IhOBsFdeVZs8yL6VpksC/0gXzg3fiMB69my8zWZYGoIh9C8zNg1cfZhjxO9MFRGryJsqEX', false, -1, '699283637435553917935358825456372806716864371071', '4973f67c-a78d-4e7b-bcec-c185a363a015'),
    ('416664471005968283232987704071716606353272464516', 'CN=Dunder Mifflin Old Root CA,OU=Legacy Root,O=Dunder Mifflin,L=Scranton,ST=Pennsylvania,C=US', 'CN=Dunder Mifflin Old Root CA,OU=Legacy Root,O=Dunder Mifflin,L=Scranton,ST=Pennsylvania,C=US', '2010-01-01 00:00:00.000000 +00:00', '2015-01-01 00:00:00.000000 +00:00', 'MIIEADCCAuigAwIBAgIUSPvhjaPCJ3TOiDqpcOGhmNpT5IQwDQYJKoZIhvcNAQELBQAwgYsxCzAJBgNVBAYTAlVTMRUwEwYDVQQIDAxQZW5uc3lsdmFuaWExETAPBgNVBAcMCFNjcmFudG9uMRcwFQYDVQQKDA5EdW5kZXIgTWlmZmxpbjEUMBIGA1UECwwLTGVnYWN5IFJvb3QxIzAhBgNVBAMMGkR1bmRlciBNaWZmbGluIE9sZCBSb290IENBMB4XDTEwMDEwMTAwMDAwMFoXDTE1MDEwMTAwMDAwMFowgYsxCzAJBgNVBAYTAlVTMRUwEwYDVQQIDAxQZW5uc3lsdmFuaWExETAPBgNVBAcMCFNjcmFudG9uMRcwFQYDVQQKDA5EdW5kZXIgTWlmZmxpbjEUMBIGA1UECwwLTGVnYWN5IFJvb3QxIzAhBgNVBAMMGkR1bmRlciBNaWZmbGluIE9sZCBSb290IENBMIIBIjANBgkqhkiG9w0BAQEFAAOCAQ8AMIIBCgKCAQEAooYnOSzBEKi05jR2C+xbkzBjgPLsbHrUSivjbxlgSRD/jRw+lNWmyHRVO86pXjoCC2up1Xl3GXhKN+Q8Ya09B984Y6gAvX91bU/48MxW5myUC0JUH6wjf8lY0xSnh/+DdLmNPOb50gysIS3KZ6BhMZuNBsVpa58XcGNJS8BFFq6lWLvOKow3u3yPvOUYlEjaA+8ew5A2RZlU0+en+MNrw6aUJ+ThtDoZuAWOqGa3nydbxMzrqXiiRSNt/ekX2XeYm5kSlk6aE7RNFwTXFhyNjXb91owx0JHD3TzWD63IT+nB6SGaRDtO70npyVTD2ODFueTBwTRnHQbxqKVkWiMKdQIDAQABo1owWDASBgNVHRMBAf8ECDAGAQH/AgEFMA4GA1UdDwEB/wQEAwIBBjAyBgNVHR8EKzApMCegJaAjhiFodHRwczovL2xvY2FsaG9zdDo4MDgxL2FwaS92MS9jcmwwDQYJKoZIhvcNAQELBQADggEBAEJTQ7wgo9vIaHpkj2EBmK3UOUkFCXpGuPI488wqzoa9GEM+Q8Pe93xctkePQoWhDpeDfurvFMVmoF6Xaw2jSoJByEtq4+f3e/ac46SQbizR6EQmS3QsRJEbCEoElQEBWTF4AYn6YnKp4wf7Tnles/CiXJcg5qSGQ2cYgqH9hoy94yn5TnO2Qzvp9iE4Q6hDC/8FVdv57KYcX0bRrw6TmpL1yzbiqT6Nv92CiKpnseFSyUed9elTYr4hOzvyWfwz5p7lq+lVGiHADxv4MAOYfFgrdDtkKhDSIhzcZc9M4QlpEiMc80FUjXuKU9aVUDs52puVB+r6fDpHfL3ccUep4hM=', e'c/VozbJ1jCRB+zRZP5RQxnzhznJLDt2BjSv/sW86qmW9tLfZW9TPKOKgyF8EU2IGd2I7jZhgqI4Ho+yuYKNYwe8y+BEWbr+Ufck2HYU63FIn0UJFCVauV6kYF/Uj0Y6uBDKzXC0ANM+awm5fddITWLfDve4BDrB7augCrt3YrmwFH2AtURQ+spBLrRIaoIe2CSNy493FkDrTl7twwcFoidvvn07oRcqxBGVst57JIXHo3wgtCDWmKYoJZ/GeWXcd+KOaM0XT6yHJbV3yRUH6q1wP80qPxDBaNdMdJCoPpAOQsLi3JrFrfK/PsFjwTb5ag6fO6pipwX9PKaBhgcybviGQ2VpXTuO4vif/puQgFf1wDZmEStdJCkCUDWAS9PMcewkkGUTwO/E+jqYyG1/ie7NePpmDDRyybyPAh81ShsflWSA1OzsxW87khe45tiRWcHtEX1ILP6ElaMExYkbt/4YrZB7s5J1uieqlbeIH8cXVM0elwVLHIq2YToBrWpJesWjtg63nuWOR03k+cgdhXWUymHLACigVPZ+utzUzqlmTQ3QT5LFryP0RG3j4VwUVSPq0oqCKowzXEX/VDWRCacO1LRyslPgRVCpIenOyEEY3BgCLfgPOi7ToAtA58op8C/pAEP/5toYkN9RKmBwwM5n2nv9CoLf9MujTIep+p0wfHdbAru2CTcUsBakkuBB6Bo4NvTSXvh9VyA/Bu7RDN3fNIWWD3Jq0WeCCOVwerpU3SSd3F7KCVX/xswtr7z/FJ71XUDHkY2OPyPbpWp6X6n5Ygr8ui4/nLvp3c2zusDn0Nr1k689ZKNyBliQuC4Q/UBBjfJLSivWonzebwo9m7h1/H3UaW6b1W0ha7aZ2loRauF3xPC70dL7tTTfxcVHhk/3X7MFtu0cpr6hCY4TbcWAw4fIl7YcIAhl/tPDWzS7yIefD/z+lz2aCUZbuD6zIyFE330DuTgx1tOxmO0XgN2DrUGbKOxk6iRg5pNFr7GMcKxk/lv6QxiUlC/XX5vNOhNg2QX9kI9VoYGsSVFCGSehV9csuJttxrK8Zo+APKM7OyhOJRdM5F+0WQZhgcY2VZo5IRrX3uEpL5H9HUU5p0vyiOVRYD5KxsfWWzYxYMGcQe7ePbtN1PAIlJ/R+QptNTGg85V1nhM1mjPOuUNB50kJPcuf1X/Q4eaA6hPlwxO0L2ALyuRQGkhN/8rj0ikJ2QaIj2IAZapr1G6SXEJmgVz7E/HtH4vg7STBUd0eX8MoitLizPpQEX8hZRESMA/mozUkPkk/MdfoxYA1+oYqYkV20FnIXf4CArBze2/FjqGmWBCXTFnlGST3H2eavYYKBrUQ9MIIAtTv/nAyO2swyKJCxLVvdzAI85RgiMBGx05Rcw6MNkoWjn2R+srUsZ+4cLFbEV8L1lq0fj5erN05smmOzTlhElTzvQa+gCrjpCMnWIpXTCAAJSMS5gPo95OXXg4e6bfccq1oijvjkxAYgm73q1JgF+990mwRg/6V/TdriBgyVfDoPRFs4UdMlD4Yf6aFZr+7yHT1TZBTNKPHE1fKsk8aWj9xHpk1YtOHJqP9GLedC5hrSS4697Qsct3OZUxuIUkiJi5LGW8cUp8p38ImD6uGJiJuhiMr1L3AdJx7bp213gernTezkEKyQ95L7', true, 5, NULL, 'd6e28a9d-354c-431c-8912-8c78b3b23a39'),
    ('210053816058821256094531609155819477955273882587', 'CN=Dunder Mifflin Old Root CA,OU=Legacy Root,O=Dunder Mifflin,L=Scranton,ST=Pennsylvania,C=US', 'CN=Old Corporate Intermediate CA,OU=Legacy Corporate,O=Dunder Mifflin,L=Scranton,ST=Pennsylvania,C=US', '2011-01-01 00:00:00.000000 +00:00', '2014-06-01 00:00:00.000000 +00:00', 'MIIENjCCAx6gAwIBAgIUJMsjjV1ROqb879+1/WafjOCI+9swDQYJKoZIhvcNAQELBQAwgYsxCzAJBgNVBAYTAlVTMRUwEwYDVQQIDAxQZW5uc3lsdmFuaWExETAPBgNVBAcMCFNjcmFudG9uMRcwFQYDVQQKDA5EdW5kZXIgTWlmZmxpbjEUMBIGA1UECwwLTGVnYWN5IFJvb3QxIzAhBgNVBAMMGkR1bmRlciBNaWZmbGluIE9sZCBSb290IENBMB4XDTExMDEwMTAwMDAwMFoXDTE0MDYwMTAwMDAwMFowgZMxCzAJBgNVBAYTAlVTMRUwEwYDVQQIDAxQZW5uc3lsdmFuaWExETAPBgNVBAcMCFNjcmFudG9uMRcwFQYDVQQKDA5EdW5kZXIgTWlmZmxpbjEZMBcGA1UECwwQTGVnYWN5IENvcnBvcmF0ZTEmMCQGA1UEAwwdT2xkIENvcnBvcmF0ZSBJbnRlcm1lZGlhdGUgQ0EwggEiMA0GCSqGSIb3DQEBAQUAA4IBDwAwggEKAoIBAQDbylOAmFFX7QQxlLNoU1Fr+EokfMi1NbxCqLoyMYi/ScuZcWM5XoJe4PnX8PMPGOqPvARNxoZwELZFafBbiNBR+rH5jbCLDrNIcOJBVWu/QNqscJmxHUddzjpsmbG6uDrTRL7o6Nl2l2+x8l0ILUFCZPQAJTWtKu1srfnNJi4WGWkiXf9AbYBJ6bJygASnfqF565y+uA4xuEaZyO7KSo66cmg2fCWFbGD0EOUYgsurpEOvaKhl+n+1BZwog5Ge3A34XwiJDOUOXJjfbYPK3muJ2W87z/nHrNyme28SQxFUUp7bA9WTmnVylv5J0vCn7zeIvzBFCtN0dndU9HR0ezAfAgMBAAGjgYcwgYQwEgYDVR0TAQH/BAgwBgEB/wIBAjAOBgNVHQ8BAf8EBAMCAQYwKgYDVR0eAQH/BCAwHqAcMBqCGGxlZ2FjeS5kdW5kZXJtaWZmbGluLmNvbTAyBgNVHR8EKzApMCegJaAjhiFodHRwczovL2xvY2FsaG9zdDo4MDgxL2FwaS92MS9jcmwwDQYJKoZIhvcNAQELBQADggEBAJ+aI1oeaYLun29X+IDdPwTt0Dy76dxwyTej0z4E0X4+/+OoJ51JcMhXVEWQunp7Fy3E/WLPLe4c0D1RypV0x4dNDx/5PFe0ILEbEoddEmsLbRsiaTqmMJkC/nSGDEttRdwXuUKnkz5SAMTaR5JbLYw4hUwZPtSZWTYuGE1Rnz2+jiAloe6DJzMSD4ipiF/tj0I7he4VTrpATUbOB7jrZ2R3/ACzCoA0zxxONTK9JM32pCzFmMWjYTab6nkeLfcTFvsdG5wGeZI+o7icblaSg7Snrid+FmXH+EIxhJa+MyECG5G7v3CcHACG5qyARLcpOHGhb5DtimJ174KJhlb6VaA=', e'3vWsgEVWT4pCBKKl4l15rm6NGWFZTgyla36S0vlyGXV8Y2fmDLe95Fh1U+in2HEVC/Pey6M/RmQ6I9CQWP7+/EcSOD96wyq2fLIwndG4P7PUkbdzS8eTyDLmq3RoFFrCikdGgwawozNxRgtIFGy/SFnchCjIsARpQeHSXd0MbOJh1OAfbVZM6tJG5BwYy4oC8oBGoItGt8mYbBlIViHaulbFA6YwRY/pZIX+sxTMiJ8mJL9Yc0oLt4ONE1iSiP+PEmvmPLZWW6xqvSbLvtFHBx1f3/d0oXZ5/mtwsRfMYd0usLLAJYvTnsMu33fRMPar0JJyCo9bXN58Ze8VpeJ7chsn9NO96nbs1mr/VaOCTIGfrMxawfC/HDU0Y/e4QX6Gyn2J61614zVFBHWPrmEJGUV0H0ZJW2HnLg/3l6Rx5mdVFeNfeaT/A/RZDaOzbyk2TFoH/z9O9Aklm3fWnRE+HyjSnQIip3bvmubSxb+51IxmGY1XArfU3Wpq37U/Xvlr0K4RTj05KLhqmWzm9Uq2fe6nIr+Zq3Hzztj5/QXSYewJcP17IxlHeNZkA6h+1XCINOMq7gPhOsF1sNNXciB2se6RImEVUtqi9I99ruWLUdSgvzTi7EeIqVVPnA3NkbeMfbfw1iX+psUBviGVchyIOyZk5xJQjmJeDFcH8JOVZgzZjQKcF07JLBkHyj1epbfkncaMnGZ0505TEHPWm84vIE1zVzK2R3lxHtQWcj2IT0M9AKGGM0tDltn64IRltlSmXoyu6IhlFWsTYJH084Tc7iOb7UQRbQjNirWTVa4uAep87D4SROAaY2/q4jwdxcz8E9rPV4PF5pGcUL4P9G7Bv8RV+7yd9sG3pHDy8cqZYNMETGcTcFjStJIEGNTkexdQ0a2sKDnI1hLYOjWoqeKK+0ObeVseQT4HUaCI6Y4FG0Nn7Vl8js/8JRSRTpssGzo0LALrWJdSI+bC+KASY7Gn/TLM3oVNaryC+VZS+gyIysgWq9brfMcgU2LCK1896OvS8w3Mpy/Tqnwfk8QSFCLp1YNOHNsNf/Sqr88YcjDJGTCbuLphizniFIkeydnsm6flNt+IF9m8sFvrVcsA2yQCv9OkLKLNUDQNoipedkRoP0Ycch8XFKg4jhSnId4DOLx3PN/oOrOFwkFRoi77sdK4TplyFwE7YWqH7F1U2u/ge+/3dbXxCz1QfpIkoFqpiRJQol9fzF4AiPBUIzpUdtLGe5jeZauybP+JcEp0EmIGh+8xalopgz1q2OHolNwIY2BUHGIUQ32m0qlAdwTFtf8RoJy6IZ6c6CNGnQDGHcTa0b0HkY6SflRs1n0kXhvMNx9le9YTj9NxffwFulg/20USSqX77Jk7KMDbZIXz1b1S/gb7sz/KcyK8dwYQw0QOBVlm6pFJJM1qPQl1H4qyyQWD9fXyh+b3ZILlvCoi3hqIbkxR2omifq3Ij4TWwVPMAnAOgVhQ6B3+rEivgJQXW/7y07rM03r0uKrgnrZqopNvxKlrLDi+bNPyV2pVOBU7N57p4sOttlu4bvS2f0TJplf/ShtBTNKPmncxkLaxeECQ/gm7z7clLCfrX0FcYfDQPed7UDXWojTWxJ4CNwdGOt4FA1Y52XvMTMHjHmiNLz6eLm/6kwQAB2B2cI8jGBAfn5kT', true, 2, '416664471005968283232987704071716606353272464516', 'd6e28a9d-354c-431c-8912-8c78b3b23a39'),
    ('339905089230673955576002937244637139670232012584', 'CN=Old Corporate Intermediate CA,OU=Legacy Corporate,O=Dunder Mifflin,L=Scranton,ST=Pennsylvania,C=US', 'CN=Roy Anderson,OU=Warehouse,O=Dunder Mifflin,L=Scranton,ST=Pennsylvania,C=US', '2012-02-01 00:00:00.000000 +00:00', '2013-02-01 00:00:00.000000 +00:00', 'MIIERDCCAyygAwIBAgIUO4nfEIQZCHy40T0NNcGfiultFygwDQYJKoZIhvcNAQELBQAwgZMxCzAJBgNVBAYTAlVTMRUwEwYDVQQIDAxQZW5uc3lsdmFuaWExETAPBgNVBAcMCFNjcmFudG9uMRcwFQYDVQQKDA5EdW5kZXIgTWlmZmxpbjEZMBcGA1UECwwQTGVnYWN5IENvcnBvcmF0ZTEmMCQGA1UEAwwdT2xkIENvcnBvcmF0ZSBJbnRlcm1lZGlhdGUgQ0EwHhcNMTIwMjAxMDAwMDAwWhcNMTMwMjAxMDAwMDAwWjB7MQswCQYDVQQGEwJVUzEVMBMGA1UECAwMUGVubnN5bHZhbmlhMREwDwYDVQQHDAhTY3JhbnRvbjEXMBUGA1UECgwORHVuZGVyIE1pZmZsaW4xEjAQBgNVBAsMCVdhcmVob3VzZTEVMBMGA1UEAwwMUm95IEFuZGVyc29uMIIBIjANBgkqhkiG9w0BAQEFAAOCAQ8AMIIBCgKCAQEAxWDfna3+BNrfXYB7Cm9qMQ5/A+BfRVfGMa4YP6Q6wfNpB0+fVUQtvL9nk+1Q8mFiz5LTbNAq/Gi+O1WBs5gjU6m16oCvyCVj+BOf6ZGQ/vN7yyrB1dUo0wXssUP4roCM1ZYmVJvSRTykiaXw0C7dKWbWgOxqgFETeVgX94lkU9DP+nSBHCyeasmCULvtkgnX96IO4wK5kcoek04bJrV2D+Bz0qlh0CryO7coAn13IObnbYH/9kedcVlAUveKiB3JX8X20rgg4l+wZ7nAXdqRvxvSw9C9nSaBEERaGKQu0GoNso7GrNp5bsyVuDD/gZB9kp5qeHRwuo6L8wmvbGMiqQIDAQABo4GmMIGjMAwGA1UdEwEB/wQCMAAwDgYDVR0PAQH/BAQDAgWgMB0GA1UdJQQWMBQGCCsGAQUFBwMCBggrBgEFBQcDATAwBgNVHREEKTAngSVyb3kuYW5kZXJzb25AbGVnYWN5LmR1bmRlcm1pZmZsaW4uY29tMDIGA1UdHwQrMCkwJ6AloCOGIWh0dHBzOi8vbG9jYWxob3N0OjgwODEvYXBpL3YxL2NybDANBgkqhkiG9w0BAQsFAAOCAQEAPLl1+JwImve90Q5San+h3hud4kVq928tZACTe145bKPaUFQc+h4V2/XpFOZ8jrLiKmSaB7+OhH5ptC8Q/5z7z0PGEhox3EK87B7bq3x5Lf0evqFT/scRazHXE4sAnTtnLl4SLQfnhdzi9AfQIZIFy4QZ2bWxYY+sxLHYW7pwkvVJ0f5//0LV5QOQuQB4W/fh+lmXxbnrL5sbo5vWN5PXhaZRlmL9yxxpu9Lukw4uBgjnqtIPtKJ+DeZMQTaozU0uNJf2crEC5TgNydMKWYgQYUCKdd5eBStBOqaAdGJr4diRjWTNlhuy1gfYNNHe1PkdthdFMqZJ+shFJk8uo6szlg==', e'is+S3W5yNZK+dffv9VqsnJEp2Wg2mS/26IWuBYlPMNWyanE30MvNqPcCTfvHVlwHZ1l8D0Byj3ZH0SxRl2nGhn6Q6fpkosViPn3TKZEAxSa1QWbgcXakzHQr2++KCB7skfsGcy7HzJVsdqPGibnXA0Kil6DezbqBWrEmP2xwI3Oa8uuY1Mef4ImRE/mVHB2jjHw1jPlo7bJsIRN9PzzkwT4WMBW1NvCJ+WNCkHNxdAjfJNsMLnJ69V7GLabZLtqx0U3oxVOBfJMPUxv/jmerKy0ebQtJpkK61lfLQtmvmEZ7WV42f7lA0/OkN/ckBcI8FKW2IoL2oCrcHeuiyyxsZWF3ohoG1lE2hLQXXjvrqKeO/najs5eKMJOoBksSVAWHSD8E1IDW9A0WV+8Borc5/DXT8v+PjgS2HrhYDLl+iKFEcILkbVnLo8fvayNbkKiX24f8xqjvNNLY4cvTbTflTTBdhRla+OF3RHB4zAKQJFo8m1s0e9lrGMf3i4AsLJIBtfB8vLQ4BcOrWXrnc/zWlX4oACYiZP4/388j/qu+XMXG0zVJ5+WW3uKSU4+ZFXA0wPgQNtoERrW/+R2UffDBphW/Lb6RsN552jRBeDd6ai/JIwNzzcRCPJi+zuCU7mV2MW1fWFxZ8Ncl/Mgjce5bo+8aC/INd3vd5vc9Ctwyq+J3RS5tKvEsDFoKm0ysXSWwNleWszHzNa7u6slz4fp1aVEvQs/36A9hFrABUPYiHnDERr7g9+OxMyCiVvj3kCL8tJmevwBVrDecU9n58CGFLMk8FOPdI8qMUJQs91v6J+qxK9t0lv/OjTejh+qAz3uqbR8uKVcdTXq4llT++ND/iUXZ4XxvD8Y2PbaOKS/ABq4hPvHeFXuohN3O2Z0HrbVNhM9ji3kswPyPKFSpUWvux0ZuIg+9gLdPqtYSgQr2Dmz4KeL++Ghgi0LNu8wWKijQuU8nT+lsJX75g6l2EhqrbN8a/ROH9LazKkbbztCOz13agLL2hcjRnRsM/GfvbzgmQ2+nq0iCHSWJre4UtAudVYW2a5MdybO7UCKgRGOd9OcFC9JLMeubQlYUIXPyWvAnsNMwrB+F1YEKLWDjml3TNE/YhIi7NuRB20Ng11FzsPD+Gvp2HGrSfPkximphuwwRiYgFA7vJm0iLDLIciImsrb8ByJb+m/dbKg1nVlIS/q+lBrhzNOzQqnuHhpEqZgzCpRQIuNetTeyC3qN8f4g5Obx+zSMHqi43DM/PbaU3EdCZ+2XEbURZsRSiewbKuUWZSHwa+vXQc4HyplmTbCsGDyyuhS0fvs9cgpqMtKEWCo7DDa1Jo3JQIknfPSObolaWctwfLW16CaYhlkvvKv06kSElauTsjGF6L4lrbOhQUyMPIYKbz/Y8/rImWKovPMSGPmprh5TauPHfNO4hZ9bBo+GbLUfZsLvN0IoHI9fojJW1/zJgMfbhzIUQTu+22HmbnadL0xggxxWWi45BvQoqZS8dDdczsh/+HSICvFhYtKSVHAtrbIaC0WUqboQ0B+u9TeuLDyizhygpV2H82wFbTHBmFByWS4YnrFvWcgsmTJiqrNIWj2gaUoMELDltCs/yZSVCk4CXmlYGdngSxr5ppWOO/XYTcINz67pZdg4A1YYEWXAuJAzsrXPc/EGEB+TQ', false, -1, '210053816058821256094531609155819477955273882587', 'd6e28a9d-354c-431c-8912-8c78b3b23a39');


-- Certificate-User Linking
INSERT INTO unified.certificate_user (my_certificates_serial_number, user_id)
VALUES 
    ('370112094760346004611479035241175066770113980319', 'd6e28a9d-354c-431c-8912-8c78b3b23a39'),
    ('341632091890066209633998417451361368304922287299', 'd6e28a9d-354c-431c-8912-8c78b3b23a39'),
    ('152313958906312514375357897825619175643482526115', 'd6e28a9d-354c-431c-8912-8c78b3b23a39'),
    ('207072179505823254148042333470934774606954093113', '3eda5494-d83e-49dc-aa7a-f15375b9f4b5'),
    ('207072179505823254148042333470934774606954093113', 'd6e28a9d-354c-431c-8912-8c78b3b23a39'),
    ('196501676397237473063314034441634861321815843850', '4973f67c-a78d-4e7b-bcec-c185a363a015'),
    ('196501676397237473063314034441634861321815843850', 'd6e28a9d-354c-431c-8912-8c78b3b23a39'),
    ('517612471375997980282211116155521942288814731959', '3eda5494-d83e-49dc-aa7a-f15375b9f4b5'),
    ('517612471375997980282211116155521942288814731959', 'd6e28a9d-354c-431c-8912-8c78b3b23a39'),
    ('716778013001004961396382209864982186458468595788', '303704ce-e854-4fa4-9fb1-a397d3a46f91'),
    ('716778013001004961396382209864982186458468595788', '6794b78f-f886-41c5-88db-b30dd5175800'),
    ('574351055954033762872259690937452193728698818096', '3eda5494-d83e-49dc-aa7a-f15375b9f4b5'),
    ('574351055954033762872259690937452193728698818096', '7edb4bce-6064-461a-8f78-49dbf7c30ecf'),
    ('574351055954033762872259690937452193728698818096', 'd6e28a9d-354c-431c-8912-8c78b3b23a39'),
    ('699283637435553917935358825456372806716864371071', '4973f67c-a78d-4e7b-bcec-c185a363a015'),
    ('699283637435553917935358825456372806716864371071', 'd6e28a9d-354c-431c-8912-8c78b3b23a39'),
    ('263990928525393040561020489097461009206452543540', '3eda5494-d83e-49dc-aa7a-f15375b9f4b5'),
    ('343105307375749772618766893881545275749421357758', '303704ce-e854-4fa4-9fb1-a397d3a46f91'),
    ('343105307375749772618766893881545275749421357758', 'd6e28a9d-354c-431c-8912-8c78b3b23a39'),
    ('67247433986376094063077790442198852862180345169', 'd6e28a9d-354c-431c-8912-8c78b3b23a39'),
    ('67247433986376094063077790442198852862180345169', '3eda5494-d83e-49dc-aa7a-f15375b9f4b5'),
    ('452054802101550232659967363820358963713639085012', '303704ce-e854-4fa4-9fb1-a397d3a46f91'),
    ('540881935118900377769282749890215430206243367775', '3eda5494-d83e-49dc-aa7a-f15375b9f4b5'),
    ('422880227914607560326998004413089010356339317032', '4973f67c-a78d-4e7b-bcec-c185a363a015'),
    ('3896576818738758149810719240459258445167572413', '3fa51d34-4344-4187-8715-6b26889084b2'),
    ('544182860478816176847260023516850305846099410546', '3eda5494-d83e-49dc-aa7a-f15375b9f4b5'),
    ('626893304867377552073772908036261151847950591883', 'd6e28a9d-354c-431c-8912-8c78b3b23a39'),
    ('523481452626837915069784950672939788725292789068', '303704ce-e854-4fa4-9fb1-a397d3a46f91'),
    ('495328312382715269227213931980143480114881309696', '7edb4bce-6064-461a-8f78-49dbf7c30ecf'),
    ('488640113410675109219289811434549123472869534821', '4973f67c-a78d-4e7b-bcec-c185a363a015'),
    ('703389532317049554955712709614245085625305018310', 'f5ec2837-bdbd-4fc3-83fb-960bd4e22ad4'),
    ('104379447562657397368403143065171829585795009328', '3eda5494-d83e-49dc-aa7a-f15375b9f4b5'),
    ('498318448008848396179244276447167172066693319481', '303704ce-e854-4fa4-9fb1-a397d3a46f91'),
    ('118074819070727549832071114882516609148184092917', '5115def8-0be6-49d6-9155-0c1f82ed1818'),
    ('29604459295809616717092307768015917800025873283', '6794b78f-f886-41c5-88db-b30dd5175800'),
    ('304974472820233842028565337174330476040580850368', '3eda5494-d83e-49dc-aa7a-f15375b9f4b5'),
    ('521897474594171283532858544386725469527546242729', '4973f67c-a78d-4e7b-bcec-c185a363a015'),
    ('416664471005968283232987704071716606353272464516', 'd6e28a9d-354c-431c-8912-8c78b3b23a39'),
    ('210053816058821256094531609155819477955273882587', 'd6e28a9d-354c-431c-8912-8c78b3b23a39'),
    ('339905089230673955576002937244637139670232012584', 'd6e28a9d-354c-431c-8912-8c78b3b23a39');


-- Master AES key encrypted with RSA public key
INSERT INTO unified.master_keys (id, encrypted_key)
VALUES 
    ('00000000-0000-0000-0000-000000000000', 'FaLyTL+hndi1/Pdg9BshztU6/SzMpvUPPn2Q2j16P+0PAeupKT3jdi0i5qAIJ1FlyHHL9lPDY+0GRS3g3IF/eeEp1B0w6skWVgcdx/2sAdDxd2iS13em9STxoCH+3nXfH3+WQz0m3umnQHbUsyDGwZr8L89YGGc6GmwtlvfHP+j+jGEV3RfhVtUAoBRLFRTrn8SmiOPBqnj6ONubu5U7UgpY98mrZwlxvkXeiA/CE9KiSZmDAWIy8xpwZjKVNuchHKY+xStv2zcilwFTcJcAxjZUL3pP23dIDot4wCLIAufrjk5Uw3Vzl76xI0Fshat7G7NbB0mNKPRPT36sNrgnjQ==');


-- Per user encrypted AES keys used for encrypting certificate private keys
INSERT INTO unified.user_keys (user_id, encrypted_key) 
VALUES 
    ('d6e28a9d-354c-431c-8912-8c78b3b23a39', 'sWLdmohtMOxvXNhwSVrOv0bxEY0qQsizxDqGPay89QyxYmTlS+b7BcO9rlo6QsqQYPq61wgG3+CfviX5JVgSNQ=='),
    ('303704ce-e854-4fa4-9fb1-a397d3a46f91', 'bROixARXw7wJ/dfOaxj8WX+5iaj6HFysU8FvX6klCk07IbHChZvAgQZy3SQDRFoWIz1ImKa/pReQmYrBNjzlsg=='),
    ('3eda5494-d83e-49dc-aa7a-f15375b9f4b5', 'x4VbJtWThscpXpZ//I/PK+jR7z8Gi0jf31aSBMgYrSB9f8QG4dthkx48Y+AhEvy3zqARm0brmrDnT1Zb6ZyVTg=='),
    ('4973f67c-a78d-4e7b-bcec-c185a363a015', 'mG0S+15IC2DAr9tD3I2P3LvFPq7QtchS1SgZVgfSdg1sr5yFMhnGZ2B1FiT7j+pg/4OJNSuM1UwIxMKzBWsL6Q==');


-- CRL
INSERT INTO unified.revoked_certificates (revocation_reason, certificate_serial_number) 
VALUES 
    ('1', '207072179505823254148042333470934774606954093113');


-- Certificates used for signing the sudobox app
-- INSERT INTO unified.certificates (serial_number, issued_by, issued_to, not_before, not_after, encoded_value, is_approved, private_key, can_sign, path_len, signing_certificate_serial_number) 
-- VALUES
--     ('325237371638983214349629308374620880901', 'CN=SudoBox Root,O=SudoBox,OU=Cyber Security,E=office@sudobox.net,C=RS', 'CN=SudoBox Root,O=SudoBox,OU=Cyber Security,E=office@sudobox.net,C=RS', '2025-09-23 04:31:42+00', '9999-12-31 22:59:59+00', 'MIIDwDCCAqigAwIBAgIRBcCIX0GV10CB2P5xdnCu9AAwDQYJKoZIhvcNAQELBQAwcjEVMBMGA1UEAwwMU3Vkb0JveCBSb290MRAwDgYDVQQKDAdTdWRvQm94MRcwFQYDVQQLDA5DeWJlciBTZWN1cml0eTEhMB8GCSqGSIb3DQEJARYSb2ZmaWNlQHN1ZG9ib3gubmV0MQswCQYDVQQGEwJSUzAgFw0yNTA5MjMwNDMxNDJaGA85OTk5MTIzMTIyNTk1OVowcjEVMBMGA1UEAwwMU3Vkb0JveCBSb290MRAwDgYDVQQKDAdTdWRvQm94MRcwFQYDVQQLDA5DeWJlciBTZWN1cml0eTEhMB8GCSqGSIb3DQEJARYSb2ZmaWNlQHN1ZG9ib3gubmV0MQswCQYDVQQGEwJSUzCCASIwDQYJKoZIhvcNAQEBBQADggEPADCCAQoCggEBAJAAX8b3J7NHsvyzZZgksu0KG7AOAs8+d8veck8sM8I219AkpKnHqpEB+qF5YDqY5RsMdCI8L3eKGUabbLha5EKPmii59CRz5QlM1o2hvoKVSIS6c36jGmDU1dEk58hY1pNv1u5JHq71+eePomM9fIuk44JTNbBkdGSQWaBpB5/vKVR+hPxNdyt/4IcZHmlFlFYcYFIRDjpxT1FFd/a3dwTSva8XtdScoF4R5sVrweCsx4QbISfDrolADc1+NTeid0CEU9AMvBS+0NdRhFjl/NkdhRUtwxIrCTYXEpnN1bnaMNfb5Ydwmu5pPGrEQoakEn2aMt/r09axA4FUlvtRdv0CAwEAAaNPME0wEgYDVR0TAQH/BAgwBgEB/wIBIDAOBgNVHQ8BAf8EBAMCAb4wJwYDVR0lBCAwHgYIKwYBBQUHAwEGCCsGAQUFBwMCBggrBgEFBQcDAzANBgkqhkiG9w0BAQsFAAOCAQEAHgmd5Yj962InvjdoSywJ7o93ks56w7cJUpf3+Psqp6jSjrPk0TpsSDS3ts68vVrz0sEmhNQbMnwQ4815pOkCpGHFW9h75ACmOic68LB4+2f7kUOh969wJ6XL3HaXpZasDFIYzbPXx07J4Kcd5hgAvDVF/6Cd91Zx1Yk1Tuz11QjwB8kyBwm04P4FnmLbYyudBz9SAAthAWTiI8DiS9MBqSaU1NiaeY+UGZPrEYKgxv57dIot2bU0rMKUnMtrRvC5P7zLHwcujNrp1OWk41vsj1+nxapB5Hkz2u2FjL9rtz9DyV5ZjOYiOl/oej5/xyAMmTbjq41UppxW3cwMBzEcbA==', true, e'-----BEGIN RSA PRIVATE KEY-----\nMIIEowIBAAKCAQEAkABfxvcns0ey/LNlmCSy7QobsA4Czz53y95yTywzwjbX0CSk\nqceqkQH6oXlgOpjlGwx0Ijwvd4oZRptsuFrkQo+aKLn0JHPlCUzWjaG+gpVIhLpz\nfqMaYNTV0STnyFjWk2/W7kkervX554+iYz18i6TjglM1sGR0ZJBZoGkHn+8pVH6E\n/E13K3/ghxkeaUWUVhxgUhEOOnFPUUV39rd3BNK9rxe11JygXhHmxWvB4KzHhBsh\nJ8OuiUANzX41N6J3QIRT0Ay8FL7Q11GEWOX82R2FFS3DEisJNhcSmc3Vudow19vl\nh3Ca7mk8asRChqQSfZoy3+vT1rEDgVSW+1F2/QIDAQABAoIBAARERpI4zi/VNDFM\nSCUsZ913JbU0jRJtRD5sU7sTJmDJoDZgx5I87Mm0IyQir7O8xlkOqD2VcUXw975s\nVNnXiO43SWGN35/Zi+lCd2ml57pVyFrKbX6h6uJV8WnrgS9Mq+WddDhbk/GqLyKU\nfRgaAR/gHa+bCJBhQZjzNVH38Au7OMTl1NcSMZeYjL1Mpf08LYQJk+JmoquQlMbE\nDXKZu6LK97bfiowCQuImmFtGUSQvzMGaUq6SQKtbCqsB01njrlmgednSxi5UiIcj\nWod6omyK2QEVm7iWM6vFiuxaj/9RWXz/4UhK8B15JUVbjdh7JzP4LwZtEwDC6ITG\nMoflWo8CgYEA+c1Z0dG7f4vlm1h9esKxnsrF37Qc2GtKiA2O289WpSutTjQ6mHhC\nZpQeyLQfK4bGwSVoP4MZAacyRKWw29yABZwwwpdTvaIMVbB3BwNFeWmi1dSU+tRI\nNwwr0dDQrE3okrJYk+WMpK76fGxIOlsKIAnYIgS5x2uglzgr99c7NgcCgYEAk5ME\nZB9hvQdnQAnXTNTOykCY+qeCYkx+HhNUrEiIXFvNXonLEF5VUXFWhPs3TqIFA3A+\nha5MmhUW/TOaJnCNqNFe6G8ylqMHtWZehXx/GzJ9+WsCtvIdDsRbQ7L5d9W3jGQK\nrOefqXdRYnqyA2AubxtxsRBxg5iUo0Iv2rIcCdsCgYEA4PBfPycDFbldymMGqvKC\niyDAyc4gY2lJtfWvfJPZy+XmqxMw6HbyI/ihN82qe8FjXC1ZEEf2zpxGEba56WFH\nDsY0yiUGTS6MuOSsae4yM0BCVxaUCMH7PUaCdu732RBWqzJZvOPpn6nI+R1wdMvh\n9DOpIgjrWX27IDB+tzBiqyUCgYAypr1VGChV1xqrMjWBm3E2niFjtubbkmGfNQdU\n8rhK6v98OVNHVPl3sKz/i7IZ/SY3Xek3vPFx2VdApNt94hfdH6+xm6kDZwWYT4CV\n1HtT/Gqclwwhesxaay7f96gEZ4hOWXAIlJ+KbPe0E2TSH8sQO500Ju6vOkmaF3eR\nWpyhDQKBgCS2HgUiYuskwFz+trS+4mOmrKiwu18dl+l0JO35UVcsFodQaH3pfmT/\nPpOQdxx3OYkby5kQNNhPcXettTYw+c8FZjE0eTmIaFfPRdGpUihUybNMv8PLcYR3\nFomx3OXJhYSC9fyco8vZOigZw+MrI0DRwMfyxpCWlyqYHfQCqewT\n-----END RSA PRIVATE KEY-----\n', true, 32, NULL),
--     ('56205904908497394981658025351202150260', 'CN=SudoBox Root,O=SudoBox,OU=Cyber Security,E=office@sudobox.net,C=RS', 'CN=SudoBox Intermediate,O=SudoBox,OU=Cyber Security,E=office@sudobox.net,C=RS', '2025-09-23 04:31:42+00', '9999-12-31 22:59:59+00', 'MIIDxzCCAq+gAwIBAgIQdBcPlZve7kufGexlEN1IKjANBgkqhkiG9w0BAQsFADByMRUwEwYDVQQDDAxTdWRvQm94IFJvb3QxEDAOBgNVBAoMB1N1ZG9Cb3gxFzAVBgNVBAsMDkN5YmVyIFNlY3VyaXR5MSEwHwYJKoZIhvcNAQkBFhJvZmZpY2VAc3Vkb2JveC5uZXQxCzAJBgNVBAYTAlJTMCAXDTI1MDkyMzA0MzE0MloYDzk5OTkxMjMxMjI1OTU5WjB6MR0wGwYDVQQDDBRTdWRvQm94IEludGVybWVkaWF0ZTEQMA4GA1UECgwHU3Vkb0JveDEXMBUGA1UECwwOQ3liZXIgU2VjdXJpdHkxITAfBgkqhkiG9w0BCQEWEm9mZmljZUBzdWRvYm94Lm5ldDELMAkGA1UEBhMCUlMwggEiMA0GCSqGSIb3DQEBAQUAA4IBDwAwggEKAoIBAQCDbhwoeXbSWc/nlU09Qv7C8f6v1BpSEV3PbpNvaPQ/u3DRStlHfpUP2AiCJZud0vPhGdKuGZwU6hsfKltPl6PbMPpY+O5yeNWqPS9wh9e/db5XE05kjQqEaPuORWFZJVQ6HdKLwJl0LpGcDez2NqLtqokr4ixdCt34nvpDJ2EbRdC6xJU4+f+gS8en11mSLLAxc9CMTvVYgLIwavdM6VcQFg+392PS5sByprpl16Vhu+INSzQgP4pHSosKOlSifGCxC6rTe2CwGrIs0lB1uvjb1rxD4Y7R8p1XfCAACNFfL67V09DI4NGH6q+OXQAum7YrqtI8d/iBlafPC3cdbtQ3AgMBAAGjTzBNMBIGA1UdEwEB/wQIMAYBAf8CAQAwDgYDVR0PAQH/BAQDAgK8MCcGA1UdJQQgMB4GCCsGAQUFBwMBBggrBgEFBQcDAgYIKwYBBQUHAwMwDQYJKoZIhvcNAQELBQADggEBAGlO1clIyl7+ZOb6IQ1hHJcBA+2N6Vt5YTjvF/6XGJMLwkPy0X3xsAzbS/ko52S5PujqkkoCC9aJPBd+OHLG/14a5I658Dew6ZpL51UsHyjuh/9ZKzQnIibBulY98sYrizcx4cAfJISrGuRUi/uqSLTCNk6YEO3jUYgK0tVZKeLzHXp72DKM3r2iudPDXe+zeGQ1CNS5Jo8jE2fNxwoGXCYyS2m06cptMMClr0c2oALlMvBib2Jt6mD7LQzg28+A4pUhOX8heQcXdwbcaicyYvuzpd6npNzULlYJL+noF3AsqxEh003Jn/0jjRLJzSkM8F83IBFqX4UeHZkXko4pVj4=', true, e'-----BEGIN RSA PRIVATE KEY-----\nMIIEpQIBAAKCAQEAg24cKHl20lnP55VNPUL+wvH+r9QaUhFdz26Tb2j0P7tw0UrZ\nR36VD9gIgiWbndLz4RnSrhmcFOobHypbT5ej2zD6WPjucnjVqj0vcIfXv3W+VxNO\nZI0KhGj7jkVhWSVUOh3Si8CZdC6RnA3s9jai7aqJK+IsXQrd+J76QydhG0XQusSV\nOPn/oEvHp9dZkiywMXPQjE71WICyMGr3TOlXEBYPt/dj0ubAcqa6ZdelYbviDUs0\nID+KR0qLCjpUonxgsQuq03tgsBqyLNJQdbr429a8Q+GO0fKdV3wgAAjRXy+u1dPQ\nyODRh+qvjl0ALpu2K6rSPHf4gZWnzwt3HW7UNwIDAQABAoIBABvnlHXpeBdoNzKh\nqfEQWNvWGm+FdoMnKcZBYW89luIzL1xYanJ6BzcCdKgBSR2ErQAFhgwt5swv+ksv\nKIzpEsKWjwi17ZaDXkYTUI+xX9bILn35XOMPaQS873AA/g651Ly0GUBPx6T5wDOk\nZ0PNTOFuHEqjbizhAkjnpBX+9eiepWqPi08jI2UIPi7q2EUtkr3QComSKFj6cIEM\nkbhpDUaQprRRe8TZxSkbm1RAEnzCGZPv0hMDqs+bU8mYvb5jScC9VCzePCh+1nT7\nqzi2uDzbhr9+/V0fQjCdQqVpBeqjKaGq2k4amtK2TyBW+abwQeDQcoEVaZxHRUSB\nzO18V2kCgYEA6YrRp8MjpWZotvXkiD9dAFXuGgM+sFhQ+89L3gUZ83ZoUQaMi5J4\nxxcqeXkw45Z483dpNbIT2EcG4k7ukqJ34iQfgdR624PuyBOqD2frMQHiDsUTIsba\nLYuYeppfF+b1z+G1DmPytHWIMgseHXPK7tHfYiGPZYe8eqx3QUbxvi8CgYEAkBGQ\ns+FUO0JPjgBeqeoVR3WxZupp0ttIpGLi540HIb4EJ9tjnNjr2nzWDkbzcev/zOg5\nqRWwnYvpjnXoNXITaZ9F6FLAcHFgP6cRh1rrRwktw9bh+1Wt0sVutACGkac7T2o6\nFLxSmJJ/Tfza5GyIjR6aImjTbAYTeEItJ5oHEHkCgYEAy2i+bKj5DiGhSOHod4cA\nwL8XUA7NdhimCHyn7qtwy+2wtAnJNfOQQI97zitxGni/xgaWW09MG47ZfxkSkCLz\n2cJusszXaQSDYD5IW3y+i4PBWe3qWdrqwsqYNwjnlFD0fmhvIyaIiQbpZfTq+OoW\nsWWYc8cZN2w/DHXUtMVO3r8CgYEAgxTIUTJqvkQ2OCCUAQtv8wXdtKMCSAymypMC\nmuWRIJ1QEKenubUQ20mMRY8+v1+X7es5U2Pdv2rmxWz4K3CwwwBczeZFG8m8Zg3v\nf/U0bvyl/DMOh+zL7CMg93wm9G1xJG+liupSSGm6lM3Ep+MsVyIJ4db4zqe0nU2w\n4gBd/xkCgYEAtXS7M/y5cMNUj6gFpKKVZXIYLQ+kykobqBuRnHqlJ8h9hiT6orAw\n3a86GrbwJbpA+rlTIUGAUx4l54f4GZ4KsAhILcaPTc5DVaZ6g4mgluekknpABjbH\nhd1r6oT7EhnCiybU7lmy03OULWkX/rtmPWglHxZWjMdScU5ZitG1jrA=\n-----END RSA PRIVATE KEY-----\n', true, 0, '325237371638983214349629308374620880901'),
--     ('10956565131424499999347524978124986030', 'CN=SudoBox Intermediate,O=SudoBox,OU=Cyber Security,E=office@sudobox.net,C=RS', 'CN=SudoBox End Entity,O=SudoBox,OU=Cyber Security,E=office@sudobox.net,C=RS', '2025-09-23 04:31:42+00', '9999-12-31 22:59:59+00', 'MIID0DCCArigAwIBAgIRAK4W0yCYpiNOsdz4M14oPggwDQYJKoZIhvcNAQELBQAwejEdMBsGA1UEAwwUU3Vkb0JveCBJbnRlcm1lZGlhdGUxEDAOBgNVBAoMB1N1ZG9Cb3gxFzAVBgNVBAsMDkN5YmVyIFNlY3VyaXR5MSEwHwYJKoZIhvcNAQkBFhJvZmZpY2VAc3Vkb2JveC5uZXQxCzAJBgNVBAYTAlJTMCAXDTI1MDkyMzA0MzE0MloYDzk5OTkxMjMxMjI1OTU5WjB4MRswGQYDVQQDDBJTdWRvQm94IEVuZCBFbnRpdHkxEDAOBgNVBAoMB1N1ZG9Cb3gxFzAVBgNVBAsMDkN5YmVyIFNlY3VyaXR5MSEwHwYJKoZIhvcNAQkBFhJvZmZpY2VAc3Vkb2JveC5uZXQxCzAJBgNVBAYTAlJTMIIBIjANBgkqhkiG9w0BAQEFAAOCAQ8AMIIBCgKCAQEA1te29BIqz01BGzR2jg6EEg3g9cl/55lPELVGwYKbtAQDG371Aag2Cch6g537Fmb7Y1vNh+wTfSp2eOhj5swctT9JpoKXjAQfJu2ZVNICC9HAxgVvfW4CH+U/3a76t7w5rO6Ml85g39Cc6bg7MegdMhocHq7Os9k3pM/XewCm+rTjYqWQfRQUYuOnnGqKD1bm6cv7zMZ9P6X8qiqqNj5EkDTh1YuGP9Rmszn2zmNKa2rmCW8NDu98ylBtn4k5bJsOpjj6D8NO83RYpkkCQqO7GyFvv8Jom6T3axoYAXrB9OYzrOsSqSFgngv5lYBI4y2yV/oc13JD0sMDTSI5EQS6vwIDAQABo1EwTzAOBgNVHQ8BAf8EBAMCA7gwJwYDVR0lBCAwHgYIKwYBBQUHAwEGCCsGAQUFBwMCBggrBgEFBQcDAzAUBgNVHREEDTALgglsb2NhbGhvc3QwDQYJKoZIhvcNAQELBQADggEBAFxiFwVzei2rI/58YBk6MiMYdDWMDtv6QzyBoWQmziUv+BbfumDb0VvTPGUnocmaYveNQQZDnbghLfGhzGpe/znq7ZaytVf164OoxwYrNjYC7raY559bPWLD+6sK0X9q4+DJLGWh4jBfGmZIfDNQF8vXE5PAIQcGjPKfThA1V+3HZsnpB09+sugL1nZUWOZGp2lVP67TkMNdM2tjQt7WS7HvkhMN1dHdTio3sbtBjYYLFITBIbxPZIiZRH9gZviXpovfSGX1sxPhOV9AQUuTa8IutItrfm0PfWWF88R+S5ma3H3wzIOrlT8lm48U0BG8Owglik+uOasOi6Grnwiy0vE=', true, e'-----BEGIN RSA PRIVATE KEY-----\nMIIEowIBAAKCAQEA1te29BIqz01BGzR2jg6EEg3g9cl/55lPELVGwYKbtAQDG371\nAag2Cch6g537Fmb7Y1vNh+wTfSp2eOhj5swctT9JpoKXjAQfJu2ZVNICC9HAxgVv\nfW4CH+U/3a76t7w5rO6Ml85g39Cc6bg7MegdMhocHq7Os9k3pM/XewCm+rTjYqWQ\nfRQUYuOnnGqKD1bm6cv7zMZ9P6X8qiqqNj5EkDTh1YuGP9Rmszn2zmNKa2rmCW8N\nDu98ylBtn4k5bJsOpjj6D8NO83RYpkkCQqO7GyFvv8Jom6T3axoYAXrB9OYzrOsS\nqSFgngv5lYBI4y2yV/oc13JD0sMDTSI5EQS6vwIDAQABAoIBAEoLy/sf/dA37J4P\nPWMlnqBIV0XvHl24qZb1G39bYAWxsk56OcBJ9OH3Tj5ppx3n/XGXtOVJWMg1Z+Kx\nGal0pNpVBzHT5Z501zXIAyZIQTtInjvBqNTeou3SSepCQhgsT+aJyzwQ/bN2B3bI\nL+K6AMIBXLq4ffZfgb2Ugsxag7J5HprEUyy9NBWKhyTG6W8J5rgxOXizlCPYiZIY\nIDlVEUOCtYw6n5naQ6QUAFXT5j8IHWkrkDEkTYcFPP3++Egm9nEPhJ7YIF1eXXRv\nsTbVljlenzHtMEyRVCq8PR0awOKXCBUYRLVcMRA+Qa+r7mb1XILlobu0aTDCgPev\nKr7tm10CgYEA/RjY/iOWWfRVWqCQgoWFH6W8EIak8OMLjCtIA5em83Nnyb7qMzG4\nZSKSdzSw6nRyr4SyYH2iyZLed07APFpesxtnXa2cAEVtfCiJpuRn6bY74EJDJ8dK\nIBETZzKkd1Ket4ByHtBnyDbEzQLXybvUunbRLo2+ywN8yR8Nhrvx+dMCgYEA2U6L\nBhx9JYVv9VNTFocZ6hrHoX4NDCOE4jjhaXDOJ2RrS3+vnMxRm+LzzbbVQ8urtgw5\n3iOMvT5FTTPmz19TKPFTsP7MrM5mH4ED/fpkRGudGnmQy5XKlr+zrEmfS3xXMoDT\nQv55FyYiShS7161E7MrQWc0ej0EOjEGs4AGNG+UCgYEA2m/Bh8VLFCPuLqN5VUzL\nUj8GCvVKEaTC6JzKMF+IdYDayKH/G2QEEzU9V6igMBmEibtrACAuiO47FplfDDeq\nl8ZE9fLKOumwzoFmHCXxESJ4ltpZf1FexkI2jtCEZX9nAFTZKYMQrxmlzJJxjuiP\ndsbpTtaDHk/KOQKV9/zpoIUCgYAILhe3pCzl068SOg+/olhMYrOvFZKiKVggN+ns\nUS3Bd9s+HVFcAqjzyEhLLx26DpmpIa6v+QCcQxLSxChlF/6GZQc0e3Ly8lYPy4h9\n8AYEOVTRoU/dCgd1Q0QdMSxI6CZUJVtOg0vFnk7eIQetJ72XeE79gmYrGFTW3MYI\nLKbGLQKBgBa1rT7MweBI46udb8gcXOdBKiqaxi7CKHWxqqkjg3M2bfIoDuNzo255\nAaeYHvhJxZkRKr5DeYAAu6W3l6D7jAWa2MThg2swMjHlUy9d9QMQGUhy8QAMxCrd\nND+6/fwr036XdsBK3xtfWE3nTG5+YpvM/8PN9lwdi/L2zDjBx/99\n-----END RSA PRIVATE KEY-----\n', false, 0, '56205904908497394981658025351202150260');


-- CSRs
INSERT INTO unified.certificate_requests (id, encoded_csr, requested_for_id, requested_from_id, not_after, not_before, submitted_on) 
VALUES 
    ('efe794fd-f842-4d30-84fd-5273fff831e2', 'MIIDJDCCAgwCAQAwgc0xOTA3BgNVBAMMMER1bmRlciBNaWZmbGluIEdlbmVyYXRlIFJlcXVlc3QgTmV3IERlcGFydG1lbnQgMTEXMBUGA1UECgwORHVuZGVyIE1pZmZsaW4xKjAoBgNVBAsMIUdlbmVyYXRlIFJlcXVlc3QgTmV3IERlcGFydG1lbnQgMTE+MDwGCSqGSIb3DQEJARYvZ2VuZXJhdGVyZXF1ZXN0bmV3ZGVwYXJ0bWVudDFAZHVuZGVybWlmZmxpbi5vcmcxCzAJBgNVBAYTAlVTMIIBIjANBgkqhkiG9w0BAQEFAAOCAQ8AMIIBCgKCAQEAzv8I5yF6sjlDeoUWmpSBrRTbwhJJVsMkoevZaRqIf4qE5Pc12h07NWfExJgZ1yDrjJM7R81JALxRW05d2I40Ay23UrAX42SU2OAuRmfRTyoEIij0z9ZfSAEcJe6Is+3hPFpM9zjIFZWbEdmuBiQfAX3+yCnmLjbTHPEQ8eLSC6JKO22QRjJeC3aQX38FsCkNDXmacm+x8LAMIZ/uD2LYPWQdraGF1tNjS9Y2wsINH2KUQppytz9tsxXdM0cl3NQO4KZnzZNaCwempMM0D7Li8O3KsTIBGqpMSy4D7ulio8iHYwd8j+kAOZ9uULRJvRIqyqBszPS9Wgv0dkAhjC1TLQIDAQABoBEwDwYJKoZIhvcNAQkOMQIwADANBgkqhkiG9w0BAQsFAAOCAQEAixWROo/2XwL5vs+FLAcimlr4ldZvTOcUV15BRYkt35LqdQ8I8kxormbgMEiXqfdwPprDXLqJk/IKjWb8WVgmGWrSZpjj/Bmw4yxl3vukUMNB0YqpatVT33x05lOq4inCeiT36QmWRo2jCjUH5h25KZ4eoRePRdDJR4U48Nc9uUZc8iXtifrDaqacJqI52u2m22VAaICk4+C50PbWjnQbSowtKxbpgRwvVdp3rV8SbAamewX2LpkkX6wCvAs4vL7panyHN806oVIkQBdJBiJME5xBmpGFD4iduLwJmREC9DaNl4v0f6i3Qc5R8jq1PR1lUPh41iF8D3nH6wqGNdY8Tw==', '22222222-2222-2222-2222-222222222222', '11111111-1111-1111-1111-111111111111', null, null, '2025-09-29 15:47:50.356833 +00:00'),
    ('1ea5bf73-2504-4697-9e11-a1dc5ce30d0f', 'MIIDJDCCAgwCAQAwgc0xOTA3BgNVBAMMMER1bmRlciBNaWZmbGluIEdlbmVyYXRlIFJlcXVlc3QgTmV3IERlcGFydG1lbnQgMjEXMBUGA1UECgwORHVuZGVyIE1pZmZsaW4xKjAoBgNVBAsMIUdlbmVyYXRlIFJlcXVlc3QgTmV3IERlcGFydG1lbnQgMjE+MDwGCSqGSIb3DQEJARYvZ2VuZXJhdGVyZXF1ZXN0bmV3ZGVwYXJ0bWVudDJAZHVuZGVybWlmZmxpbi5vcmcxCzAJBgNVBAYTAlVTMIIBIjANBgkqhkiG9w0BAQEFAAOCAQ8AMIIBCgKCAQEAg5gesBFH81tsBRQIEvHEIL4lAFcxH+tyh7fm1K8i3aoN70LCKqp4Xrllw89ytur6/HzL8ri38PKasPsBYL9OOeFWoDTvX7xi3qyAQ8bPMjq0iln0OjT2TvQLMogtxfVs+gjxbKVCraywXKoiWOyTCI+xlV+gjGjPFzT3xKuoMJva1fxQlQUqFJ+i21CoNnh5BMpcOiT9fpSbFgsAx5t4TrjflgOyCasjwpyAwI2x62mVy35lxPgqmH1sjCY+7fpLQ2fdf7d44zozU3cg5uJnkce5Z7RHvC1Fbf8sDzYj7HI6HBKWiblcX90oumzDGWGfqQ83q/DcaoP/JkA0nMfwvQIDAQABoBEwDwYJKoZIhvcNAQkOMQIwADANBgkqhkiG9w0BAQsFAAOCAQEAHVq+ScLXmQn3FhZIdhCZP3aQlBBFy2df1n/pddcrC9RyZ/4mQB/w52/+NdP/pEuj1PlTzyhWb+ugaCKudGcmJ3R8hTbMYSj6VPxZjgysiok3TfD85Iqyp0OhMC+l4/3FUoogu7s3ufWUh8b+FHCdAN3PFPaHmP+IgtPvSsKO6Z0Fs/uOD/KE4PCGLCMrr+G16DfnBEonqC5WYGlzn0lLsgJ48t7ykBnKQwNVq6HH+jKreG9XSQ6h9oAhoLbgULwkZFcQ1gHiOp16EQ3Ogyas9YJdmxRGkzvjUEbd3f5822xNGwhy2gWsBAzNXv6f3daJanCqCd0MvBT9sT7cexf+Lw==', '22222222-2222-2222-2222-222222222222', '11111111-1111-1111-1111-111111111111', null, null, '2025-09-29 15:48:17.965980 +00:00'),
    ('57eb077a-2564-4ebe-b185-250866a17f73', 'MIIDJDCCAgwCAQAwgc0xOTA3BgNVBAMMMER1bmRlciBNaWZmbGluIEdlbmVyYXRlIFJlcXVlc3QgTmV3IERlcGFydG1lbnQgMzEXMBUGA1UECgwORHVuZGVyIE1pZmZsaW4xKjAoBgNVBAsMIUdlbmVyYXRlIFJlcXVlc3QgTmV3IERlcGFydG1lbnQgMzE+MDwGCSqGSIb3DQEJARYvZ2VuZXJhdGVyZXF1ZXN0bmV3ZGVwYXJ0bWVudDNAZHVuZGVybWlmZmxpbi5vcmcxCzAJBgNVBAYTAlVTMIIBIjANBgkqhkiG9w0BAQEFAAOCAQ8AMIIBCgKCAQEA49IH3hX50NeF466vD4mLTPisXF4YJlRoULQqtDR92mLoRSaHEjN/Y3idC0dlWI1vymEV83ohL40yuxkS6qn/PAK83MvX4q0eaxC+scVrWHyeZxxExCCgpEw0z4ixdvu0N9XImaDIkfooSnFTaW+5UDKKpahYCwd2LfjLxV/FLhal32x4GEZoJC0IZc/iNJv7aojylOxL17SaJv+M6vjwd9Bd+6fdGlpXZKmOWqVJpA2+D2M8QtnXJy8xBfq79F2f+ojgyUAQQ6l02J3s7xlyYNfYlrVGc4PZgxkuwsDW5blC3gYGw7vgU1aC51Bd4PQthLTS/xQW6Nwz9PdNTiUGhwIDAQABoBEwDwYJKoZIhvcNAQkOMQIwADANBgkqhkiG9w0BAQsFAAOCAQEAo4N3SzdEe4utH5slNZ6Iqfvzyps4XShsqIBpsfioP3EAigAD2ii9vTEIm2kgguMmp9ulJGVXQxpzLTT7iT0pFlO3RSKUUDFLA7jvGFYppvOlXt54oItdf4c5vz0hRsTqVkRb3UKObK06xo1iQr1uYDmWbA1no/DQacVqSkuQ/BDAKTDBkgJZfvy7HvJEpE0lGbsB8N/UV4aEMYZNMfHiAnrO+tD25xH59Emxt4aNd5C4DZjegUx3+R9K0dylUwqlXkthU5tvjLOPXUPIYL/UkOEL1aZKDw3xx1R1I1evaT8tIp6GlXAdbzKAdZPCCah1QNw4PiuLPzDh4//R3efx8w==', '22222222-2222-2222-2222-222222222222', '11111111-1111-1111-1111-111111111111', null, null, '2025-09-29 15:49:57.108637 +00:00');
