CREATE OR REPLACE FUNCTION truncate_tables() RETURNS void AS $$
DECLARE
    statements CURSOR FOR
        SELECT tablename, schemaname FROM pg_tables
        WHERE tableowner = 'postgres' AND schemaname = 'unified' AND tablename != '__EFMigrationsHistory';
BEGIN
    FOR stmt IN statements LOOP
            EXECUTE 'TRUNCATE TABLE ' || stmt.schemaname || '.' || quote_ident(stmt.tablename) || ' CASCADE;';
        END LOOP;
END;
$$ LANGUAGE plpgsql;
SELECT truncate_tables();

-- Admin user
INSERT INTO unified.users (id, role, name, surname, organization, email, email_confirmed, hashed_password, refresh_token, refresh_token_expires_at)
VALUES
    ('d6e28a9d-354c-431c-8912-8c78b3b23a39', 'Admin', 'Michael', 'Scott', 'Dunder Mifflin Corporate', 'michael.scott@dundermifflin.com', true, '$2a$10$JO/kNwG1jWv9zuiP5pTkoeH270HGlaMothI4SRpc1n8t6nVScuL5K', '', NULL);

-- CA users
INSERT INTO unified.users (id, role, name, surname, organization, email, email_confirmed, hashed_password, refresh_token, refresh_token_expires_at)
VALUES
    ('3eda5494-d83e-49dc-aa7a-f15375b9f4b5', 'CaUser', 'Jim', 'Halpert', 'Scranton branch', 'jim.halpert@dundermifflin.com', true, '$2a$10$JO/kNwG1jWv9zuiP5pTkoeH270HGlaMothI4SRpc1n8t6nVScuL5K', '', NULL),
    ('4973f67c-a78d-4e7b-bcec-c185a363a015', 'CaUser', 'Pam', 'Beesly', 'Reception department', 'pam.beesly@dundermifflin.com', true, '$2a$10$JO/kNwG1jWv9zuiP5pTkoeH270HGlaMothI4SRpc1n8t6nVScuL5K', '', NULL),
    ('303704ce-e854-4fa4-9fb1-a397d3a46f91', 'CaUser', 'Dwight', 'Schrute', 'Sales department', 'dwight.schrute@dundermifflin.com', true, '$2a$10$JO/kNwG1jWv9zuiP5pTkoeH270HGlaMothI4SRpc1n8t6nVScuL5K', '', NULL);

-- EE users
INSERT INTO unified.users (id, role, name, surname, organization, email, email_confirmed, hashed_password, refresh_token, refresh_token_expires_at)
VALUES
	('6794b78f-f886-41c5-88db-b30dd5175800', 'EeUser', 'Andy', 'Bernard', 'Accounting', 'andy.bernard@dundermifflin.com', true, '$2a$10$JO/kNwG1jWv9zuiP5pTkoeH270HGlaMothI4SRpc1n8t6nVScuL5K', '', NULL),
	('f5ec2837-bdbd-4fc3-83fb-960bd4e22ad4', 'EeUser', 'Stanley', 'Hudson', 'Warehouse', 'stanley.hudson@dundermifflin.com', true, '$2a$10$JO/kNwG1jWv9zuiP5pTkoeH270HGlaMothI4SRpc1n8t6nVScuL5K', '', NULL),
    ('5115def8-0be6-49d6-9155-0c1f82ed1818', 'EeUser', 'Kevin', 'Malone', 'Finance', 'kevin.malone@dundermifflin.com', true, '$2a$10$JO/kNwG1jWv9zuiP5pTkoeH270HGlaMothI4SRpc1n8t6nVScuL5K', '', NULL),
    ('3fa51d34-4344-4187-8715-6b26889084b2', 'EeUser', 'Angela', 'Martin', 'HR', 'angela.martin@dundermifflin.com', true, '$2a$10$JO/kNwG1jWv9zuiP5pTkoeH270HGlaMothI4SRpc1n8t6nVScuL5K', '', NULL),
    ('7edb4bce-6064-461a-8f78-49dbf7c30ecf', 'EeUser', 'Ryan', 'Howard', 'IT department', 'ryan.howard@dundermifflin.com', true, '$2a$10$JO/kNwG1jWv9zuiP5pTkoeH270HGlaMothI4SRpc1n8t6nVScuL5K', '', NULL);

-- Testing users
INSERT INTO unified.users (id, role, name, surname, organization, email, email_confirmed, hashed_password, refresh_token, refresh_token_expires_at)
VALUES
    ('00000000-0000-0000-0000-000000000000', 'Admin', 'A', 'A', 'OrgA', 'a', true,  '$2y$12$TnNkSJje9qArndsTe7/RMOdixQsbURPtJNrBe0U6NFg.AwFx5HIz.', '', NULL),
    ('11111111-1111-1111-1111-111111111111', 'CaUser', 'C', 'C', 'OrgC', 'c', true, '$2y$12$TnNkSJje9qArndsTe7/RMOdixQsbURPtJNrBe0U6NFg.AwFx5HIz.', '', NULL),
    ('22222222-2222-2222-2222-222222222222', 'EeUser', 'E', 'E', 'OrgE', 'e', true, '$2y$12$TnNkSJje9qArndsTe7/RMOdixQsbURPtJNrBe0U6NFg.AwFx5HIz.', '', NULL);

-- Certificates
INSERT INTO unified.certificates (serial_number, issued_by, issued_to, not_before, not_after, encoded_value, private_key, can_sign, path_len, signing_certificate_serial_number, signed_by_id) 
VALUES 
    ('257219047221670200197587821750187857075369598619', 'CN=Dunder Mifflin Root CA,OU=Headquarters,O=Dunder Mifflin,L=Scranton,ST=Pennsylvania,C=US', 'CN=Dunder Mifflin Root CA,OU=Headquarters,O=Dunder Mifflin,L=Scranton,ST=Pennsylvania,C=US', '2025-01-01 00:00:00.000000 +00:00', '2040-01-01 00:00:00.000000 +00:00', 'MIIEEzCCAvugAwIBAgIULQ4Z2lUY6HwIyo/iI9GKJ9cK3pswDQYJKoZIhvcNAQELBQAwgYgxCzAJBgNVBAYTAlVTMRUwEwYDVQQIDAxQZW5uc3lsdmFuaWExETAPBgNVBAcMCFNjcmFudG9uMRcwFQYDVQQKDA5EdW5kZXIgTWlmZmxpbjEVMBMGA1UECwwMSGVhZHF1YXJ0ZXJzMR8wHQYDVQQDDBZEdW5kZXIgTWlmZmxpbiBSb290IENBMB4XDTI1MDEwMTAwMDAwMFoXDTQwMDEwMTAwMDAwMFowgYgxCzAJBgNVBAYTAlVTMRUwEwYDVQQIDAxQZW5uc3lsdmFuaWExETAPBgNVBAcMCFNjcmFudG9uMRcwFQYDVQQKDA5EdW5kZXIgTWlmZmxpbjEVMBMGA1UECwwMSGVhZHF1YXJ0ZXJzMR8wHQYDVQQDDBZEdW5kZXIgTWlmZmxpbiBSb290IENBMIIBIjANBgkqhkiG9w0BAQEFAAOCAQ8AMIIBCgKCAQEArKAOQCoQcMctKDMB41LBhXIwoi+lf1cPMWukjwzeUQS2qDyHi4BohfcMGCxpmJTuO1kSis2zb/ERWJj4Tw+m0ExN6C59FWy7S3ighB2e4HfC8zVlU4dsHYfd+Uf2eE4jEFm/3NYoDlf2Hhk/oD8fnng4JcEA6x/tvJrVKe5khoL5/NeOH1l3ItJ093Qu64DAYOu7CkcBpB+pB+bwRdtdmW0FFohqXnwapbxYGdnm2VYDNQidFC1aFEKwNR4FBzij4Jq3wVgbEWOxOvwmyeU3akJCjD+yxrMquFVUi/wmu60zsb6lR4nLN9623vQ6GvYPmrqdyQiBklrHoX4rdKzabwIDAQABo3MwcTASBgNVHRMBAf8ECDAGAQH/AgEFMA4GA1UdDwEB/wQEAwIBBjAXBgNVHSAEEDAOMAwGCisGAQQB1nkCBQEwMgYDVR0fBCswKTAnoCWgI4YhaHR0cHM6Ly9sb2NhbGhvc3Q6ODA4MS9hcGkvdjEvY3JsMA0GCSqGSIb3DQEBCwUAA4IBAQBjFh72nS0hnVh7vXy7WNWOdn+aDAe+JzP90SVFtF4xkLN8OLNgM8xTf/sTNdIf1q6/L8VCZ2D+vOC5wLt8mt3eNx9BiDn4nyFgkpbNP2J2t3d0/qBOQR8Kr5iosPs4J7O+VuhYEN//uy1QqjJvjz49gSLNnqx6k9qije2C+7TVTiufdneod7bgus9gjGnRwYaIO5rDRSRO2c0QbzeiXqodj3U5lRpz6cUI1UuwOulPR94SyTW+wsZJtUWvCfiq+TSvpbwL6Xi4rPQ+FV5YYMQGIVdCnxiHzHElkWTUOfUER+IuHHiRe2+kOEooCBfbkQHsaMMep69i783OD6qG6n4k', e'oYflyOm5M+uFwWCK9vp8QSL9gw2D4YqKTmNNxin6+amYgPEAYVBnpPPHVyapzotcjRB/vwPk/tyJ54XeZ3NaGHhJ2MuSWesmd6RtWlusioO0G2YVDuGuXQywqiqQDeclOmudnCfq5iE44Okup01O2yq7BgSxThlLCVUJJOnvw3OTdJkOXZ9+i72PdxdV0whwHOHZniXwQx2P17sG35djMs1kbogQo+kRv5zPaKxKsKzINoJ8z06qcIhP2k7dbmIk6lwjTpCRZ9kUKAQCHx+AYb6Y61FGnOiK5vW2+zuSkQxpBmUpJ0IW03P3kNBF3Aszr9iB3RxABWFQKn1S27rjB1GLQzoeNUVncUYK4JmFnkrusvViFma5Jd6HGuwAt/9OFr5A74XEOZHRBosDWDXPhBVYfTFhA3t9DAG+L0Czvivi642bxX6UMbciSnDHWrZvCbGiCqyxmc8FtprDkryfGwmGnaEVSGRIbxBvLnaCNakP0QTo9RxLl3G+w2KMFJmVdAh1Zg54Ubqc0fc0BFlNVumSQdg3Xge2vOVqDJ+sQZ2LDm34a/dL2gjhHsci9/Wc3IWQ9XSvYlWyZk1wUYMhxRp0msNsYALl8YoGQe+c8eAOwv/IwRcRr60IQe4QenW37BSqWDSj5e1D/pt4hGoDXNRuWfOZNP1vJ+yaZk23mKGzoY/P47AVoup8AI+bhl+YS+gfn7o1L04dketsT4/ZjBE9m5uJqd3hmNa7uXxN8zinh9gN+YeFe7Q1g+HpvQDP2VpIDAIFQyqVcS6HkIkD30oDotVAvgQzLTfH4DRn5XbXrPQOy9V3/fc2X/8Uv1rLM0TQJEPM+dqRyQiX1aAGIR2XkVqr5D888OfMf+wIMjDd+WproePzxz7OnIHRqoh058+mRiHGFmpWBc1mhn/7cR6dnvBfpT9h0bxsVWg1nWSwMdVrnNmaCBjJA3cJosmpUkINh4bK3WrcmzFjlaQcf13rOz22eO+SyOj0wwQs4W9+6Q2pap2+00mZP6ssRbGS57jQGKKixBjjOVvw58hcjaPPBAgbGRXknqBKl2Gw5Q+V8n8CPluQbHzcSzYPF4I1fPmr/kjKJD5Zv33Vwwm4fy7HfaLPxhFLF25n6BnBeIAZ1TjymhSoMvQf6Mv8qLHFfTJ12y1lYf2Y+97NL1b2N30kA+NRtF446U7Xx9zEClaLUIMY2mClQb+lOhYifttjK759jLSmPD0AdStg+FTpMqHfkPqNsbBrL6CjIp073q4d+GiW7GmAL9os74KGC/ybfE6hCGTo6WMyrSkzslrrQcyMDasyFms6lmngI0aBi5HTK7TDHTHltqGWEpY35QQ9E9y4BQGzJ5slMKuBxB5Sno+NY1t5pJspDerC+MVtUIV5ynRHRyL8Yjqg0bt14VUGdYHMgKq9i2lzEPZB1Eg/TbZzZL5kfZASW6LB5f15yijKLhfYCBFO6Ul5K/2qr85XeuL1TXT5TjEdlPIAwgEVnkvxLuIE/OwKnltaIkRV/LLWVQXiMr9FeCmJiPywq1FK4Pw0M53TAmIWUiYfCfFAh+XhxvrSdJemuLsG4tcQDS/7ppcnFD28G8Lo/QBYTN9DAjbt+Yhnl1M2pid/BW4S2B4NE09rg4ePexGxT+a7K1s=', true, 5, NULL, 'd6e28a9d-354c-431c-8912-8c78b3b23a39'),
    ('407931140802980398412373006279659079464474453587', 'CN=Schrute Farms Root CA,OU=Beets & B&B,O=Schrute Farms,L=Cicero,ST=Pennsylvania,C=US', 'CN=Schrute Farms Root CA,OU=Beets & B&B,O=Schrute Farms,L=Cicero,ST=Pennsylvania,C=US', '2025-02-01 00:00:00.000000 +00:00', '2038-02-01 00:00:00.000000 +00:00', 'MIIEBTCCAu2gAwIBAgIUR3RD1tiSkls42AP8ZWg8jwl9JlMwDQYJKoZIhvcNAQELBQAwgYMxCzAJBgNVBAYTAlVTMRUwEwYDVQQIDAxQZW5uc3lsdmFuaWExDzANBgNVBAcMBkNpY2VybzEWMBQGA1UECgwNU2NocnV0ZSBGYXJtczEUMBIGA1UECwwLQmVldHMgJiBCJkIxHjAcBgNVBAMMFVNjaHJ1dGUgRmFybXMgUm9vdCBDQTAeFw0yNTAyMDEwMDAwMDBaFw0zODAyMDEwMDAwMDBaMIGDMQswCQYDVQQGEwJVUzEVMBMGA1UECAwMUGVubnN5bHZhbmlhMQ8wDQYDVQQHDAZDaWNlcm8xFjAUBgNVBAoMDVNjaHJ1dGUgRmFybXMxFDASBgNVBAsMC0JlZXRzICYgQiZCMR4wHAYDVQQDDBVTY2hydXRlIEZhcm1zIFJvb3QgQ0EwggEiMA0GCSqGSIb3DQEBAQUAA4IBDwAwggEKAoIBAQDRU9UyHmrRa4Lnq2ajp5Ng0ZqdTk4nyX4YseTff2tfw7P7FJ0g465TKo9OojK8ZlyCe+taKVEleLHBwGmCfw83WkxeK9UJ8rykQ1gmwKSIT3vSFK7QMyHLYfo8jHsDITw8bAUDkuKWCtVxTwch88QvSzEUqlTrU1CAQPlu0K0SJ/94n1glH2TXnPWLjsx3VEgTV+DxMK4F+TuRC4pOoqaA8H9ppJK4gdxqdy6niJYp7qMr7cEZ6w2/KDvVY0UZLvDwSE3s7uVhFR+MQwcIcrdGTX8pTn0+EP39+JkOBavBN/4FinsuYnPL+WyhKrsZCa56yf1D7bFZM6ANISImOfO/AgMBAAGjbzBtMBIGA1UdEwEB/wQIMAYBAf8CAQMwDgYDVR0PAQH/BAQDAgEGMBMGA1UdJQQMMAoGCCsGAQUFBwMIMDIGA1UdHwQrMCkwJ6AloCOGIWh0dHBzOi8vbG9jYWxob3N0OjgwODEvYXBpL3YxL2NybDANBgkqhkiG9w0BAQsFAAOCAQEAh4NBlw2qW7pv02eUISrASQhxbm28m9k2lyA/s4TjAyphnDPTxIY7mqPlXWqR2zxy7Bsn//dDzRldwd87NBVdRzJTpvWv2B+oLVDJfGUVfMK9uwNssu3Kk3DVhT2ormLYiqygvLaK8Gqt5UeUDF7JZwNdhY44ec0S9L8Ax5enEK2DptX+CRbZXwj9qr00fvPlKhWkHTKgQEmUMoRw767N8nyUYD2ZpWu9juEQ27Z7vmewm5bVTxUcZ8w4oRXIb6/oKszLfNwPvhr+pHrC2fzWIn8hGjUFKEr4LyvSveZoi1GkJa5iMC5GDbpEZrCA3Jth2+W+HEog6QnXush2qaBdKg==', e'mCd0d0mH+cyXMUBzRxQsqjsuI5irvRrqxorR42VC6SRYSDmqZEnbijQsTCCks+dslB0D5QwJNlFLrVlxQh2LF2ZTyqXkvzXXew3i4oTVcMvJHkLf6mDghiP3XQN05IBk1vDZE4jXt8w7ZTXTABi1ZVLCEeHwnxeZf0M8ucDECb92W+Amfh+7Tim2Kh0d9V2rCfbT7cRbBH0O/WU9dVnqHgHXlYPAXfeceIuN6v/eLVJ0Dh2NOykma7fHv4vcA1Z57L/dGPZZOcxYrbmNopr1pxOEWkLZDry54c4RTIjUB1aQ6fhTpDd6MEfpzTyJYZ2MY84s7C4xKeBR+7RvT/CkHeVYl0BA+sSDrJnyc/OUV8Ny1ruVQ6tyHsJsHHPE4yFMfmUwZ55B01z9aJMU52fNodilAK3Ca5s+Dc4SHSAuxvbN8Hk+4HS7vF93qCfFhKbDvWS0YJeLb0HMfoxUUoJCnecEFuyoD4pOVYXTrHNFtGqA5v+XAXzOLBV56HXSIKmTAkKgJBPEDLYQSw0teVSAhZIieSRNAydCORyfjYIBd7WQH3L415aa0EvtT6yByXvMH5T1xT324OLAKPgIIanx9dZOxKYwIcZc3XtUwxdvgeIfT8D2sa5Nj/vcjGDx3IDF5t74zfOB0YGLRUgJCoYeTJZYzDO9i6Gzq50JHn3Z8K1J2T/g2OtZsE8kOJCtMkobenvgHfExtt3k0i7Q4PUtyuDcaNsZplUDs00E/eUpRvNcGxXrg07QWWftMmizU1ziXrJh96mIndIYMFKSOhrKJechses+acjb50SBkv82dWdS4b8uC+5agL5txRUFwazLGny8WcNPXJ6+fDFAcqbcvh3pTSrZlAbmy73cOU9aYtb/7ukLOTgUANNM9rr2Xad9E6FXOaGOPfYJ34UK6IKEssqjd9tj3l5qwPkDiyWbQj1r+Csbe9zxaCcYl6O84BK+BpwwVAWMFEaZXrTg8ikpSRILuWY5rZcYKuWNBn8bEKGZhoXy4Nds/SkDqpY6/ydhWPiYTofUhGhMvMDCYOiPSRkn/7PqxcoIiMqO33M8hsa9W0s+UozTw091vTa9NjrHBj1lKJNzBQRHyuMdhxYq3IMWfTgpZSvJ/zzD3ONS6hejLLC/r9pNSGAUOha8/StHQKzjpFoemtJHJ6DHAWXldPcFZYlkP3dapjYfDhH1rHhRHp9Hd5rfAi/ONpSQuFXm0v3PeEN8inRYEW2gXyeCLfW7wNCkuuAORFt1tebgPjxxw2u2QXEHoPv65xOUtve8Ytj7wKcNgDqlHlRecHeVxzh9f5tciYoL23MFDXHRGvRIagEWsBMp8FA6az2+32eP3jzKX6BfGCAGrpIu8SMtO5ro6OYo9N62UBf6CAkM77y/tVEu+SNgLQ5Az+1fmkebulZ12O0SJl1zE3SYZTty0IBW+KiulpdQ57LD2VgCAfJYt36X8qU+AosnBvH/f4+OQByNZri+LRicO1hjerzxxF0afaas8MGW/qTAY7u3kodIasIR5A0MtMIjN0ZZhblmXSQ4eJFnW45kxF5N4O15sdouDVHSjxsj2XssTofrv8Mn/xtulGk3aOBwRhgQpHga8WuhwJdfmwKdMjSPAWXnYSyMmcJEukbEFCp1APwaLEXoF+wcN5pHMwd+dnISFaMq', true, 3, NULL, '303704ce-e854-4fa4-9fb1-a397d3a46f91'),
    ('181935923392094353122515568036354750114272939101', 'CN=Sabre Root CA,OU=Corporate,O=Sabre,L=New York,ST=New York,C=US', 'CN=Sabre Root CA,OU=Corporate,O=Sabre,L=New York,ST=New York,C=US', '2025-03-01 00:00:00.000000 +00:00', '2035-03-01 00:00:00.000000 +00:00', 'MIID2zCCAsOgAwIBAgIUH95J+WXJqwJdMza0NxO8YqFUjF0wDQYJKoZIhvcNAQELBQAwbzELMAkGA1UEBhMCVVMxETAPBgNVBAgMCE5ldyBZb3JrMREwDwYDVQQHDAhOZXcgWW9yazEOMAwGA1UECgwFU2FicmUxEjAQBgNVBAsMCUNvcnBvcmF0ZTEWMBQGA1UEAwwNU2FicmUgUm9vdCBDQTAeFw0yNTAzMDEwMDAwMDBaFw0zNTAzMDEwMDAwMDBaMG8xCzAJBgNVBAYTAlVTMREwDwYDVQQIDAhOZXcgWW9yazERMA8GA1UEBwwITmV3IFlvcmsxDjAMBgNVBAoMBVNhYnJlMRIwEAYDVQQLDAlDb3Jwb3JhdGUxFjAUBgNVBAMMDVNhYnJlIFJvb3QgQ0EwggEiMA0GCSqGSIb3DQEBAQUAA4IBDwAwggEKAoIBAQDB5E+eCQur4+bDUHS/T0GEGTuOL/pGUCNlWlq4GJyp8LPfE+I+sRh99aQO67iEqcrR/uZvoNOWgvpQRuizuedG+Aey2CXffZyz4StbYYBqnmQL0Sk57uD/q+BNCLOkmD6htzwYLW/ZzI4oDHKtRFiWnvQpzh97HoL2iHWRhRIeIW75W2451QVGdCM9puvQQ8StPMvwSL/oBQp5JU0Yk0labs3VYrpFEQrCgCeHsFXgs705gJCGRdl1FmL+skuJWWOdNc0vt619tC0z+eD6dvmcC6kuMiqI0ndlvLgHNHWop9fqLGAo31mvfWHS/a5Gtb8PCnS0njJXBUCTBtAf0lLvAgMBAAGjbzBtMBIGA1UdEwEB/wQIMAYBAf8CAQIwDgYDVR0PAQH/BAQDAgIEMBMGA1UdJQQMMAoGCCsGAQUFBwMJMDIGA1UdHwQrMCkwJ6AloCOGIWh0dHBzOi8vbG9jYWxob3N0OjgwODEvYXBpL3YxL2NybDANBgkqhkiG9w0BAQsFAAOCAQEAHwodyjLutAVhJ+94pQu4ZMgRqSY15OKbFrEDrO+ZQAXJ4fvWjU/YL7rNVEVruqLBGyo5jDAI1JRhT7RE7UT4+XP2AfyRLFpdC0nzKhpcIyJP+w9wIlVljiYRo7n+nzKqiMJFbnQHvwlF3GifAwnTMMXJNRvKmmrQigS9nEGpSKmMEI9RALCWjhsSuqAd5cjaW+/E6nMiSbjgtYgVNOmBNasdCLUMQufkOXiV9eGs9r+gyhWvzz1e5KDbvZTq4md7Zf9QgojZFgSsOWOwweOSWVdFoDxbBUL2pyV7UvYiHFxN3m9zo5dodqavB57nuyIbSAncGMkOtumkskqokZu4QA==', e'5DCx7hEPWgia4a/j8mLuKj6GtTtUb4E1QlEnWAlU5seO2Y3YBoa59ZHzHW3TydYaGagRAUVbOfaz+sULLLyU9OQLO2B7gZFwYml6p9JZw7ERFoSyhzCrKxRSyfEQ08MJ6+mJF9AJbQ9M/16bB43qGzfdoZQ9/wj3MXYWSBbNQZvKDgUAabVQ1VExD0jPNV7t2wBszatw5FYUzVOqYWMOwiRWUaEFeKQ7snGuk0QH+Dnw5K0OnurYQqkhJL4QGZCdQv1uCXx2SPDxjXrjoszMwqaB9wlYkFYmIEjEXbsEIazzq+xe2Muc53C3ys8GSrI0QxM68gigVSeJWJwapxdI3Gh6xotV1PxOLJWfpY/glJEVkZv5QIKMfo5vs55PdvEetPegYH0ohoenXfsnFDOKERD2hDb37r7/Z9u8l2omkHdkncOdvLAJX+N/cfNRqykYwa3CXCFPMRD70QpSWQmNwro/qEC9vmjC0ZyQta+8sL3SbNXwkkmKWvEKMqaAS/Ap6KDfYnKKUnJDwNumdgu6LO/AWXcqyQtPb/RRqaltAPk/JWLIguHW0RHyy/25YdgAQXl+HD21fM+BvPgQHEiMrHNEMgoIXU2mZByRAgY/dhmgbM2QVubNhYHzrVD7ydqJJDOpYFVIvokeweeqchi2Stq8cGQ+jEMWOw5p/l8bMiEqW0h34iGG0tsAxOa944cmcypTPSoKyTB7QzsSSYOyN5UMR8i9PtavHh+WpUDEzNx/HHnmYsdpIWaQRRGJWk8KqgEOPBEtrz7yoxMm5rj2eZfmlILgi6B1COFW4t93Sv9vsM65lvjIYVCSEYwdJ1maXoZwgDcDBt8oFaSJif6P0NbBxDiTUZg8uD2asv4FbHzfl+USRBnar3NpoewwW2HcfWN1ZNIRxxYWGwQaBGV6ScVbORfDbQF/4RVR3TGdmoPEPLNSeMRgaq7L4oQXK3m/8fI7s9fnpH76o8MEVSj6BH1q+zimQcLE2flUwfxSXqvczR2BIctbVrSwJF0MkcOlZjLapb9guF99Ls1nxJRAktCpXHP5rTRqQUR01fb8uDG5MnBLqu6+ZW3nbd2wa8/RQ9kJUqrk3Vhg0xUIjPW1h7S0IZvoE6d8Heerc/EfI8DyIxRpOjPIW2P1DY3+NMcplBOVco7dc+IkjthKihVNOvUH3U4EmqtAat7bCSbN3gqZPChVYJlNzOHnEVqT6Qo2LSvFuPMnNTa5nP1eUsbaCAHZRJmIa2N7jECDKdv+5I8JYiEasatXJB/Tp6qYRLrulcg1FjtR9p6JeKGwb6n8AFGhoKLhhMjrze4ZCb5tYppZk/nH3iIHqd8RKBdPAHM0Wi/wNl8vB+UsAWIyPl7fQJE1D5oGfw7/gZjsx6buCEBmz9gxcsMzm7pBZrDvc/UQRKo7BwFaXvwj60VSWdVdz1wWpFE0wzWEa7HYoVtFYJlTAp0/2/YKcpC1rHVvtTZh8mcC8m4iyaSSCeIUNetRqmJeYChJotDdRxrfai1G/UR8GUgXVtm/VB0+xctEk420pqyQ0ZP7q/oe2yRKc4Y+v3vCL0Jvv0Qpyj4Je3vM4YQGRIPlZ2QKSBeyVH7smzg7smEScYhWh4fFHOfxM8sCRGthVqstmgmUYWhu4vGCkmD/k5iXp34psl9fuEfLjsaf', true, 2, NULL, 'd6e28a9d-354c-431c-8912-8c78b3b23a39'),
    ('300072149222328078194459112647432433534144382605', 'CN=Dunder Mifflin Root CA,OU=Headquarters,O=Dunder Mifflin,L=Scranton,ST=Pennsylvania,C=US', 'CN=Dunder Mifflin Intermediate CA,OU=Corporate,O=Dunder Mifflin,L=Scranton,ST=Pennsylvania,C=US', '2025-04-01 00:00:00.000000 +00:00', '2032-04-01 00:00:00.000000 +00:00', 'MIIETjCCAzagAwIBAgIUNI+zVp/3qlbL9wdh67y9ZoZgho0wDQYJKoZIhvcNAQELBQAwgYgxCzAJBgNVBAYTAlVTMRUwEwYDVQQIDAxQZW5uc3lsdmFuaWExETAPBgNVBAcMCFNjcmFudG9uMRcwFQYDVQQKDA5EdW5kZXIgTWlmZmxpbjEVMBMGA1UECwwMSGVhZHF1YXJ0ZXJzMR8wHQYDVQQDDBZEdW5kZXIgTWlmZmxpbiBSb290IENBMB4XDTI1MDQwMTAwMDAwMFoXDTMyMDQwMTAwMDAwMFowgY0xCzAJBgNVBAYTAlVTMRUwEwYDVQQIDAxQZW5uc3lsdmFuaWExETAPBgNVBAcMCFNjcmFudG9uMRcwFQYDVQQKDA5EdW5kZXIgTWlmZmxpbjESMBAGA1UECwwJQ29ycG9yYXRlMScwJQYDVQQDDB5EdW5kZXIgTWlmZmxpbiBJbnRlcm1lZGlhdGUgQ0EwggEiMA0GCSqGSIb3DQEBAQUAA4IBDwAwggEKAoIBAQDyw2fnY6kFBOHjEFDrqPiOlUKFDdFJwXsMU1DxBnhwMT5bNmgLOfsMkeRZd5XbBHt2HYlduJIVU76JQdQ2tNeJlsVlaOlw8AFackJEqP5K6YxHVUW2m9RApM4nXORzTOHLcbS8BG5pWYDHnLgjqLSdMPUa8jRgPt0S6ZprixmStkloKKI1kXD57ZkeFpMjy8X5D/3RuKf7kxm3Hl1s9llVLE0tMB4FqVGmT/nbmWDTsaj6YVCbBIL730bzS1OVOEa2ukfK6Jwe+BmHjvEHaaqfr4Mjw+E+8+vPbFxak9OLY4rLMibu3n1Gvzg/0SvFedxPW04BMttLNFoJUzil0sjPAgMBAAGjgagwgaUwEgYDVR0TAQH/BAgwBgEB/wIBAzAOBgNVHQ8BAf8EBAMCAQYwEwYDVR0lBAwwCgYIKwYBBQUHAwkwNgYDVR0eAQH/BCwwKqAVMBOCEWR1bmRlcm1pZmZsaW4uY29toREwD4INYmFkdmVuZG9yLmNvbTAyBgNVHR8EKzApMCegJaAjhiFodHRwczovL2xvY2FsaG9zdDo4MDgxL2FwaS92MS9jcmwwDQYJKoZIhvcNAQELBQADggEBAFTEJy5orvWGK5Q6YjMPuMUlNjo95Mpib94DTlUbmEJb1mOoaUANTOjlIYp7/v5P4GO5zhBKbqVmllsSOIuHdHAxlxYpQCmWAsaBWl8WGWeRBGSDbPaQAw+w40T2JPpINwIM3CBP5FpZQTiWevNVaWxKHG9HguaKc3QUXCXnxZo1V2rkimBNdzF7u1Wo3YSO5rCp55V30Tj0JGBdzUUDCHuk/AJNG/xVZTLlpg6736gmBcEtyxX780ix/3+3VSnGR6h6maQZ2yc3yCqhgNUVYy5dM6/ZL0/pAnRJveq/AzzcZuKvbq8FAXLca1qpKeeMw69cwzz3fXiYYeIGJPJcLcs=', e'owKEzhbnzMIbVdppbwUmt7xF+m+py5022gFzR54hIf34oaMAkx5T0yi6tB5N/OJMVi+YSuEhrMsk/qgySO8Ivj6Red6tmDWNeEFScCdP8eZ1OtZh4gxUd8CiXLIT+DQql4HaalmfL7czp6tMXgp2x1b0fEuJ5xmk6wmelzYDGeWlk7cWwC6YNaX6HbMPGvEKRR9qsZsxHvw4Ce3OIbv+V2yhGA8FmVKUTOoVvUXJfMmmM20UWVKA/YjuGuWn+feiyeaYryvOZ3TZPca3bMICJaIpFdljvofhze+wZ6JaRmzNm3gaBFrAB2gWOUaz/ajCr7dtGMm2432WTLWkdHVMh1PGgLk4upF9luX6Rl7/y5/8RDZ/o863S3aUPnXY0CMCQCL23nP26mF1LayWHXQwbqD55TJITUMwyPU4Asvsz2ElQ5zBFIq1+vhsGw2hsZRfH4lwhUbI9lmkNtTlxya4et9m9lpWxeI9z2ZuyCNTE4u9r/eR/I6CbgFNKlavFRp0mPAXJrN1V3jTVk1qtN07ZSS+p9QB7Lq4lnhfoJSrsckaJED9HhzENOm9CW5/zmsYiirI8V4xD/LJpHOyb1JVxdEbBqmdLZS74MZxrOMNtbRU4hdZSPammztE9HBOsXN5LvC5yjp2jnXq6BeHN24AfCx+KPFRv4DO/nvI+/aje6FJB2xAdzejCBWdx4GRiVXMVooaQPv84UA1Kise9dXAzH6dMmC4gJL8XlKJweX9xbj0BxxYSmnskfz72+m4C7+K1u04sjU3ovc2otq56OuBu7Gfv/B5sv8BGL07LCv0Rr8PujYqR9EFu81cOXdn2Ozjp+udr6IP9mfv3dhmwYyGFjVkq7+3UCi14hI6Dwab25kdjocrQMY07DAoVnntUrIiwWXT3w+YtBccXfgF/NjDyLyjN64dzA14D/igVcH4Vf9qz6uk5RwAUQsxryr2nKS1KRchXYpP2jfxdddVoiTifLdYuPrDIVP8DTqOaXufCsCH2pgLO3rhg871OMPDmUAA4TFfT8ByElp/fzYiqMs8Gt1rG2o1qLu5AzMvwaPdwKxslp5vsT7mHYT8fwcgxX98xlHFaMQ+eA1tq3pdjqp08SnlW12qYCDRAgnPiqo+z7ISG0/1QkB9dpQGhlrkzSOGRFbMReYq14RqHTkr+5zoVzojUxlGtqgZsy9zdVXT9Vl2oETS+u4ZbAcsTYoh1jyYdXMms2jNkJSgkBLQUZBA7TPZCypFOdC1QBZcxizzG4MRhJiDqV+JKAeR6CvQrwUOgZmVxnv8CQMusIbqYuPyCN/zFO0RzloPBAIolMBtZJdexx8I2gh0ksO5Tx8hN287p75vp942QBAUGkkp1zFn2qxB8YGpB0ntQFj2G08cGtYGpP+y3zp8aebUkFWoLUppnwendMP0gvw25afKOjkGHSiMAMzvmHNcJq95ELEpvQ1WyNsaenlzo48i60J+cl1SnZ5iPAht5zE8Od/vPw3PEeffX/cvaMlVAaIQGUBIOcjWc9Kp1b/TJdR5sqPJfT29HLUAQZhKv+5KQJnVpgH7hC5nFTfjPxPvT2MeGvolyWKejVjGVTMGflkdfStlm55U4x9OF8PqPZ/hmd7eYD23R1DHCLBYDTQRv6qcMKGTI+bBs+nebGVo5Be2r/3QuQD4', true, 3, '257219047221670200197587821750187857075369598619', 'd6e28a9d-354c-431c-8912-8c78b3b23a39'),
    ('260167171242990818076495746788160545810588337294', 'CN=Dunder Mifflin Root CA,OU=Headquarters,O=Dunder Mifflin,L=Scranton,ST=Pennsylvania,C=US', 'CN=Scranton Branch Intermediate CA,OU=Scranton Branch,O=Dunder Mifflin,L=Scranton,ST=Pennsylvania,C=US', '2025-05-01 00:00:00.000000 +00:00', '2030-05-01 00:00:00.000000 +00:00', 'MIIEBjCCAu6gAwIBAgIULZJMqCnzxv4Tnz/+tD8chhdbhI4wDQYJKoZIhvcNAQELBQAwgYgxCzAJBgNVBAYTAlVTMRUwEwYDVQQIDAxQZW5uc3lsdmFuaWExETAPBgNVBAcMCFNjcmFudG9uMRcwFQYDVQQKDA5EdW5kZXIgTWlmZmxpbjEVMBMGA1UECwwMSGVhZHF1YXJ0ZXJzMR8wHQYDVQQDDBZEdW5kZXIgTWlmZmxpbiBSb290IENBMB4XDTI1MDUwMTAwMDAwMFoXDTMwMDUwMTAwMDAwMFowgZQxCzAJBgNVBAYTAlVTMRUwEwYDVQQIDAxQZW5uc3lsdmFuaWExETAPBgNVBAcMCFNjcmFudG9uMRcwFQYDVQQKDA5EdW5kZXIgTWlmZmxpbjEYMBYGA1UECwwPU2NyYW50b24gQnJhbmNoMSgwJgYDVQQDDB9TY3JhbnRvbiBCcmFuY2ggSW50ZXJtZWRpYXRlIENBMIIBIjANBgkqhkiG9w0BAQEFAAOCAQ8AMIIBCgKCAQEAlbi8KyRf2jHyxoygrx3TFCBoanlTMSD9JC5HGrgaLwUVT2ME0M9AJ7JDXgR+Je+rNtf36tzVlaR5PhOcvpZ8wc751pt8WVnNba6wRBRFAKqvTuv38K2NJQ+Df6lh9kJgovipEjD3VMTqc5jOyvYEglay1RJJHxB9EQVPMJrgn5TMU/tdJIi62oz/AKS9IAozMDT3Jefd0KoGAYERh+QV3FBuiqfWb3tI4dhCX9o5TMY6OIyl9MjZflZAsTK5KDUpx1LGi9W9z3fqKEfNAYgLrVAsNwrbiESJD9PyDci25ZFxF7Jld1jP/5e/m2snFTdr5DDUHGYP5k0p7627SbiEUwIDAQABo1owWDASBgNVHRMBAf8ECDAGAQH/AgECMA4GA1UdDwEB/wQEAwICBDAyBgNVHR8EKzApMCegJaAjhiFodHRwczovL2xvY2FsaG9zdDo4MDgxL2FwaS92MS9jcmwwDQYJKoZIhvcNAQELBQADggEBAEp7lsHIorPfOvPHlqbHDZ9FZMl8t4HfWUI0DzRB5qhseHM6kCk2MpCZFUXcLvK+0EKLSqUjWYn5b9r44wyPRKX9bgE2M9DjKnSpewUshigsTWAFPCYVBm4Z4bVJd3tEebba/1nXogJT11PIefxcIzA8fBL0DKFmZAelq89pZk9A2r1scebHj8dz2U608pxUe7LFNDS0PHbSbqgb9MOXMjthqwppHOUgbdTL4smn3dUnix/dAUWiquRuoNI2gH33GanP6dEKlWJnWqgeQD7m9nJOu/Q7vgY368IKtcFitAyczu8Ap49fjoCgAJDNUzBaPMwe1DGhvVUte5EfQpQ27FY=', e'iKYsh07b7IdLjDi+tmP3IrbanJSFIfFsfRSNd4iJnKXYAZpIw3vXRQoaQKC6l+umeSE+K0Xjztkq6bNkSFCwXAeuG+4at5sY1s1mndcmXk3uBEplVAA9JSt4eOGqPRlpyQ80385bsW6JbanwIUhQuEgaBsVz1bX7/G9OnXZa/4rIvgnTx+jffyWrazIHPw02ikKVVfo8QxbHy1MoLGe7faQqmB8JjHSggdWuf+Yx2xxwISMP/7H5HnEhV53aUat+T4HL4Gc2sKyNFFZp4dsU9fXxTz3zEOhpzO51vt9wkq9inqN36kqZHrsLJ5z8aC9krDfmgjGDQQrsnGkSuY6HZ/6HFoHoeJWa/pQ35IB7pmqtWbLY5HaVDkLTbY8nbFxlptTlwWEoRV4GoNLcC++A/3xq9cOiUr7DTg3noXRmlai6uinzLAagY5or3h+cqTNXd/n2lM0w73ok3HgMCbiRI8E2MwXQdmRLpUFgn6NuipJkH5u3HcKuq058MSOBdiu9vjkYJn+CxmSo6OZEQNHk+p9g7wE9bUIib/jHWYdkyi9A2/JPlpuv9JKXtxLsA4lZK+9UM3YGPsceB5sChZ/i1fvVr6sAEHnlIu5oo7MIQ60zA6mQfG8tXiqeD2vEdTsThX+hug5eyVCDYP64JjutDZH/5B44ckhjSzwlEQsh/4tF/0gK6Cko5fNOmxlppvK+4rnY3dkpjnjfqfQXb3sYmEvxzhgOz4jfDpz003FTlpBe307+COAwZgdcVTKNUIxm+MUkHLERdDJT0KiFrSIckbXrj02LLqYxy+g5eTIW7jpiylmne1exR2LiZ2E7YBslBRNOXvTpDBTZkrB0BEqEt4SFjcE5K55MGQ9Q15+IVFBY6Dqr96ho+KmPdecIbQYCz8j1aA+WxrS7FdCbqJCvqHHYEJ1qOrW/AIWvllS470E2cNBXtk2KOJXmatI+4SuGCphtnTgObx5rx/udksB34o+OQ11BzN35FWKTfTKma1dc97tK2+he78IbuC5U9/blEuQPx9WDjEBV+3EkLwfrMX8mnR6yoaduMU6iDaC0+Ra+nw2b/spK7wRqUuK6vPb6oZe1vqDFYOIi+gGNBNKMSJw/hNvmzwNr32whJKe8TvzV/ikALi3kph7QdO/ZGmhphhMUgJHgsXXxjo57brO6egMW5zi3rZokIgks8Y5CbbeBViDhl6sIM4bvKbigrd9xOMwX3vL7n00esL9ZcF6ixJcGJbjrAC/KjOnjSl2cEHELl3IWRGkuFp5EV84OWaxBH4uKt4dVPjGaXAh9oAQ2i5qGTzJ5gTH1PFE98lsEXKBN20qL+7JheXp4ZSKfMy1mSCch36IxlouwD+x4SPhhN0R6luESc9lO1ETquOqFYz8GIP1Oex4do4VWN5PgCZtMjhbpZZdWJNyau2nDEdORauugcye2hhD6oHdEAmtEY0/KtABZFaRduYj1f54+quZhgUFa0EH3whaaV1z8ZE+Kcl7L4cYYSBgLXFGn1KNgHJvN7fFnvJz6oXycESnfBgXkajwmEXQYqahmlHupeqqeXOd0b14eZ38ko6ebLRVwAMvn7PxLubEunXXkfahq9Fqo3Ui1w3MJoXRHNgnrlAjZ674HeJzx3v6QbVMKZnX3U28GTQBKJ1lcDI6CdOi+imCE', true, 2, '257219047221670200197587821750187857075369598619', 'd6e28a9d-354c-431c-8912-8c78b3b23a39'),
    ('362676785315544537295543379220242710966673032532', 'CN=Dunder Mifflin Root CA,OU=Headquarters,O=Dunder Mifflin,L=Scranton,ST=Pennsylvania,C=US', 'CN=Stamford Branch Intermediate CA,OU=Stamford Branch,O=Dunder Mifflin,L=Stamford,ST=Connecticut,C=US', '2025-06-01 00:00:00.000000 +00:00', '2030-06-01 00:00:00.000000 +00:00', 'MIIEJDCCAwygAwIBAgIUP4b9UMgy0RXL5Q1Lqz/Nsx9zRVQwDQYJKoZIhvcNAQELBQAwgYgxCzAJBgNVBAYTAlVTMRUwEwYDVQQIDAxQZW5uc3lsdmFuaWExETAPBgNVBAcMCFNjcmFudG9uMRcwFQYDVQQKDA5EdW5kZXIgTWlmZmxpbjEVMBMGA1UECwwMSGVhZHF1YXJ0ZXJzMR8wHQYDVQQDDBZEdW5kZXIgTWlmZmxpbiBSb290IENBMB4XDTI1MDYwMTAwMDAwMFoXDTMwMDYwMTAwMDAwMFowgZMxCzAJBgNVBAYTAlVTMRQwEgYDVQQIDAtDb25uZWN0aWN1dDERMA8GA1UEBwwIU3RhbWZvcmQxFzAVBgNVBAoMDkR1bmRlciBNaWZmbGluMRgwFgYDVQQLDA9TdGFtZm9yZCBCcmFuY2gxKDAmBgNVBAMMH1N0YW1mb3JkIEJyYW5jaCBJbnRlcm1lZGlhdGUgQ0EwggEiMA0GCSqGSIb3DQEBAQUAA4IBDwAwggEKAoIBAQDCYTSc6fbUzQr0aLIMqsR2RHhbw2x38KbVRjSZJbu6KMm0/ev3wJee7x2MnIVlJM8hyXeKndtz72AHVmUJmdlF5FHRnKxDpMzf/5nuJeTTSS/a3ALlyOxsCqo0eYNR3AgRdXc0pCY37vAQJqNi0HBJu3ztjCfImZdamDaAEUFChEjkb68OfmH2ww03LgTfjyX6yGdgr9c0wBwG52kieXCbG6wNtYv1NWCMtzj8OmphWrLTQpeo0ViZTx0mw4VwqhPbOya6rZUVNFb10O1Jly79Wp8MzjlVahcVxf5z0wdSFhwXcUPAXFGuUhUbYqSPhqaBxznyVn1Wb/x9EZE3sXdPAgMBAAGjeTB3MBIGA1UdEwEB/wQIMAYBAf8CAQEwDgYDVR0PAQH/BAQDAgIEMB0GA1UdJQQWMBQGCCsGAQUFBwMIBggrBgEFBQcDCTAyBgNVHR8EKzApMCegJaAjhiFodHRwczovL2xvY2FsaG9zdDo4MDgxL2FwaS92MS9jcmwwDQYJKoZIhvcNAQELBQADggEBAKro+mOgKxN55YTqlQTOztC0UyXJ8npDIqnyEzmAgnRmP/kdFTmhldXE8aj+kqldTZ1sA3eSlirtlOw2Zd1jHrDBRDOVQNItErPDjUNr1AiE8KCBCYWqisJdLGQqYW1zsRAfTkmLAzT3LI3dSVUzkUKA9JdH5zigxYuam4kD16UsGRzIfNWHwNwTNwqXriiOxVvpDQ59BgaZ2QyoKwkiNaHHNdwMkY1fKC21sTMI9cZPiTj9vMStXbuafrQzu+DV6CKuUGAnBqc+1RTc1nSAogUkWECIjbQP3Y59ApArvAHWRrDGZrgjB6dnDuU8p/dSFfrztOlQ/4XrALOuOl94b2g=', e'Pj9TkYO/9GtAiKVoCOXFq2c1wWQKwz9CcB+zmcPb0w/0VD8XljvQTRqS2PfRithtnDla18DFQpd1I7jMJ9RVG03PGotwnFYW1u5TjSXvyn4MGqWXa14z26ppnqo+oXGBrpdhf4UlaogU0aed71n3PC4GwejI0LD/VgKrI9tSxZHAptam/syU0B1vbRfQ1GQzp1m449G0wHMzp1NaqnKs0yKhe891+iw19t0tB4oWsoDbtNSQ9tPaBmtfvYKuFfH+YeyAUiA/mLgUqRnEIGJqIVKLqZbt1WP1rdmacZ1Z8U2MnRPoSxYdYf8cLVLOSH/hFi/ICs0KWXpKQGMZQ/UKnNyq9ZrIRfm0d+sS6yW18d4UfgACMXDPN4TzqcdXYEBWhhDwezu53L9z5jRjZIm7vwQjqNhqcMnqpMEwmkQP/DYgu6dpfR5oMmoNOHudQUQBkgSIoQhtin2WYTLeK1qGN99gWfRc54xxCQ8aD/HbG5DOlqm1Ww2/NTpW6ZjEmb0frDPNpNNUd4LtzxBh/6+4cZZxdim2T6P6uMvcDmPBGB8sduRHaJBkAu+bq05sPvj1trfukT/CsuhtGyBn1cEWHg97vPduJ3DZj7saL077x/8eMCS/6nG8eg6SvdHeinZjEouEyHeok01Mrh6Ah9rDhtNtdWS/hlj8vHHZ2yYRMZhbCM4rr3F2WPofOdD07D3l34dKaZRv00LZE7WNxkshYxYVpVc1fr8m6Evo3U0xWp1lqmJMtZ+1WHWXNgti1sl9f7ABFuJbPFX/F5sWYe9mhVeC6y/y2fAk1CZbANA92bz//VQ2A0eX1k3tHTqOgKxtQv61buczN2jyTqRqoLFxn5TV7IhKvI7ft78EFQUuNe39WbhSYUN+quzrHHofJgED2fYORJIjpystls55i5e6LwKIJ2VRsyxfCk+Lbm95j8VamZm9NkrULuak/9oVh8TPg6Xc5K+0PCHB3ckWqVopl/k0+UHagKHBMC3AnHJFRXD4TcqojWP+W7E4dhj1wMoq/6t2PD+S2TM6OSzbIk6Nf+yWZUu390DZxK/TJ2T4GKwfrLLBjUVj85hVfR++cjpCLd4ZpXIar84PAEh8BONvO5FCP6bNdrgftVy4LptXHDXAEKt+kEt2j+wvPClGWlw84dV4+AGDOlqtmSlABit0q1CKjRsJJpu7sPpWlfeDzpv9Gh/dg/vCNHRvJn+zVH0KzQHPcYKjvaab+WxUj0H9qN19788tzLBmAhUOvlqck2bZzJkmjJWKQ0p8DYzDWCKKU1r2WrzmPawxvzAhvCgAtVXU3eW1tAbzMK29306Y43CmKqFwVp+FSoBQXbkpp2dnqCt9f+SVJfZn3SmupJVaM+QjaswFwMqV1RNgN4Mues31Hr64GRjPoIHHwpvjyEYNVWTbnJhNVFnzqbbzJDwp3x5V4FzsxeaGBY4Ya39in/oi2mvTD17l7yb7kCs2J09Lf2mjsZw6sqPVkVj2DPQBwWILMGHP7n9lqQ73zjiKlLFKH6fiv8ggtuhaXn+tDs4WCL1+aEYA0b1M8PTKi0Rj32OwTTW6rg0sn0dDxvzDlcu4YJwFi+oL1QxAGeyTjIHaLdY5W3dOAvlTMSoJzDvECFofqHwhLCoVMVX2oFQjXo9CGqnPKMdHnE49Q+WfdoWO', true, 1, '257219047221670200197587821750187857075369598619', 'd6e28a9d-354c-431c-8912-8c78b3b23a39'),
    ('19200792653990017227047556761891276661947281211', 'CN=Schrute Farms Root CA,OU=Beets & B&B,O=Schrute Farms,L=Cicero,ST=Pennsylvania,C=US', 'CN=Schrute Farms Sales Intermediate CA,OU=Sales,O=Schrute Farms,L=Scranton,ST=Pennsylvania,C=US', '2025-07-01 00:00:00.000000 +00:00', '2030-07-01 00:00:00.000000 +00:00', 'MIIEGTCCAwGgAwIBAgIUA1z+Sj18++s1M91XaPKD34K6rzswDQYJKoZIhvcNAQELBQAwgYMxCzAJBgNVBAYTAlVTMRUwEwYDVQQIDAxQZW5uc3lsdmFuaWExDzANBgNVBAcMBkNpY2VybzEWMBQGA1UECgwNU2NocnV0ZSBGYXJtczEUMBIGA1UECwwLQmVldHMgJiBCJkIxHjAcBgNVBAMMFVNjaHJ1dGUgRmFybXMgUm9vdCBDQTAeFw0yNTA3MDEwMDAwMDBaFw0zMDA3MDEwMDAwMDBaMIGNMQswCQYDVQQGEwJVUzEVMBMGA1UECAwMUGVubnN5bHZhbmlhMREwDwYDVQQHDAhTY3JhbnRvbjEWMBQGA1UECgwNU2NocnV0ZSBGYXJtczEOMAwGA1UECwwFU2FsZXMxLDAqBgNVBAMMI1NjaHJ1dGUgRmFybXMgU2FsZXMgSW50ZXJtZWRpYXRlIENBMIIBIjANBgkqhkiG9w0BAQEFAAOCAQ8AMIIBCgKCAQEArk6QiEw1J9zZiSiIGdG991R3HzycnhF8RDUup7SOqPPprVZaQPhJ39DYlcvVd1TeJdzyhCl8tXjG8yoqdeJu2apVL0jv6uA+ppL/PVQFzyBoIIOpQ8xnbfJveDfCbBX+K5Sp/O3pJ/Qw8Rf5tPC7TOmSoVYBhUwJNPbLILSO//X2Iwio3k/7y6Pswjlqj7VVSwDMjZEXCrY0nbpDfwcbSbQCVfwXWeYaEA101zuCFg2RRspnlWb3mCAZVu4RJKJwInUoxE31nMlsn3+IQua4QDm9QhdGpRh2lC/CwK1iSTMpZK282Lw+3lnZt245Ek3RQUYKRmFxUNrCsWVm/HFLmQIDAQABo3kwdzASBgNVHRMBAf8ECDAGAQH/AgEBMA4GA1UdDwEB/wQEAwICBDAdBgNVHSUEFjAUBggrBgEFBQcDBgYIKwYBBQUHAwcwMgYDVR0fBCswKTAnoCWgI4YhaHR0cHM6Ly9sb2NhbGhvc3Q6ODA4MS9hcGkvdjEvY3JsMA0GCSqGSIb3DQEBCwUAA4IBAQCJeDaY3QNqQDTMUw9h37CwrlffQ73AVF1wV0M6Szpu9sYp6tCKKLG7J7mNjJfaNJ6klEdLccKXP8TDFG0FsJkp6V8nFJfJ95y1PTbtS2YCZFfQ3URdgV6hRIaxhvazW1iy4VJlJFzjI8KH22A5t9HYCSvTzvLc7DEfB6AjCusZYSHwQzztyHmQyzHQRaJv4KyGFMylQLd5TDv+ccrRJr7yMy+6NUtwCvIA+8UwoDWW6PWbIsBa8K++R6A5Q2UFp+gUuRa5Ec+anTTFS8DHBaSBVhkYsElfmQ7MBV0VK4yeTBjNbWkqKnrlvodI2UKWkmaWfTq74ODQvyQctG/QjezH', e'4LDAZZJaZwRPUfObIGhzaWLCmhNaVrfKoTekM9q20UyIqqssQxU/9nIBF2Ez7enTUZTS28cbcBB+swR/bocVWGo3Kz7j+pVZHwz48mrXexIzJHzTmX+PDM+t+5nXYV7z9Sa4dPQzVydVJovEX8VXP1yCOIsA2cA/IIR8GV3c9Nb2UrR3cnzshPi84vmZ8mEOOTJ9BXSV7YAu3MHWAJdz1izvIG7ir3T0ZdFxrlOK7lWZL7L1+0EmZwbbooAkjvVFcGHBUPFRqgjrPvJw4MlFCN67mu4bb7pCb0vxMEkID8qi68A+5ZaU6CQEziqcephUFTbDJ52NZpyLXiU36T3m5FL1wqgQpJiiX8NclGwfbK7CoHccdxXBoqT1/fox7rI3cBvgVhHs+j3S7B/OlZ0m5uCtc7tm0sl4rPQ6UmZcozim9C13oZafXfpDIiGsxykkHkKyfq8A7XFgGzqV01+9xri8uUiLYyCIUev44re2zGaJQXGwbhhqftARjv+vUCbHLf6+PjzBXqZq4Is/cJ31B2OvKn9xHxpf1VSyJOevUt+DA/gUO9bdKVVI+QEWIbVCe8pVXJlUoCRt6vQ6PH4smnbLxNz/JYw/aT54R2KiJMqj/9EISlIRVaBckD1OBl35+4ZIewwaedX8xzuNw+KUxWYPv8SsrG19EsIYq7EPA8E5O3TRymPOv/P7Hsl5ccD9dEF3pHuWIB4PrjRf3U+EKAijpFjDx6XEeXqWuHnWWNZpAoYXE41GaywBSiDMhEl1hc8t0D8rOfV9luTNUrjTB775mJ9cLb4BWI4dZh6g+lUff5GF3Sxa09dsec3r9AC+b9MM8nDCmADpUe3djL786JEpClfDT7oA+uGTO6HWZeLt/3VpJzi2nEj3MSDQaPTSsFA0bpC7CFt8+owmfjrVlWelKgBEqrwMjF9zomH6D95k36hTG2Nc6AFbkEnGVKLGgZTlbSIFCr5AblvYH9QKH1bCuY+TyGfWtB/ztm6TSKYqy3gLOsXBTItEhhULn9U/demUfJdU3BSftWuMK0CuKZV3EcbKbvCx/fyFx0owOcMitrsAzn28sbZQ8htMSXyVWCludbMJ0WQXZVotQ87eQc2suw0XjARjHmMXIDK10rRp7yVuT2CvwHgcCLnlqYoHQGlvLxUMFbGvabXtHM2rZx4KmZ1ZYi7z4tON820OrdmTrIfl//MxUWRa482V1OUv8x2Gsmwd1HjK2CmkGkM+6sm5Qa4JAQO3LMfG+0hrzK+EdwSNPNkJMOO0YE5TmJygU+HNbt+xmBw1YGG8znhs5phfHfzjpDHuG77dcNII4Stw+YuRWnLGdGfAV0+OF58qncx2+HM3jdOIXqTbslGNW7Z0SreuBECpdeCLyhcoJ4Uw80FPqca1Z2WBT34TFF3qfbRik2DNnrHXCsGVvf2aO2e2/TTMkSvlNa2/g4kY5dsbJJKKjN58SQ0C1lTX2QS/ikyYmJfpvURJW+QOEYKm9oaYIETBuMlhzhDx3G50WG5McAbthkf5wqpPdYsRuQN0ixnz9x54euLauF3Cs0Umjk3WlTJLmFMUBk7f+zwBCWfaq9xVilg5laqXLxTKP1bkbxAkrS70LVSX0JIWcXhJfGCETPTD3eahb09xNPTp4lUC96YcnQ/FwWwdHYO4GIb7', true, 1, '407931140802980398412373006279659079464474453587', '303704ce-e854-4fa4-9fb1-a397d3a46f91'),
    ('160902471479938328831205200724518101627604315550', 'CN=Dunder Mifflin Root CA,OU=Headquarters,O=Dunder Mifflin,L=Scranton,ST=Pennsylvania,C=US', 'CN=Dunder Mifflin IT Intermediate CA,OU=IT,O=Dunder Mifflin,L=Scranton,ST=Pennsylvania,C=US', '2025-08-01 00:00:00.000000 +00:00', '2033-08-01 00:00:00.000000 +00:00', 'MIIEGjCCAwKgAwIBAgIUHC8dyaUgpJJJkwGq1kYEj8e4LZ4wDQYJKoZIhvcNAQELBQAwgYgxCzAJBgNVBAYTAlVTMRUwEwYDVQQIDAxQZW5uc3lsdmFuaWExETAPBgNVBAcMCFNjcmFudG9uMRcwFQYDVQQKDA5EdW5kZXIgTWlmZmxpbjEVMBMGA1UECwwMSGVhZHF1YXJ0ZXJzMR8wHQYDVQQDDBZEdW5kZXIgTWlmZmxpbiBSb290IENBMB4XDTI1MDgwMTAwMDAwMFoXDTMzMDgwMTAwMDAwMFowgYkxCzAJBgNVBAYTAlVTMRUwEwYDVQQIDAxQZW5uc3lsdmFuaWExETAPBgNVBAcMCFNjcmFudG9uMRcwFQYDVQQKDA5EdW5kZXIgTWlmZmxpbjELMAkGA1UECwwCSVQxKjAoBgNVBAMMIUR1bmRlciBNaWZmbGluIElUIEludGVybWVkaWF0ZSBDQTCCASIwDQYJKoZIhvcNAQEBBQADggEPADCCAQoCggEBANA4h0J90Y/aBmoi6NEVxRIQpnTzKspFPjMRRgR+QocQkmE/hFYKi5c7ZxO7QH8rPVExlqI4PpAtojE2oNqu9X6IFcDPisZHUU6ZT0RwcV721Qn3Keah6wLBE3ttzF0yNz5gVlS/yIn25euF2vPZoPm6036cmD2kgAZ5Upga884TN+k8ljgORhiIB+Svn7KbBeBg/09P7lsPUjIm1xlXGoVCdtwbDoidpc00uKc/RerPkobX+bCYAiLlyMLwqVYFbXwNNgCo2Z8Ts759KXdxptHj5JmYKL7c5dO+V1mffDLpPSf/z3Po8n6GLft43woo3b/bv+x5Zs0QRKdmdM4FRt0CAwEAAaN5MHcwEgYDVR0TAQH/BAgwBgEB/wIBAjAOBgNVHQ8BAf8EBAMCAQYwHQYDVR0lBBYwFAYIKwYBBQUHAwkGCCsGAQUFBwMIMDIGA1UdHwQrMCkwJ6AloCOGIWh0dHBzOi8vbG9jYWxob3N0OjgwODEvYXBpL3YxL2NybDANBgkqhkiG9w0BAQsFAAOCAQEAqAFbUxK7ZksdOs4XFsUzYc47elyCfA7V0evvPR6DvejkV3CaNaAqFjLbPSky67xb4KJQwiiDleA0cJ7QsRRnaJ7+J4TF9SPaFxSbKVcR/r1Ng5TORxr+C8LC2wPRMS1QYb+ZsiQfhNc8cvgnvXZ5TMDh2U9ui9R+Fv03S0k7zwUmdsnaW9kij/9AWpYIRhjvzYS/Sd8Fs4wDIlNosxIwVFumtQHzmj2DJDzpazaxjZYGiO4XTz7oUGHeZDtWPBGy/M5q9Vyki6ZNqvyq3BJSn43U470sFYJJvHMPgzaWl9pl80dJoSCynRplsvHYX4TkNHIRnxm9ZF6mKA3n8HP7Cg==', e'pdgbazNAqyi1S+FX6kdGFvnPQmNPzYN0F38+ybvvGCqlpAUuKaAYUvWCRKmHyI8aBQI9dp+u3S2UUhAvWlDPGWsrZVSZdIZPTiTvD6NEPebE21JBDoyg6uMaqx638LCo6jStMRkgH4u4AErRu0DS/H/SUbY0pD3URTW7WtpTB3H9xHvfDNtD67L3KojCC38dA06cA84qUXKYaaJokPEm3S6190TohlnmDeV81nu1C82pIDOCKnARsiXdZmHnx7tnapQf/ReAa37ND60RcWVLU9bM14NhNoE7dNp5iw0MqxpcZAEWtVbizStIQUcndZ6FkfljuOH5Kl/H10eiKZyTB7VIDSJcEln6ODiZO9gQ7CtmoKSRyj+dJgEpQbJMBBHWDsepX6J6pX2MPB+dVW7tkHBgKtvpt3ZrG7FeqZsqMkeUEwNciaiW3wxYmrbXXfRT77aU9KNTcRMqBtotwbka26rv2l77OgRW+ORqfhIhxuwYjoqHU57LQ4Yv5GZt1YiELHlme9q8D0lGp/g7lvPsIsYNbnU3XPC8CDm3BbyVokzMTYClDyAnR18W2CSdVLziV1FluZeNGThyuBs9azr/Ey69QakzIOqXidoP6Javcuz9d0nqUpXY/J+/17GE1VkY/7EPh0om8pt9MGQHcAd64oVxObnPNEZOul1We3KM83mogIKVq02JGfmDkWuTklwZqhCIgDr0zqmh//hSkr0PbH8wJHV/Ndz26fL5Bt4cLOwrfC5q5xZQfGywmCMP+fFwt6YHJdlBLhXDNMsXvOSW5bgpzstELt7/XEULgBkTm4oStgLgJUfiKe2sf7lhc30nHmvR6nFfFoCsb1v5AUZgh4E5kOiMt6RYJIf0MVR2InUmwuV+mu7HubjmIZH7EaG5L01MTzT5PlrawzZOSJTAhAWVJmX5u4H5EnfGib4BsfLfm7KvBRzorBKaetd2oIgPS3yNwOrQDHTgmXgu4r3tXHf0uNp4ZbcKzkZxgf5r1YvIGnfhlTnTT34/Hw1Ty1iPJZ7PFe1ysOGHgngK3Mk5jmUXUQmaZge7L7eOvztxHoChyqFTjRXwHABJAlHPRQycdo7ZuPjKWM9QKifrQrLXR8UNW0COrlxcFWPMwgRUe3bS2LqxE5z3VhCvdtz3FQIYJlBjfgX34HYL7DsNGvJiglhy7Bwit1tek/IArRb725EX6FXA4KluLKJMvtWyknwEeeIFhBW3tm3Ukqp72DgRBW4bWzt6Y0qTTBbXsbJKxy1eqTd99mS9DyosIXXWSo5mTAZV9oBbrb3h1V75Oq1ioWQCsfvT9q9A58BN8uE4+BxJVJblffycr2M7qDSOt4cCNaWtVb+Y9djVRxcS5jIvlcufLGrbt6Z7cPWWA3ngjws2b976HuX4fTHf2Rbc5buy30abREwgu0ZFzQ1OFQfieePkrr9SqfkuhZW1jzKbToXIJJb7BMKsbhxJI/BnhwfX24uiA+GmmdvH5XOtjbK0RILW2K6ogtDdaWE11jYXSc+T/T468TN1gqxrTd2V9/w4/ZOKFD3oFIDDxqfksph5o0Liiv8yd/vWQ6PC9Nio408zPR9dEUfJsZKR30tGpWnrkLDtVv3md3X0jtvOgEJmxgukjhO9N0qVIuI0zxBDqDe9rO6m5e66EYdpzG25ni7g', true, 2, '257219047221670200197587821750187857075369598619', 'd6e28a9d-354c-431c-8912-8c78b3b23a39'),
    ('637002791517901413897807875114051934046112505394', 'CN=Dunder Mifflin Root CA,OU=Headquarters,O=Dunder Mifflin,L=Scranton,ST=Pennsylvania,C=US', 'CN=Dunder Mifflin HR Intermediate CA,OU=Human Resources,O=Dunder Mifflin,L=Scranton,ST=Pennsylvania,C=US', '2025-09-01 00:00:00.000000 +00:00', '2031-09-01 00:00:00.000000 +00:00', 'MIIECDCCAvCgAwIBAgIUb5QxbTfiliEuo73E63PNeIiw3jIwDQYJKoZIhvcNAQELBQAwgYgxCzAJBgNVBAYTAlVTMRUwEwYDVQQIDAxQZW5uc3lsdmFuaWExETAPBgNVBAcMCFNjcmFudG9uMRcwFQYDVQQKDA5EdW5kZXIgTWlmZmxpbjEVMBMGA1UECwwMSGVhZHF1YXJ0ZXJzMR8wHQYDVQQDDBZEdW5kZXIgTWlmZmxpbiBSb290IENBMB4XDTI1MDkwMTAwMDAwMFoXDTMxMDkwMTAwMDAwMFowgZYxCzAJBgNVBAYTAlVTMRUwEwYDVQQIDAxQZW5uc3lsdmFuaWExETAPBgNVBAcMCFNjcmFudG9uMRcwFQYDVQQKDA5EdW5kZXIgTWlmZmxpbjEYMBYGA1UECwwPSHVtYW4gUmVzb3VyY2VzMSowKAYDVQQDDCFEdW5kZXIgTWlmZmxpbiBIUiBJbnRlcm1lZGlhdGUgQ0EwggEiMA0GCSqGSIb3DQEBAQUAA4IBDwAwggEKAoIBAQDF9/IchMhoZ8grtBV+VpCRGL8Xm7+uk3QUS4u8NZMDxozIG39TcQIGy73DxxfagYcjzU17lccIFdFf6r0Zw9Xfmnu8gkotQUZRaS0YkqmCstatfKIjYVoLIqNGYBRwt+DfdxLfrGBF+TaSR0CVK3PVg61IRXCsZp7LkM5l6wsSWy56IWcRpA0ndkCfp3mWhedjAx84p8KDhqKocvPzTlolSo6MWS/Nism7ntDLqqT4b9ECbRx20TTJgwc0Ezxo+6kjW4fUaYz2AtTuO7jqxpqFlURPFBaLbdTG/yZwvyaj9zDaD+DRY/uwP4BXcIio1O2l7ZZI89PioaKW7cA2cwH7AgMBAAGjWjBYMBIGA1UdEwEB/wQIMAYBAf8CAQEwDgYDVR0PAQH/BAQDAgIEMDIGA1UdHwQrMCkwJ6AloCOGIWh0dHBzOi8vbG9jYWxob3N0OjgwODEvYXBpL3YxL2NybDANBgkqhkiG9w0BAQsFAAOCAQEAA2txsJgu20zcY2kgNR0bOrhc8Z73DI+LuyT5v0o5tWLh2EiVF1JTNqOWLh4ZdwZ4/uvwTCxhIu3pBHtNmXjtViiN0ycMiyZ8S0NqHnQ0TY3RqReoNRc/RK7Pp0MiGEaSenvpVSuTWOVJAdnf4g3IZmBWX9lI47Bl8wdm9Iccmt3NPTdLtRKzZIwjoRvurpO9RYCYScry0CHRxcCmwA3MTk0jBhHgVFZUsKwdRRYTdiQe2cJ/1JEOg0ZsHAvMQOO1WE9h0z0dfntAQAaQ19aIXiyfp2TyLIeDl6ny2NFZFQ/49O7i2ywl0v9/06Rpjn9LIz3nnfGMT+78/vs8p7q85w==', e'LYzSaNm4xAH5LOYi6anv0YM3rJmieoCDg09kRBlnxqLYhJRyxiT4m7hmVjFpzVDDMVAZB1tO2eQ5yQEiz1ztoBwWcQ6K8sHy6mn0LsLlakxgLwMrirGdLyy+9PItfiySBX3x/evNWvuQYacCMvuoDe4O3Gbd8LCB8LaOeqgVl9QSl6knnFhZtrnIXyz3hPsuiNO1SzYZnNgfKuOEgu5aIXIxr7426BrLCGPMAZ3o5I4umDhwu1WdKe34YIU0DsvrKM86XmDPDBuOv0Cz5hR2AO36fqsgm73exqppBAkqF8KicseHKgh6gT+xS4dF3XTRp3f7rCvc1xfZnjDEcyhS+WjE/hUW08MIA8BgcfntCwaM7ixcmtfovfeok2mAtDvlKKEw81+tS/yTuHQm2aNAEaLfZvHXnUYTAYq1SR0CyyfzT+reZYV2GrsOtZfyUFkCFg567BL5J1oGV2s+ta1+8Ot/4KWFMEfRxc3ub2xUhwi3uIEXW8UtS+N5ToKt4vvVd9eOlkEKp92jBr4i8g69ulief+weVfryZVx3WlGRaEqGcQxNtW3lXWFBBcPxjQLtpym+okK2T0sq4ndKnjqw9muK7P9sMPixUF1KxsntA1PaE9q5vT8Qtz+hJjqn6EGAGiZZTecObt68E6ektUuYyFXcQQKw2gUum0WO7Ky1/4Pw6dQbcerFUIparcjNnAp93PS0eswnI6A25SLEfaE3l95CLJ9rnzpO0Gvt/NU63ann7eT/bOtAW3vIKhTOv03keHj0SHZcKGP7CqSraZn5nkwiQ4bGenwaroyZysyv7MIHm1vEX/dRUO9Ur4cXGWHhvUpCN0960o4YqfeZFezJd6/UlyY3K4xKjGUCmf680E+ndUOWE1SfC9vnFPKm6iDlngyiJuLtXjUIlMKVmSUwkCd8fPJBLriLXyJfxB+ViTHHQK052rdFS7eYsRoOmRuS8ciJWBPM3RS758+tcR7UP8egRcZhYcEVTfsQF0LUd//IFTtJ/k+VGA6iChj2iNBeDu6CbS7txvc1fWTz6rY2cYKhuNLKa3yqAI5MyFmcImm3525VmzgT24OP3KB3xBIGjIcsSW1BmReDdaCzkQ+mazfMeL6TBs2i2qZZkSmCb3NwaoC2L3V7l++ziycdpy2RZOKgMF4TZ2E90wDIQzzOMaW6pLRB3Ndj+ihSWvIcYegmWR7+gJj+PO8dZ0m8tRd+AEzHsoqz39rYq6NJxDVuTum5ce2/1zyTlbiVLNasNftIJkCz13js2WprUmTDV44FiqcvbbBEI9CKEMOXSdi9aUi4ZE8yhKF1Lu9NbvrtSvhjg7thQis7KLcxCZIqPOh3CsYTKriaSZ1LbAjPHqpaDuX5aMkLy+bDLN4oRvy4r9DiI5c5RKmey9PfQwNYS8QLlcttjqqtDdyvsXgZKF4w4GgET4j1+XeFReUy+0x5h8w/AAzmNNsMhswAAkDO1/xKhoV0J/STqgCksiv3SYdDZ0jL5ruGodKjwcTCauO+5KXXioRAprJa0vHhOUE2BH92svXVpIuZ31Nta23mDjsH2fGKZH47V2M9aHtXEpiP2jz1NDtQGPOcs8YRvQnZZZjChikJfAvfgMOJSVERcGoaOtJ/57JC8MvnQ6pzCcEkPUcwfP3sfh4xoHO8hLgLihxJ', true, 1, '257219047221670200197587821750187857075369598619', 'd6e28a9d-354c-431c-8912-8c78b3b23a39'),
    ('437614117046904861004893518135463359016181434979', 'CN=Dunder Mifflin Intermediate CA,OU=Corporate,O=Dunder Mifflin,L=Scranton,ST=Pennsylvania,C=US', 'CN=Temporary Project Intermediate CA,OU=Projects,O=Dunder Mifflin,L=Scranton,ST=Pennsylvania,C=US', '2025-10-01 00:00:00.000000 +00:00', '2027-10-01 00:00:00.000000 +00:00', 'MIIEGzCCAwOgAwIBAgIUTKdLshJheuLvRQt830+9FzV0CmMwDQYJKoZIhvcNAQELBQAwgY0xCzAJBgNVBAYTAlVTMRUwEwYDVQQIDAxQZW5uc3lsdmFuaWExETAPBgNVBAcMCFNjcmFudG9uMRcwFQYDVQQKDA5EdW5kZXIgTWlmZmxpbjESMBAGA1UECwwJQ29ycG9yYXRlMScwJQYDVQQDDB5EdW5kZXIgTWlmZmxpbiBJbnRlcm1lZGlhdGUgQ0EwHhcNMjUxMDAxMDAwMDAwWhcNMjcxMDAxMDAwMDAwWjCBjzELMAkGA1UEBhMCVVMxFTATBgNVBAgMDFBlbm5zeWx2YW5pYTERMA8GA1UEBwwIU2NyYW50b24xFzAVBgNVBAoMDkR1bmRlciBNaWZmbGluMREwDwYDVQQLDAhQcm9qZWN0czEqMCgGA1UEAwwhVGVtcG9yYXJ5IFByb2plY3QgSW50ZXJtZWRpYXRlIENBMIIBIjANBgkqhkiG9w0BAQEFAAOCAQ8AMIIBCgKCAQEA0d/FZlCkYOAZUq3UR3AKp0PcmIS3u0IH0CaXtlcS+yTsixbQrmdkQpOBTAfoFCFGLsBgcTEC4NX2bXzHbBhUfm7KKUBipG98mP84XGAIC64Ce6zW5yNTLFETHY3zadYkz9YKqulcheBjuaUNxNlIfEsN19OT8+pWIaeSVWh7LTiNoWjDkXbyV/kwdUn3gXEllvqpHTD2VTe9zam/x3LONUuRPyJUJ5jCLiwVO90FzD5YCcz477f9ZHwhPC5jUj1Q0R9eibVY54ykX4k2DW0eeXxBY9+Dd+s3qA0DkyPMZ3xZ4lf33M9cTqEzg+S3cWZPRlAn5FNHZCb24rG12hs5jwIDAQABo28wbTASBgNVHRMBAf8ECDAGAQH/AgEAMA4GA1UdDwEB/wQEAwICBDATBgNVHSUEDDAKBggrBgEFBQcDCjAyBgNVHR8EKzApMCegJaAjhiFodHRwczovL2xvY2FsaG9zdDo4MDgxL2FwaS92MS9jcmwwDQYJKoZIhvcNAQELBQADggEBAMQZi1f/7eQwns6/KDmD2aqQc6y3oG07421257fFI84nfT0i0M2xlOggEj2w5/i7XdBPoXYjQvGHZaiRphZ9PUJWkLQNeTghZN/xVnp7SRaY9TXusNuyKiSBMRVtDGRngDscR75jVRKTsNjOEoCE617dV7mGdGOKuPO6UWt0ZgrmNsoARjWpwkqtD0hsD7xZkzCaou2nlluCA3TDwdQSiIc5eohIwQN0yHmqcHIxUk/6RGyKNTNR+t6Lv9G+QdFqIghMopWBL1rORaDfU3pseQHsBPPdoUDOf3ZbOjYclQ3zQbSA9ZP/jlsnTUyQFyywk5DxwpfLbcPdhzTItqXbPHg=', e'8oNsWLtN3Q99ovNA2JleP8mQs/fvsxZve9h4mjnd0NoE6jtLfimu6LNJYUtmthNkAVYsbsrdZFg4taXrM1DHfh8d3aleBs+KPjvswV1cdT9J9+bTAFr8x0xr8GnAt3ypxMttT4o25bLcWWeJeanQyE/IuPvmgQKEozAsnmiTfOpp7Lr6/Gg1QUcYYxsf2SL3lk6dD7fXYaeWJzlemteIfeJ5UT3/xLiTolUR5Jc+MfsOcsiMIWRaLLOh4kD++SFeFFLOdqjuMGfENRXPfbdC7Vhips2nv733uZpXm0TmCmCEim84/LT8tZCbYm0ArsOT2zKWok/YHa1TqCzk7vWrpXYWPZgseVNqpNEgKHNlTXx1IqrLPLt4/xTN+A1Vjr8/MwayvcrCLRTGKOkah6kkXHYb4hWXIjovd0pgdQGKK2dPRpehH6AdvalHouLph9arT/fyW7iMxLpOfZ11mvmkCHYQRqMNbvQ5HgdauYaccfRAaK6Xk75bRwYaGth1/ztaohcVEhyTw3wrrAe88AuITLRWc7nS/r4EhgKKK3DDPF3TQ+EEjbxbF1FIOh7BiAHdRZGtbRwWu6yblgPgUb5FbK7KcyNupmgA7lOE54xt6wkQsRzxBf8tpiiGRbFsGZu0COuiX0kOlKz+vT2dPbLwWhn7C7QCjFaUVsODELjqGyFj6wAkpRy7s8BG1jvO7I6WHQi4TvX/bDJjlk/N/GdjmHg5dtOe4hNp0XME9I9V16myRS3NvjMJLBXwQYGneIIq3Bs9nJWOqcAI6Hsz1zxDxiGT2d+aY/HvvQtkTujTcqsgCWONPODPb4g49O3q93dsLovUMg4ZoCZMekY89pP48UAGLTP63mRiLZ0WXjJJ6gkuQbdDDgCDJtlPAD2lZDbHCl1d531zC9O3QQJvPcVi8RjwNqGmD84xLCs6HzWNXCJRPrn7bF1GgSk+P3B6762V5FyGpx3nrgQ+ZaKrDbDV215BNPQjrnqd7LFCVFQUbrga1kp9SME1aAyAf5eIwll4TNYdmTMp3wQWIUHKbFKb4MpP5iHG8tpv+O8bMlZLIiICFeSmrIzY+UThJ3tlSXQEGtUuqYLjZoV7+IY8LptRpTeA2zDj1UnkSdydONUzpl4Z1cA50yMfYjeE4pKOCPgqkBJVFVhVeAD0KHJSFVOzoi5xDe///vz1PZExweyyRZ6b4dMnGIsqbdbWVOJ7S0x10Rd32aTCORn0tZtR1mEKKvHq7io2TW61iw8RCLW75e8QoaKudl+1xhEcDT2CCYX/87mHgFmE5zsER/5qHFLz7O9EdeNCxu4UiKzfzPExbCeMurkzxQ5qQnfJuSghu3i6/G1KzVzavFJYxH85BCPmnXuKiI+UQydqTaZeteVnsRiChWYyOH5HWrprDltC33uR3igA8iOl1e2xzrJJXxQRiduu7lcZUShgTe7vxjj0w79vPC2wJJCRrrBJ0wf0nxptRHfB4pSdtUJ3nsRdYf2pq3t5kVrpiIXSnZNu8QLla3nMsc1mAEP5ioHsYv0jb5AGjdmcTl+EHGOc8hgOLR3Kzt9XGzsf1Unu1kDBdMc3ItY+c+//92MgU2iBdEwfBGEqvhXUyQNgR9VzWz3FNPolYmi/dX+1azyVptQrYrNsmLOgJtQuzvjYm8GxO6gyCCZc', true, 0, '300072149222328078194459112647432433534144382605', '3eda5494-d83e-49dc-aa7a-f15375b9f4b5'),
    ('198403609843020787490751286028650985794657009613', 'CN=Dunder Mifflin Root CA,OU=Headquarters,O=Dunder Mifflin,L=Scranton,ST=Pennsylvania,C=US', 'CN=Sales Intermediate Cross Signed,OU=Sales-Cross,O=Schrute Farms,L=Scranton,ST=Pennsylvania,C=US', '2025-11-01 00:00:00.000000 +00:00', '2030-11-01 00:00:00.000000 +00:00', 'MIIEATCCAumgAwIBAgIUIsC5vmIPliXYlYO3DSFEoLkLP80wDQYJKoZIhvcNAQELBQAwgYgxCzAJBgNVBAYTAlVTMRUwEwYDVQQIDAxQZW5uc3lsdmFuaWExETAPBgNVBAcMCFNjcmFudG9uMRcwFQYDVQQKDA5EdW5kZXIgTWlmZmxpbjEVMBMGA1UECwwMSGVhZHF1YXJ0ZXJzMR8wHQYDVQQDDBZEdW5kZXIgTWlmZmxpbiBSb290IENBMB4XDTI1MTEwMTAwMDAwMFoXDTMwMTEwMTAwMDAwMFowgY8xCzAJBgNVBAYTAlVTMRUwEwYDVQQIDAxQZW5uc3lsdmFuaWExETAPBgNVBAcMCFNjcmFudG9uMRYwFAYDVQQKDA1TY2hydXRlIEZhcm1zMRQwEgYDVQQLDAtTYWxlcy1Dcm9zczEoMCYGA1UEAwwfU2FsZXMgSW50ZXJtZWRpYXRlIENyb3NzIFNpZ25lZDCCASIwDQYJKoZIhvcNAQEBBQADggEPADCCAQoCggEBAMFmpLPFKqzuNaswk6vVkX687sMvV3BLM87fBNwVybqS/DwjwNR6I5EPo/DzhOHNO+i2gmhMbGMCCT6NAuh/idVt4nZ1k6xArlkG4Ds0U1qb81/cZRJjczNkkFzbEFdYWLMMSKkGTirpRVQKr9gwpX8bUIeN/d12lTlOWprVbKVkAJs7x5XAr9hw2z2JK8Ab+HZSMQw87iaWEqxy5h9ings0qfftW5hSF1rWx2pzOb/bziChxvBIlg856VD0l81lOP0mJrGAVcp2qlZ1aAIWZg4MAytXoTlrW6lPP/oa+8g4TDgX6C2l0odgDz4JcQf6QJne0hTB3tF/Oe7o5gRLjvkCAwEAAaNaMFgwEgYDVR0TAQH/BAgwBgEB/wIBADAOBgNVHQ8BAf8EBAMCAgQwMgYDVR0fBCswKTAnoCWgI4YhaHR0cHM6Ly9sb2NhbGhvc3Q6ODA4MS9hcGkvdjEvY3JsMA0GCSqGSIb3DQEBCwUAA4IBAQBPGDWu3lOZVyNtt9pOwZD7Hd/rKPvwtP0Jn3o85wHPtO9AaANxIMZpTynNmk/Sk7Pxhm1RT6Nwl1HQs8OnMpstyOeH/O9vWVuPn1QyQPA7j7ll/yDnL3vNcROd6cLgCcCc5E6CmIwwqD8mLg85lmdwycuBvzxGCTuwvxdS0cukAX0v1A7U8KI9pdnOg/9npyqAMyLJFLXsKwgTt0t+vnDBS0EEZKceDcvksPV+00xzHJy+E24Rq86R4nqLscB/fkDyC3a1lvoeKO4wgzZkxlbVehy/L3aX7A3Xfot56Aes3SckUvC/WWkBgZ+u6iVobEAuXQ/77Owng5WKwdEFKP6o', e'4bcIbyRyHm8BCZrV4ttNEtf+JXe5UxZPpttZZotauUwYLvJDDiyEEBVxg6zo8S13/vaaltBjFLtM6emm5Dm5vsk2XqcXwIqBTA1PAvaIc6rdzW/yU4mrs9Wgy+c59a05Q0819YtFL+sJeNbrv8CUuCei4bfLI2p8I7aPWRRG5434+1vlN0Ck6QkcBxqS/Tpa59dDf4aqXq+M+8YdJUPNUXwz2qNL2lb+JLCz4w/m/HO4uRLg85vIpPhVLbA17CxDBpkRXPmifERTj1FeZGJhEEzVZCWy9U2tY8IOydil7gIGTmlpg7cMmZgQj9mpwwDXONFcBvn3YJyEkqPyIh2jzyjAQz2ZS+b1znWjS3mahZURrYLCKcM5iFbMa1L+QbxtZGufxupKLvLlNOPWfM2KIOm8mF8XLWGkztyL/NrtmBqgcsNQR/un1UuuLjRlqoT365ozIsG3gmYodJdIscWkSbDabqHERK61tHPMgdd+B0U0Fo0owM/6rCsgfGfO6HgAFHCbzOw+V7STAujH+Vm44LE2dNRWgAov3PDaGuhkO4+sZC7w+ndrtILW4WJrJ934mS1iQw5MSCkyl47rx7BTJ2j03Yzho6BwbGdNEEqLFX6nCa/LQwEFNDSagCO1PVxp6CFHInRXy4ActbQ3WAf441iLCLN0jEOaT/fhZD9Qui989HDC0CHHZKxZ22oHpdK/+MVjr4scx90H5hGKbPslqqZsdWBSMJ/mlZ1bt436DlaDgFpFbud/3MaN80HXlC6eGSBp79RsgCWzpJuNyLdBJmTkYv1aOZpnPaVBZXgD8tXtvtAH3b1d5XeZV3ihR3RFASC1b300ezh035ovf/FvGj4g6wL6ywLMn/JFDOvEt5HaylKu+vUtaPReZ13COko28JePrKKJs48HBR7DehAg2Cyaf3MZ29kqIIfXwmM1+w5WChLUK7rsG/3ktctDn637sw2wdjpfIBo1v5J2BCc4EeN8cXGVwdUrpb9/2X15XR28glQ3SwviDEiWvtXylyzAhTWylrYy57rRd0lbFf32ez+ff1sx32FTjxb0JJliKw8RaTWK2sdEH4DIRP3xrAL9ck8+yhoQuLua/4xHY1PqQtE/AMkF5LqNN2KZwFLxBVRTpQVYlWK0LsgTpICdlKbRwG2vtSzql0U0sotSSqCo3GTl+kLHG3rRudcFRbsLA8iLetPnIbq+yWOXb5/8jAYwfmN164sHsD3ig1gExaqgzldN0rVs5O752VR1AybkRJYurVSkiksFuvHk9FfNyyXKOCRa+xPeWjrTxHbkX94Th/VuIj0DhC1pHmhcAqNwBesG00yiIWhEN0CgNiCXn5gRg+V96PZLij3w1uB7sYYjfMMKQ1ox+arjBp86VM+lmAf0AgyLx5hts+KIH6+nbc5v8dq1vP2Cq8mHlVLP1LDhpqSFbJIxHDL6joRXKEa9EeydcbZzoMBflw6uWCuR0qVeJh22ZWr3PnSD4SYQ7i8tKQllii0ZsLrx6UP0a6LlsWfrgI6mYkssQ66HsCUAWxEpxb5lO1Z+URXFSrWigczsdOgBSGhtuSypLpSiTxPw2yT3k3wsd9Wh7gD+H6hZHfn7L+V5MRmX6mAdJxPkdk0gE+mv1J8s3BOUzyseuUe61gKiosWCJWuh85h67nj8+lUu', true, 0, '257219047221670200197587821750187857075369598619', 'd6e28a9d-354c-431c-8912-8c78b3b23a39'),
    ('174397758441638285656259356385669503277173302366', 'CN=Scranton Branch Intermediate CA,OU=Scranton Branch,O=Dunder Mifflin,L=Scranton,ST=Pennsylvania,C=US', 'CN=Michael Scott,OU=Regional Manager,O=Dunder Mifflin,L=Scranton,ST=Pennsylvania,C=US', '2025-09-20 00:00:00.000000 +00:00', '2026-09-20 00:00:00.000000 +00:00', 'MIIExDCCA6ygAwIBAgIUHoxEFZxMTTKIxD6XPQUfyOrD5F4wDQYJKoZIhvcNAQELBQAwgZQxCzAJBgNVBAYTAlVTMRUwEwYDVQQIDAxQZW5uc3lsdmFuaWExETAPBgNVBAcMCFNjcmFudG9uMRcwFQYDVQQKDA5EdW5kZXIgTWlmZmxpbjEYMBYGA1UECwwPU2NyYW50b24gQnJhbmNoMSgwJgYDVQQDDB9TY3JhbnRvbiBCcmFuY2ggSW50ZXJtZWRpYXRlIENBMB4XDTI1MDkyMDAwMDAwMFoXDTI2MDkyMDAwMDAwMFowgYMxCzAJBgNVBAYTAlVTMRUwEwYDVQQIDAxQZW5uc3lsdmFuaWExETAPBgNVBAcMCFNjcmFudG9uMRcwFQYDVQQKDA5EdW5kZXIgTWlmZmxpbjEZMBcGA1UECwwQUmVnaW9uYWwgTWFuYWdlcjEWMBQGA1UEAwwNTWljaGFlbCBTY290dDCCASIwDQYJKoZIhvcNAQEBBQADggEPADCCAQoCggEBAMR4myAEiSEmlRC+1wUwtrl7btvnHftJ2V7tbfEbV9fBeHNBw1TTWfEj+GmYz1gsz1xB7NYjoTzJDao2uDAP5A7cYowfAka6ah8+kPZzumdvn5Url2lBonkH/G9arA9ypCSy2XN6KOGqVqgUel5cXF/9SvNmZehpyBTkZLKlTpqiiIz/PbPAgBNG8OImj9AyLhNMS0HnaJvRnV1BHyI2fjDh8ndlFtlfil/cKzRbwgYGrkgtyK3cxx025dsG980NGKdkwdkC6z4woYMILb1Sn6iUm6UVnNYmsf+eUJErWV0zRkqKjEBSB3qh3BHW8t3pecWsDjbqQraTDUem3KVYxsUCAwEAAaOCARswggEXMAwGA1UdEwEB/wQCMAAwDgYDVR0PAQH/BAQDAgWgMB0GA1UdJQQWMBQGCCsGAQUFBwMBBggrBgEFBQcDAjBFBgNVHREEPjA8ghltaWNoYWVsLmR1bmRlcm1pZmZsaW4uY29tgRltaWNoYWVsQGR1bmRlcm1pZmZsaW4uY29thwQKAAAFMCUGA1UdEgQeMByCGnNjcmFudG9uLmR1bmRlcm1pZmZsaW4uY29tMCMGA1UdHgEB/wQZMBegFTATghFkdW5kZXJtaWZmbGluLmNvbTARBgNVHSAECjAIMAYGBCoDBAUwMgYDVR0fBCswKTAnoCWgI4YhaHR0cHM6Ly9sb2NhbGhvc3Q6ODA4MS9hcGkvdjEvY3JsMA0GCSqGSIb3DQEBCwUAA4IBAQBWK2VdqmPZKd21nqbrh7j1s2hCvM3aDkYJUXTV0UYo5zYasE87RgYB8jjLolgx7LmqT/UxCM9cbhSXLjbLMOogQDCqxbcr0Z7puDDI4P4Vt/5VmvHZW+jtHEO4bePn8RQiWgLLMphOb5ltUfN6sH56QyTdnTzeRZ8YuOPTw6vdQ07+wca5tCGx0fd1Qni7R5KMGm7s3taR3SHk63UXw8xzeOa7DGE+/K8S7WCHGwnteC4Zw84RP1CWpEU6zmq8ur2G/oSz1F91TO+3bOAesC8NJAr4qqrUj4TZB0oSVgXt0V8UApcc5sL80coUS8f8OmOM5u9wrLDS2YRzO7KUbHE1', e'HKnr8SmOZ6ThCyqQnxFyiZDtppdUeCOQuDdx2MHtht+CANpVjCdwOtx0hEx2ORoRM4i757EBO21/3q9IIqWvEhinf7bBxydnpq7sYZb9jCp/xCxTbYKuiOyA9b2WgB3+222c5iVPDFeD0VLQIqq97MJ2Yzk2sH3Ib0sUfBTW+Dj9DLvOJUXBtZNwz5WkvUoRiCQlNWaiK+beG8u3JDeMKWRAdgT6MymGwN12X4vLntyuyatw3KI8vl87MBNBK9nUMQFIvsc2PsCRfuXnDjZn8eYmpkqGHqvyMJFY3yX+mRBwdXPjY4jsEj0c6PShUKTjaOXJW1HKnTURKGd2bY0UDrlYCeW65uRBfx5VzZYCqPN0znzkrRlB40UKeyiB09fMhCBEHL3xAxVp/dymKME39YKgphERPEsa+TVU6mU8sFhMwUQhkPA0vkWp6RQ7BUPNCVPPEZXTNQ7NmBistRx0gqjWv5ljO0pO/micW9fNAs9P8oFVnzogSBP8aTUj1uLM34CGCkH60wv3Qt+ck8xqaFHUD8wzI1tNYQ4gTqVroabw1h4tW4D2uvVfCSaHUIG/uVq9AmqqRNfNeE5Y/25/c1GCRbDiA+ll8C/Somp614CTlvvB/li1daZd2orYly/YCNIp9xHV8T9DtemBG0dBIjQwh2Kb7AuWYw7AoEwiTC1VNB4K6clJ3NXSycKyc8aAtE2xZ7TJ0AssLmmp8+fMiMFJ5FtxppeLHbc4SfPaFhtIftzm/wf29mUOx0Xx1GMujuXfmV3Lvxg2SgveRF+EQqDsskUDYozvzAZt96ESiENLvFJ7qHpjVojsWXSg4gG+rni+mXhxi1O9Dy/aOZq8H7vP8UNHh8EFXsv/SkecVbuTO+RD5qWNoHYN6r+yXzRea0kXyEbTh36b7pjTHHn40t3OiZUumw+6qnmFAovp/IMc66HOFi1s+Fbc0O0Or09MGRG6aLutE+iIoT3LcB3ZxlGcBIq1DDrG9bLUAccno0ejcCkGtsbg+9mIgicb/gEX2rKJtTTqN9fL7XTyj/nWdKJhoQLqKZZxgfRQL/Rvq4/vf5YCmZug7id7kbKAIEiie47OiuqyPJBXc3hRaJEb5S6DflIokMN/cSbuHAr0cXYb+1X3Wm8YAEHU3EsQ7v80ulv4lkB8S2BpSMcoWGqTP3bwgIUG5FasbyxkKQvrUfIhp8qvQE2EekZOdbuPnyZw/s/eYrnY/p/zWbfOH4wPz0+Jt5TwWClaAnV21pEQwp6wQxaZdbQcBZ+x5U+a7/cjUCIuXBjRxr4ctk4BX4i9CB6lGX0GUx/mlk+iVHgNSx9A2FgItIty71gayJ3UCKwlLu/8183i58EAMNpHWDZf2yylul5oPQ2I0tyaCo2LE8fiNUfXJw9Nqf3bAyVKtydWLx35u83LkAaxeQoVDHb+igKj8ZHY/BWYx8Dz6LZcXLrTh26qtRhrnV/IhfBYAgNRi7rkHn/Mctd4Ex0D9aqRhC0AXA6c7eIXerjqDXVA6whoTuHZPE5jM9EDngHT14isjUdLLOuN9HFrHV6XQHRlFdelq8gE3lj7qEv/ROz+vBAi9lxzE8rK+F36mejgS4xnOS5a7H6THlFHcJkDzJLWkndjer+TunJeMHEQSe30/YQkemkzWX/1fzRbLS/BPYDr', false, -1, '260167171242990818076495746788160545810588337294', '3eda5494-d83e-49dc-aa7a-f15375b9f4b5'),
    ('390282165894341936345951253642706285396013741661', 'CN=Schrute Farms Sales Intermediate CA,OU=Sales,O=Schrute Farms,L=Scranton,ST=Pennsylvania,C=US', 'CN=Dwight Schrute,OU=Sales,O=Schrute Farms,L=Scranton,ST=Pennsylvania,C=US', '2025-09-01 00:00:00.000000 +00:00', '2027-09-01 00:00:00.000000 +00:00', 'MIIELjCCAxagAwIBAgIURFzbixa1/gY76lMB9R+F6+dZ9l0wDQYJKoZIhvcNAQELBQAwgY0xCzAJBgNVBAYTAlVTMRUwEwYDVQQIDAxQZW5uc3lsdmFuaWExETAPBgNVBAcMCFNjcmFudG9uMRYwFAYDVQQKDA1TY2hydXRlIEZhcm1zMQ4wDAYDVQQLDAVTYWxlczEsMCoGA1UEAwwjU2NocnV0ZSBGYXJtcyBTYWxlcyBJbnRlcm1lZGlhdGUgQ0EwHhcNMjUwOTAxMDAwMDAwWhcNMjcwOTAxMDAwMDAwWjB4MQswCQYDVQQGEwJVUzEVMBMGA1UECAwMUGVubnN5bHZhbmlhMREwDwYDVQQHDAhTY3JhbnRvbjEWMBQGA1UECgwNU2NocnV0ZSBGYXJtczEOMAwGA1UECwwFU2FsZXMxFzAVBgNVBAMMDkR3aWdodCBTY2hydXRlMIIBIjANBgkqhkiG9w0BAQEFAAOCAQ8AMIIBCgKCAQEAxDIvqPYFrSNb8Z9zFvP97JAbJ6rI9tz0Dgqg4+CiY7nZqxs1do0VyJXL9NuxJzy6xMFCfhKRwlajTY+U/ersr+tPy7aCzt5ujD3n1KwxoQ0zuUM+FUMM/mVqjfxsQUIuZRDvQ1+LaWu9r5xaoiTPiAXcArk7X4OyV+NpJ+VaXhXkn0XXX27C/n63jW8rVT6FP8kYhpkqARCc1Ux7R1l2e/zc5TEgoTvGKi7K83Y4hDqD4fwI7dZAO/IuiKs5lhwpBy08or2+FAvguUjKjpoOukGc8QvKuLx6JnCz2MQ57Nbi5C8ASU1SunSAkirOWauO1dX2fGaasy3eKZXq5r9jkwIDAQABo4GZMIGWMAwGA1UdEwEB/wQCMAAwDgYDVR0PAQH/BAQDAgOIMB0GA1UdJQQWMBQGCCsGAQUFBwMFBggrBgEFBQcDBzAjBgNVHREEHDAaghJkd2lnaHQuc2NocnV0ZS5jb22HBMCoAgUwMgYDVR0fBCswKTAnoCWgI4YhaHR0cHM6Ly9sb2NhbGhvc3Q6ODA4MS9hcGkvdjEvY3JsMA0GCSqGSIb3DQEBCwUAA4IBAQARxNIPk8nf7Ld+j+b79YoOjcjub4MBPYsGIHBDzwQ1NIlIpKcoyJoSoXXvj+GnyQpA1glTB+1Cs1aXNQ27GTm/ypZ0sQ2O7LJ6JMoh2W/SeyVHfihVKLfukDvMDyUGlAaYsEqC9i0s7NvLvxvDPnp6PsZO48eUSLLv85EkE95BF5FPfIxjVjumKii0YjWO+JdJBArCfNgXPL3evgA3yprnATJ186c2i6H96y1nh+MsCX65V6FWIxIg0jaGh4XpQ3Kp105b/WgjlPqmXTtYhVTx+Ymy6U8VdoDe6FLbLXY62KzXLzK/FVizS/pojIqHZb6AASp6ee39yxkyEEBI3FSp', e'DJEtM6xqRwWsuZX7ahh+F2kvz0hmceNiabZXHESpqgbsHqQpIisRKl3IXXUgPZO5PcJAmvvd6ttsHE22ZexEHOLHyqsFeX3oMwDHwJIecPet5LK6z/yoOd6s6ZzBWz/kP3RlQ3QI71vYonvEk3LQGUOjqziQHYt+NLGTW0Imn1mJ1khynfwMEndiJ9WE3K0B6Dmb+LjG99dpa4w3M4QhrsfmBkAo91EYCyD2P44cMgBVdp6Vx/bKcMUxbnzi/7J9I0pDal+pPBg2RN91IdmJB1nt5zNS7bv8Vtwb4cy43FemF8nCurLJttDGYXlbcxIIY1ziQuItCCgfYK9L+Ld8CECArKYilRVHvg5DLraBzhiMd4r+lsPUhM4k7vFDWfr/5IAB3eQuPR4cmCrSrDTEUcTNpbOo32fwfQtM/eaB2AWSGYaaqsPGqhvdDBhIgX56aaerbJI5M0bT15Ng19/vtZb5KxH1IphjdgvLJCUlN5Adsft61ouqlRSk6qp4EvG7fBTCujn3QEwavabItt4yDJEgJEb8tHIoin6NhFhKgGX8MRFvWc65wa+40VTU7c0oC/Ep7bmuVHuWUXvqs8cEcizSl9aUwgRShxBCk8ZAABLx0Di8iwKw+Mg5iBYWrTxhvx/+GZsMho32rnOLs3mYVC5TQBLHizJN3T6J5/A0ckT0AFP0qx7o0HXMMsQ3djNvFaTwwQr1TK8R+dKhgFM9lN1zKpqD9UjDmblFDE8G2hypfHZ9MlrLWuhDJD6rZvnqzwdsesmQgmYZg5VC+VMOUnTPWL8XinZ4aqP9vGh4eo7FNa5P3CF6Eo09eURHeVhRBvBhLVP8bqPgBy05vMlDPD+TqOvIzRu+Jry/okz2LFU88r8jvUL+wEWfzUM1ooUaUJHcNf5I0uPTdJ2Y9v/2BJleVLtZrwoiKjqv38BgJhiaa4kSNlQcAa1nigRPJ2EbJP9dRTcahOOMdiDadeHYjsPOt2gkm6YHM833PRPfLFe+kubssPQ64cL//A7YKbkH0NNexp4NjQ+JhEjN5JfwTra6KuDg+IZuhjzyQnEScOaYVj85znM4WbuQNbpg+NOkZyTVpKVrZCmI3nx2CAGhWt6gwITaUTWxU3PFHoH8IqS4I8AW9mEmt4kirb1yFxgkf24xLKZxqcRpLPDX8Tv6mG+i7WiyH7AyRzCXfKTGWvZoqxexOyagEJaYf944BNT5hSMV20f42+ZUEtN9q40T6kMf3xrk5WDOUTFzQRVFA0+9a9h8He3shS3Q04mMKyjQ3OiIOYrn2HpsK6Kuj8L2IJyPqObprxYS1zJEWiYt+SsVVCQ9omRU7ubg893RD5uxeOqJh7PguwguQOzLL941bsbCiChnZSDgpAVbFZ63N45Kgx70c2fz+7GbE71el5J8/ZHzV+SkL3KsCKRhpAlITsFzQMIpJflisRw9cmDoG+46kYyZodqadUEDQJX1z4QC/pBSaAf3bQgedcsMk8QBAz0MewpJxIi5o8u+lMTjpSMgn8oWM6UvQYRgkfiCFR23UOySIFcXAB5Jn2CQfyT4PzolIHIjaNekp5SofxNSOZIpOJiVe+qyWuylnafbT+bxyOJx/ATU/Uo7FC/oY7SIIDfjmqjWEl+DlVC3f31i1VK0OomGLslkqlECJvnrYQAY', false, -1, '19200792653990017227047556761891276661947281211', '303704ce-e854-4fa4-9fb1-a397d3a46f91'),
    ('4793080352708997645329634554421410851843927151', 'CN=Dunder Mifflin Intermediate CA,OU=Corporate,O=Dunder Mifflin,L=Scranton,ST=Pennsylvania,C=US', 'CN=Jim Halpert,OU=Sales,O=Dunder Mifflin,L=Scranton,ST=Pennsylvania,C=US', '2025-10-01 00:00:00.000000 +00:00', '2026-10-01 00:00:00.000000 +00:00', 'MIIEdTCCA12gAwIBAgIUANbt3TGxo6bSbNCDFvs1jShO7G8wDQYJKoZIhvcNAQELBQAwgY0xCzAJBgNVBAYTAlVTMRUwEwYDVQQIDAxQZW5uc3lsdmFuaWExETAPBgNVBAcMCFNjcmFudG9uMRcwFQYDVQQKDA5EdW5kZXIgTWlmZmxpbjESMBAGA1UECwwJQ29ycG9yYXRlMScwJQYDVQQDDB5EdW5kZXIgTWlmZmxpbiBJbnRlcm1lZGlhdGUgQ0EwHhcNMjUxMDAxMDAwMDAwWhcNMjYxMDAxMDAwMDAwWjB2MQswCQYDVQQGEwJVUzEVMBMGA1UECAwMUGVubnN5bHZhbmlhMREwDwYDVQQHDAhTY3JhbnRvbjEXMBUGA1UECgwORHVuZGVyIE1pZmZsaW4xDjAMBgNVBAsMBVNhbGVzMRQwEgYDVQQDDAtKaW0gSGFscGVydDCCASIwDQYJKoZIhvcNAQEBBQADggEPADCCAQoCggEBAKWl9gLO1TVkhIoS7Hvgu0q3CKuJcsQRAzMB2hz+VDeF3Dk11+hRkrWQvNTumxjcciNC96+XSdXR3MXNb2bCOalAkK/RCcSdNhMigvG1ZqMmiTWGRQcaeQfDlVgzK8SJsWu1jKjDMWLFxfoCTW3TDBe+bLynVAeRR1+bE1mNrijc911+iLZswOXc58/72j0/6pmoHfg+AEdld5Tfm897AIB/pLB1drtfC7MLg7WMo5Xq0Ek1IeA+uzW8LekD0Lasrhpy5Wc6Ebf3SlEHkLXdsfpi06Wyv5LxJvRc/w6GK4fSl9vmTNiFlnPKYmUAsfJaSjobl0zPeJrthmd4rAc//OMCAwEAAaOB4jCB3zAMBgNVHRMBAf8EAjAAMA4GA1UdDwEB/wQEAwIHgDAdBgNVHSUEFjAUBggrBgEFBQcDAwYIKwYBBQUHAwQwRAYDVR0RBD0wO4IVamltLmR1bmRlcm1pZmZsaW4uY29thiJodHRwczovL2xpbmtlZGluLmNvbS9pbi9qaW1oYWxwZXJ0MCYGA1UdEgQfMB2CG2NvcnBvcmF0ZS5kdW5kZXJtaWZmbGluLmNvbTAyBgNVHR8EKzApMCegJaAjhiFodHRwczovL2xvY2FsaG9zdDo4MDgxL2FwaS92MS9jcmwwDQYJKoZIhvcNAQELBQADggEBAARU/QxcLo4UHikuNGYUwdXJZCs+hdmPMJpPNPJIbgrVbzr+V5IEYNmeFdYccvHZAsFCOb7YIuMEcpxOhwZEHQ13aoAW2vlPhh4jSK3Dz4Oq9Vmd69xOPBnTjfp95FdQRitP5Ktz6Az+BWYxkPEPq4gusoygyG3ivVphmhEY8Szxch71yH5ybmu28Ou5st4EXdZ4G80XDhbzconOKjF+4ibT+l99EFnc9DoJ/Ge7YHn/xAzhL547OXaqJxB/AD80FAqWP1ExXHG/erGGphO8lxCkGQPdRja5Y+ls8CJ8fz50EOsTaL9KcJ4JmFa+07D+7eitAyCbrMapYdg+eS8xJRk=', e'Buhv4sfcHJmxRpZdpepBimhl7QwQz4pCxps4EEnf7OWy7t6vEIObKqH45B9r528V9BJWrauj1DcyaLRTwOj24HiiN6dNzbRFMpFaXdbGxY2J6wauajr27gAx5fQABOCJj/K6bGgCItDZkSxhdEEFa21z/PQ1rJoUdx4uPUB2MN1TBrf22ErEVS/CTCzIDIdMVZph6VvVrvIuLY3YAEOoTneMLSZGlqxFJgG+vVTN0R8WLHn4YOn8jG2anZEaDkvUQz5SbtpmdntCqdUrfrs7OSlri2+k+D2S0UXY79MbdBP0abzXKlUPBY37Yf4Ozjz6wB4Aj4gmmydLFSZ2iAYnAdGlKZQy/dTeghsdn1EXb9ggGtB2boueDQ7i/c/hOuJrP0Njuit7KRwUSxpRa5yu2K2v6AopP92kd3mqEbF7AmM/WdhTU43cKVALC7/2GBj3iouXi5TGqIXoDrxFcIWeXNlYKwQ/kvzBgXTcgvcjcykFEmCsAtK5EgUSkAc6+S3KGxM1pOwmBcUWZn8N1ZZ5mmLfOIqRvoWQxUTXuMiMUXRx2fB5+GDAkBAnGN78KgHJwfCTjrKWA8m9Yx6aNZBUwjVnPvzc4t4QtsxEnJV4hHBbJekavVJzIFXK5FJ7hKY3pM63iyX/zvUIqiaipER+DavBEJvKykHXkhFK9XHtkQCOumNqJI4KElLI+IWTzDx16d+x3XrPaWsdr1oMqk+/+LBeLTUi9kIUaYmtsFhuYIqwvPNDJ3NiPrpAH48Tf2WRuJan7uZrpZQwhS2fIJCyc7BCPMXE4tP558tOOoPjK11NFZYz4RLWv6cfQCdhxosjH2eMvlReBKch90ikVnD9ENXGZH2DXyPShvIdtU5KiGsvPiTJkKH65kGZMG+xpoYWUu7A73Te52dnd3GkQVChXLgjP5ffQIbWAla46c14bQgAeqnWiCmDwgXRJNylOULrokDtKkrNC/tcMLFogRGQIbJvABGd2JVOl6p5MjJUwULZllxY5VtVDjM/KYUV0Zp/Rm1SOIi3LHh845raP+cuwrDqzpesBMP6XOpvUpZIW42OMtoMSjxWFD1GuKqtl1sWeK8ImpicPkWnrcICtXqKZRIKs5No/upgRdg3GPfHU3uFn7X3C9YWrT5QgviCB+G0zNcmk0dG+kzXWI78dbeUZaBu36h5kxudj5EzczbQwiOJbn6blqAFMLbpzHvg76WOoYL3ip/ZR1r1Pwhri28QqWv9Q2E04Ibycuz1jU7Kdtsr87eoC63J/KDm5P+XkG5gIwB7O2OKT/9yQixWsWI1Juq0IF4JJIV9dkqKo1AC/siJPLbQeF9lovSj+UOtCv+ULavePSPrfx3eiU8bLbEPCpgYVCjNxuL+cSyeJoZe9Og26M0E4cAWjUo1a8UztdGngKlPfQjh4WFaF4a8zBgk8GXZEPLyxiPQrNm/639IUazw3bsOQPBksU306owJBHfqalCd56cnMMXuMNHCD64CfyfJ1VWw/pcQM6nDYPBMMAFCkDDgOXGI0se8XxVgYW6s/1iCIJTAYQjrpcYmkPJVtrtveA0bIUO4PhqdpnzYMpsCysXat76VtZuzfOd4v1Re2FKWSpDHYe3O0qJqJslyJxu/WM0I0obyC5b7nJxlUZHyZq59s15gG01BIuWtoa6z', false, -1, '300072149222328078194459112647432433534144382605', '3eda5494-d83e-49dc-aa7a-f15375b9f4b5'),
    ('644545701258206540440877744741874922735461681050', 'CN=Scranton Branch Intermediate CA,OU=Scranton Branch,O=Dunder Mifflin,L=Scranton,ST=Pennsylvania,C=US', 'CN=Pam Beesly,OU=Reception,O=Dunder Mifflin,L=Scranton,ST=Pennsylvania,C=US', '2025-09-15 00:00:00.000000 +00:00', '2026-09-15 00:00:00.000000 +00:00', 'MIIEAjCCAuqgAwIBAgIUcOZtyLCE9zRkk5DRhnDUNHePR5owDQYJKoZIhvcNAQELBQAwgZQxCzAJBgNVBAYTAlVTMRUwEwYDVQQIDAxQZW5uc3lsdmFuaWExETAPBgNVBAcMCFNjcmFudG9uMRcwFQYDVQQKDA5EdW5kZXIgTWlmZmxpbjEYMBYGA1UECwwPU2NyYW50b24gQnJhbmNoMSgwJgYDVQQDDB9TY3JhbnRvbiBCcmFuY2ggSW50ZXJtZWRpYXRlIENBMB4XDTI1MDkxNTAwMDAwMFoXDTI2MDkxNTAwMDAwMFoweTELMAkGA1UEBhMCVVMxFTATBgNVBAgMDFBlbm5zeWx2YW5pYTERMA8GA1UEBwwIU2NyYW50b24xFzAVBgNVBAoMDkR1bmRlciBNaWZmbGluMRIwEAYDVQQLDAlSZWNlcHRpb24xEzARBgNVBAMMClBhbSBCZWVzbHkwggEiMA0GCSqGSIb3DQEBAQUAA4IBDwAwggEKAoIBAQCoo1Khnr7mMAJDWKyeZJxN3nhR81+puQ8NmSoLQS+XEU++SIvtH+uPmAm31fhqtvRJG1j4SC/gNe1DRwXqCqaNaULzhp5zjL3tuYAkR40ddENMfox2xW6cM4ulkSpljQlKYyL4b+lqR3GP1OljmV7j/GGDXxmvo+PllF0Cgm4I2DV8nmZCHg3WxTEXqeLquw8QU1fY3QwscdsCrAbrmHE3nkMUgJP80B0VMeFJ1Wl8dgDPCQamJtUsHWXmXC5lXSyCjH1qVHkR42kG8aVI5ixF8Uhu8mLNAubhax029oxPB9lNb4lNGiRtN4E0Oy4VEgJq9Ze5qe2g1D+k1w8lhg3JAgMBAAGjZjBkMAwGA1UdEwEB/wQCMAAwIAYDVR0RBBkwF4EVcGFtQGR1bmRlcm1pZmZsaW4uY29tMDIGA1UdHwQrMCkwJ6AloCOGIWh0dHBzOi8vbG9jYWxob3N0OjgwODEvYXBpL3YxL2NybDANBgkqhkiG9w0BAQsFAAOCAQEAE+Tkdoa3ew1Z/+b1FtSZJ9cBAwCpUkVd+M/xoPGnie8FotcHxegzccOL2uk8KjBh9cSI7vnUgyRk0N1xzCRaxYfTPLOFoIPdBorR5TLukMjdXC8OUaPCKziY81d7x9ryuBYkbieN1TEDdRyX4QtiGxAOfJaASfOkEWSt4vdXZgndQFj3vBTuGItwEEeJcoZgDoSU7flsSoRQ86ehLRd2C+wesMpKHzJ5Ze2fT2uUO9/pQnTyDUx0CghVVbmWJdb4pRbSzv8khTI5qQRBO8AJVcaDUZI4Fl1rkZYkcc7AxvjaPQxaxCnfO03cdX9EthiC0dvKwMIzPpcQJXvT6WuPeg==', e'QS9DKINJfLAgafoIr/tsLJrgUWEk9Xh1hr5KmzfY40ftrgSB4SjfzvRM7zA4rfquWGyvtKqn0pnavGCxWhkDjpOe80tFM35iHPL1+HIod37MYjffHmr3k1YnK9tjmFpAQrDD6qOkRFJwsvz8JRBQDPkWjOSj8dPFZ4G4q11gBAM7hnIbl58+ljoZmIvUtG+up315Fdwcl7aI74Q4ZOsa5RL0uJsnxRjxKiM6+RySN7NnjKsYNV0yU+g9osv5SCS0i1RpDVjPz5w3MYWjLFkTfjyioJ7pDNyIGC0psaOE9iUbzaZMsPpLD8aHJpBCyP2dgvi3bPW15Reps6ddn5H84T3uCx+AuVucaJl+XUBvUXp9qgLOiIh+/nPL7svsWmzKQE1v42E6IpUlDyCIoK4Yc7lkZjaxoKxo5V069vyS64oLoeS3GZ4k/+4NPAH5t4P6MoosjJPYRsEh+lmYfK8LRPrype/cybaO3bNFiK9nImOWKCe6pYEQy2LZk8ez+gpYaVIJTZcskSEkq5m9tUTzA9qT2LH2OBXk4G3H4Y/BlXOBYvcKVk8qeK8pFc6WUtTNhQ2/4/t52JV1tOpCNLt08x5DBgVoDxQ6FtNqdK8vzf+VEQwxWd0YqgX9rgmYMQAIEF1z7aF+QHuYkW8QJ1Qj897BF+aB+bLq67FXCONhKE3Au9NWw07AqHP1FsuaXeViNgtLM4nT/xoBc4mNK5/ZQ/ORK9e0bU94lMW5VvFwotI0kr6/bThdCeF/1WQtVd5k49s8mb5AbjPRKF5bXvwSr2QAnq45j88DIHeJGahrjBy/Zwwe46D01gNh7/LNALNm8+6q/NgYWQrCutaGgF/w85kBAq+89wZj3Ua8ZLlUfz18Z9jRwJDa0+oDFN18gwN0B/H8zAd23E1SDQYSr4rri5Me2QdWM7JdS2kybvipYxlfLbpRcHel12pfGg17zuxnsg99p+U65SK2PPglND3LTwm0ldnCcUkPWXoz06XBoED523uAcdFp91nLtFimmKZQ/4N9WJPZrE6JeLpDlVWwMSGqJvIlyY3b/28/V8L8zKEKcEFJnAG5g11HhNdlzeGB1hGIwU4HR17H59qSY6PEG/+G7ARcuOwTdcPcQUfbRHU8i5Jhwgzn5hX4zrR56nQpeCbax2W13ItgivBNWNAA7dbuhdBbnZSAdCMswwvhII6lYVr5Pejowh4BCycblBgkJ3Ba3zFLZT69hxX53F5qzGT4QRXLlibdjONsap66v+j/urU1ClUvOOZUxxd04mV7cRAOovDSuScNgT6v8NY9LApPJqEA29eSorzq5AgFS3XupJdj/+eZXZVI2XMkmX2AKRRuyAUzAIfvy2485faRGFDgs0HkmuRSx8pVWAoLqj8CEd/MU7B4c6aFBcYRxrxW80X5j/zlPsaUkwtWycevpXTj10+CfpkujGZrom9FQPGRpMgI8OeBS408JnyeZO7HKahOikZ0gA86MpdC1Vbm8pn2inLdXj02VUy3rn3qCy5dGF8C9mWDc0wMnLTJKYBSItZIUbR6qwdMWBbt78IgYgULaiurnkvqUWYPh7PT8XbGl8iTI53JXX37GXpxEkmiUEmC4bQ6F6/EbbzV+naXtRjmWNRewFR4quC7r15r4JEQv+rvfty+6992zZC4OQH9', false, -1, '260167171242990818076495746788160545810588337294', '3eda5494-d83e-49dc-aa7a-f15375b9f4b5'),
    ('725939464835563142359533587380987915433251443622', 'CN=Dunder Mifflin Intermediate CA,OU=Corporate,O=Dunder Mifflin,L=Scranton,ST=Pennsylvania,C=US', 'CN=Angela Martin,OU=Accounting,O=Dunder Mifflin,L=Scranton,ST=Pennsylvania,C=US', '2025-08-01 00:00:00.000000 +00:00', '2026-08-01 00:00:00.000000 +00:00', 'MIIEKTCCAxGgAwIBAgIUfyhAXeIFloaMkFqAJl0jgzFkE6YwDQYJKoZIhvcNAQELBQAwgY0xCzAJBgNVBAYTAlVTMRUwEwYDVQQIDAxQZW5uc3lsdmFuaWExETAPBgNVBAcMCFNjcmFudG9uMRcwFQYDVQQKDA5EdW5kZXIgTWlmZmxpbjESMBAGA1UECwwJQ29ycG9yYXRlMScwJQYDVQQDDB5EdW5kZXIgTWlmZmxpbiBJbnRlcm1lZGlhdGUgQ0EwHhcNMjUwODAxMDAwMDAwWhcNMjYwODAxMDAwMDAwWjB9MQswCQYDVQQGEwJVUzEVMBMGA1UECAwMUGVubnN5bHZhbmlhMREwDwYDVQQHDAhTY3JhbnRvbjEXMBUGA1UECgwORHVuZGVyIE1pZmZsaW4xEzARBgNVBAsMCkFjY291bnRpbmcxFjAUBgNVBAMMDUFuZ2VsYSBNYXJ0aW4wggEiMA0GCSqGSIb3DQEBAQUAA4IBDwAwggEKAoIBAQC87Ikn0VC9c68GmwzsGrX6GUklZmfQF6x1ZEdzsSmhTLJ7JbdvcT+tBQy7LpTkRLNHgUOMDTIEA044FnQ9vgAedg0KiH3WX5TfT/0viKdIjTu9iVQijIp+rH419SsvP742AZVkoL3V7mlIWAky6nE+Vn+Pi5xfsYv0FHCeglmvM9n/25bQqakPc3fdBhHuxCq15DJFtzrR53+KkYBrjUcyN6hjcbe9VqnuYNynWgNZjazsCeWRIzfkrI5EfGHCmYx9RqwjF9o6M4HCyWgGur03OVKX3ErgcY7RrSSpzKu6AvMB9inR6JOSqutbfqFslg9snNT6C/uujP+Sv8ViN20bAgMBAAGjgY8wgYwwDAYDVR0TAQH/BAIwADAOBgNVHQ8BAf8EBAMCAEkwEwYDVR0lBAwwCgYIKwYBBQUHAwQwIwYDVR0RBBwwGoEYYW5nZWxhQGR1bmRlcm1pZmZsaW4uY29tMDIGA1UdHwQrMCkwJ6AloCOGIWh0dHBzOi8vbG9jYWxob3N0OjgwODEvYXBpL3YxL2NybDANBgkqhkiG9w0BAQsFAAOCAQEAXDfInfZ/AqPWlaraTjwseM8bjmsZ4xMwB0Vljv+g38hi2pgZnM62nRVWtJXBqi6oagWJ8wMkdX9qihHJH7hdpGzBy417Egeah5cV0+tp/V3WA067Kq6ASWgnzzHn4IFcDKVlsQVZn1uvTvrsAQ7fiAI3Dl061rEMjhSVnjpEzGeibc2XV8UZA7yOrseoogyXvbtcuwqonlzG1foeGj1QpCDa/zvdtX5GrvvrzbigjfptKT5wdwvYuqvPQMb34++CEU47Croih4zEF9ajf0QkkDW7A+tEzbAHAA1sWl7tROBgGK1eUKSSC4yb2xPsYkJFhnIEHf8EkSC5wYUmXXHH/w==', e'Z8v0vZVgan8p5i2/3G/WPqZNJqrmkwtZ8d9D4wXz/K7Ko8PztIGVQAj3EDwqwT/K3u9GpRba9asbHhGDi1g33qat4IJID2Q+9+vjVeGbBeU0ikOkC+sgj6iA2znEijSSeZuKFjZw+X27x/Y8G5gjoPz0A7yJQR8g2WbHTKagg2LWxLXNGrRUPH27wAZNQydZdsc3iMCqbrYBdbvruahGEZqiifk8otcVr7RWyuGhrOCgBdh9aBRVF16mA0KxAdyrlYo4wsSEPckDCCfzLHjb3E0C5CJsAQ1wEwTuYu2fU6LuFSMuaZmaIGySZJ73wMiZbsszAIvYIw2X16z2cvvEm7SR8T2ueK7QOqOyOKL3Ku8OhngZgKEOGPaGh1oGHIjAEv44v1zz33bBVWtiBXFE/9ZD3xOJGIW6mA4SeNWFQBL5/3OMXf16pc0TUoAVFzRa6R31mPQkw30DrlwlfvQ4JIth+F/Qyoe1ya5ij0qt90ovOvOC+BCeEthWmrChgcnmApwseoFdxjHF6ukvI5gBasP17bJrU26Lb3BfikhvC0D/07GLnuDRf3yaL51u4NSxDeEkzu1CcNyKlJKKbzcBcvuInBvBP8bloEparUxVFzwqpRXRlzTiRnMzg5c8q23mXqoMwiLhDo8Yko1SF8l47VGcmlwaBJ4A5hH4oIF2wj0kTd6DbFwiv+rkJMhloyunMNZIbsPBm09Gfjj5GgVwNhVupux+7Wty5ew9csBEZ8HUvdIlC897C/8+qTx9uxIyZI5jt/ANiM588MG0J+e5Yw96Qps201Tz2ZHtzCdhyDukUesvD1p8oXi/dspIDQnMZOLTP7kJAPC8KpdGx+ug/4veMsPbC3FAdp7QopNW3hIPfJI/Iboi3k6URetuc8tkP2xgGLFGhh+UhR8HHS90YFZ2333T2T95GWC6m2xs7gPLPpHLU57KRXxhRXT4PiJXRgdFvsLgTw8tt7o4TLDOIMRbM5q3AxAKNHbdNiMCV+zJf4OM0zhgWv/KbFs4pUVk898z1Yv2dlYPEM6keNzZWndGotHD7kVNJMYFi2KHDeD1Dx2ctZ6BsgDI6xg+DyEz+s6KlGX5OzFbJk2XAXzvDNrmb6A0mnioyLtD7jr2JZF6Gyw3ybrzX8FUbLbPuL4Mo6386FX2yPVyEu5TxKV+LXlkBZqcJSpbKFZpbYAolpasMTrmkqEjZAZxBz2Zm/v9wZTuVR3FGjk43zVlNxsgHVGnURWnyUVGF4AINw1LaAkoRCJoFG0EZVX3tNCenes1WchipNyRo+P1efA/t1BkIrmk6z+6/IPyw/uhudK17VwuCjo26Uet9C53GVHOKp1LXUAN+9+vxiB51ajUCWynzESLB+hvb5I5rJqv5mKHpvpfhps6Uhf7+sqlZS4Jp6AoLH0K/CoaHoCoN/iQG8TDwu9tb3KBQJbi7dvLYH+FxgWkivSwhBgibpXe8++8N39fIDsIhVi0ccgZRL3tEdRq25UsC2x0iUBRbW51eLx9gmb0r23h3XAAUAU7pdnYO4UxdDVWBClg5d9REhL/96ZStP27wjFBDoy6PyTkivGoA/qzF3CJ9WZJ6kXsCD9cH/WUN2voBwn5pMQYMqOCiMeqg3xYQp+laJbaclKWCKiMGahUE+LkkZ0fjaGUq2Kirk5u', false, -1, '300072149222328078194459112647432433534144382605', '3eda5494-d83e-49dc-aa7a-f15375b9f4b5'),
    ('547851719941052466689989935278537690074125482451', 'CN=Temporary Project Intermediate CA,OU=Projects,O=Dunder Mifflin,L=Scranton,ST=Pennsylvania,C=US', 'CN=Creed Bratton,OU=Quality Assurance,O=Dunder Mifflin,L=Scranton,ST=Pennsylvania,C=US', '2025-10-01 00:00:00.000000 +00:00', '2026-07-01 00:00:00.000000 +00:00', 'MIIERzCCAy+gAwIBAgIUX/aFULKMRNP2VecFVi8qwdF4udMwDQYJKoZIhvcNAQELBQAwgY8xCzAJBgNVBAYTAlVTMRUwEwYDVQQIDAxQZW5uc3lsdmFuaWExETAPBgNVBAcMCFNjcmFudG9uMRcwFQYDVQQKDA5EdW5kZXIgTWlmZmxpbjERMA8GA1UECwwIUHJvamVjdHMxKjAoBgNVBAMMIVRlbXBvcmFyeSBQcm9qZWN0IEludGVybWVkaWF0ZSBDQTAeFw0yNTEwMDEwMDAwMDBaFw0yNjA3MDEwMDAwMDBaMIGEMQswCQYDVQQGEwJVUzEVMBMGA1UECAwMUGVubnN5bHZhbmlhMREwDwYDVQQHDAhTY3JhbnRvbjEXMBUGA1UECgwORHVuZGVyIE1pZmZsaW4xGjAYBgNVBAsMEVF1YWxpdHkgQXNzdXJhbmNlMRYwFAYDVQQDDA1DcmVlZCBCcmF0dG9uMIIBIjANBgkqhkiG9w0BAQEFAAOCAQ8AMIIBCgKCAQEAnH9Q+DmUpVi7VCZqDDxDXDJvOC8KjgYx4BcF/KgLsz8vuz+jcfVXqExFzMwxTqfdFzmKOeEyHeHpDttGM25jGyhRllnT1cL4XlTgYI+AqL/lhuYqXDzz8Z87GtCEVoNPlowVe3G6fquL9Jt1+PpTogUqXUvhP7rj76SH4oOxKkPDojjqdUAzDJeZNIz69EiXjk3fho/2QvRCcD2XxIEZklW2z+xu7axR4G8W+HF3tZo8XvRrho3RnAm/VTfRSKiN7cq+HWWa57k4R0XgAN8KunyUEpzZhI9Xbx3kpe6vmrwwfcuBouA9Cyoo7vnOxogXShZJJWDEDtza2TcfUW8cKQIDAQABo4GjMIGgMAwGA1UdEwEB/wQCMAAwDgYDVR0PAQH/BAQDAgDJMB0GA1UdJQQWMBQGCCsGAQUFBwMKBggrBgEFBQcDCTAaBgNVHR4BAf8EEDAOoAwwCocICgEBBf////8wEQYDVR0gBAowCDAGBgRVHSAAMDIGA1UdHwQrMCkwJ6AloCOGIWh0dHBzOi8vbG9jYWxob3N0OjgwODEvYXBpL3YxL2NybDANBgkqhkiG9w0BAQsFAAOCAQEAtzLONI2H8ZlqRcMg3q6cFitq7vXt66e+rhVYZIob/fRrENEOPv+H9RhV8BW3BeqT1QSNWoN6U82IMvydqJyMLQ6yTNRuSL1HNtVwoi80PoqsTspSHZyxOCmg/Hl8Rh1gNM6nDVTYwT26Vh1sQwR3tEJA3GKpkUerxNzpR3e9CVeaT3mKPAjUSJwpYyjEbHXkTuxl33nFCmfEBmkjIltKMg+6SDPbtJ1AynlOsTzsRKyo+mIGStS0xRjVDe1ZzjyilSuVUzUURzx0U2XxrUEBjKK3MVd/zdI+nmsY4BOKBWEUvR7IraypPLWRI0+R5HWhz7Y+Fndi6J3MUmAwV8H/XA==', e'vGjVm5cxxbR10MlgfJZXnD1Rp+paVNT/DW4Wv2/rf4AqdxayJKzIYWgXDOA4gtpLiGhYURFMvaZ8uJgI7D+8Gw+7KRW5xv0CqjkfEcvUPS1NAszv/0AqKuvOvTYUyHshD0Jyd7GHNkUBDLwIZwSxx1sL/A7junP0bHFQq0foZ+CP33hzkTcbymKnRmLswewDXU1DzUEqCNxzsK6QXKe4Ylv6cOXMMwRrOPITrtUvcJGkbOWFJfbl4nEHV9pSFJXV5VgzdOSnZibLnXDFhFb48xa4HmQWLO6vt70Svzsh1iiR+Fo+RFDS2JZ7UTWqnwv5yy1Q+XEVrOdkQXnRmoCj4VVWjAu12A6eZBkh2mvF61qH6RNBvppwyh9H0e3vnPgZbPs0bhXh1Qitsc20fNkIbQ+Q7gD/SE4/DmHhJxzqtfK3jn+07aReaytbdhTpMshxUlCgcMiAs4ItxxszP1AJxZBCgi4usSC+kb8oaxDDs0qjK6Knph1nsnofF+opeLrAiFGWdyfsTdEga6M9URUmI2NRwimv6+opGPc6gCiURbLS2xwKl0qHqq3CZuUPJywQpOLnwK8UsaykXbYg0un94uxo1/fpuO8bs/zWLdPM+GbPBTg129O7KTG5rTYRB0Nq5VCPMh/RX9FKb3qZo/FMW8r5gmzdgefQ+MuW9I4z92eEvQdL7Z68Ez0kYXegd++Exqg98uUlUK5lUyLDelNAVXv0x94u1uVlzB8iCZEvaSRg82BBV0Zwb3urdwuHtWHFXQgDN+1xc+hANoQ+RLeYNJDUHF/MaSNi3WGHqzDlkDLg5JMFgy+nIkjdflJCZvMOonPZePdDpqsB150VLoW+D4T8jODQbv/IPZ3ot3rzJQEmePZs8U/OA6OO1RHNbYn9kgSQZZCeqI5rm0bOqf5hKWnQWYNXuFrOvu1Pr9vXgixm6PFa+6w/tosLYDqUjEs5S8t1OPNSRRDHfGpNNhraKdF3Idxpmzj8bnftQpStC9lanFhunnAf+89YyMy7YEWqnuSSyOCyyHH9cpQ8mmGlI9iomU5cOMezKYOAnl6TeYO5PVlulSr1V1r8aOwaQdisoITOwpV+ekAtEtf6Q/gsiQNoLncVOkIPBV8RZgT9z/CZF6Vnl8k/es++bYJbCfXu7rfVTUpgxPiX/zBXyd+qtoROOOiUU1CcVRpeTIAy4xvsDzmUPVQz9iz1PGsJYpDzGrTfIB/baKchk1Gn+RQkK3DKRqKyyKrGfGoCG6YtwNtkykiOKPRqre4DJm4hWJaPxnMK6jrRFhxeDcRsTgnJCDa0s6Vo2MhOXd3EbfRj/92rOF7RxZ9dF1UyVLg+r57w4KTRVL7KxNlV5kwMvRUXxauQ6KtAAk7BBBzcL4Rpln9HKlUnQ+zDcJnMIDScEYUxr3RVjIoFHwckiwV0c5Hb9KL8saP7HRUpmsD80KuqO6vUv+r+o4KiBiHQ/aGQT62Y8juTbzjdJhVR531dqJlzRFcHCjpV58RBurO36jBqUkQdYPT+OEmMHZj45QYuJ1/Vcvrwq7ILZsxmMuHxwQrmJhNFqR23gCeGMAppkXE6nLRSshJfhh5cR6lPJmIAl0/4Sr7VAVbS/Os+J7REaK0CNyYe5c2ePmCLSqBNFHDFPW7ruQmU8T/DjsNGuZlJax0Z', false, -1, '437614117046904861004893518135463359016181434979', '3eda5494-d83e-49dc-aa7a-f15375b9f4b5'),
    ('206963753835030976523619538027186967498399877176', 'CN=Dunder Mifflin Root CA,OU=Headquarters,O=Dunder Mifflin,L=Scranton,ST=Pennsylvania,C=US', 'CN=Oscar Martinez,OU=Accounting,O=Dunder Mifflin,L=Scranton,ST=Pennsylvania,C=US', '2025-11-01 00:00:00.000000 +00:00', '2026-11-01 00:00:00.000000 +00:00', 'MIIEJDCCAwygAwIBAgIUJECTYKUnelu7swRBPtKXrcV3CDgwDQYJKoZIhvcNAQELBQAwgYgxCzAJBgNVBAYTAlVTMRUwEwYDVQQIDAxQZW5uc3lsdmFuaWExETAPBgNVBAcMCFNjcmFudG9uMRcwFQYDVQQKDA5EdW5kZXIgTWlmZmxpbjEVMBMGA1UECwwMSGVhZHF1YXJ0ZXJzMR8wHQYDVQQDDBZEdW5kZXIgTWlmZmxpbiBSb290IENBMB4XDTI1MTEwMTAwMDAwMFoXDTI2MTEwMTAwMDAwMFowfjELMAkGA1UEBhMCVVMxFTATBgNVBAgMDFBlbm5zeWx2YW5pYTERMA8GA1UEBwwIU2NyYW50b24xFzAVBgNVBAoMDkR1bmRlciBNaWZmbGluMRMwEQYDVQQLDApBY2NvdW50aW5nMRcwFQYDVQQDDA5Pc2NhciBNYXJ0aW5lejCCASIwDQYJKoZIhvcNAQEBBQADggEPADCCAQoCggEBAIwax721IqTw2s0RQaPOl2xckyMJuF6oqMjcERKpCiGlPAG35YsWo0ypiMMHiK9QnXHMA3ezYBL0UFWfW+yuqTQynYDlSF49oxPZaakvkvfepntj1LKTCS9ri+/4uWqyYr8IL2CSwt2BhViRxabWhKk2Kqd8R77QVPZaPMZ85hoGLue7ylk5wyK+kHTiEYegiLrRoq/FXSSxmu8aiU1SkKDp/0v3nB4Opf0na1EJVR3ZrfsLeHLMS6+uLR+r3XNd6M+4E585cABWfdCL6ECJpAlSAx2jN0T3dQ3hFosxbM5UnwwXbByk5J//l3IW7IoR8A3qeC9QOdk6yjMWRib7KtUCAwEAAaOBjjCBizAMBgNVHRMBAf8EAjAAMA4GA1UdDwEB/wQEAwIF4DATBgNVHSUEDDAKBggrBgEFBQcDAjAiBgNVHREEGzAZghdvc2Nhci5kdW5kZXJtaWZmbGluLmNvbTAyBgNVHR8EKzApMCegJaAjhiFodHRwczovL2xvY2FsaG9zdDo4MDgxL2FwaS92MS9jcmwwDQYJKoZIhvcNAQELBQADggEBABVVtjfUqUkYpMTrA/mtucDgipRDBJ/4ktODReGwbqfVcnL4E4sjE4uvk946Z5rRKuBatsAVDMw6gTGqJ8wMfLMoSGQOt01AGas5Dg4ZxnpHSUJ1hbvdgNr14DpOMeHv1EVj4CvH1QcBocDLCM6s8GBY55y0lpoxPBTmkQ++yFbEINJvNn33D0NyBq/dNWFlGjigmVd0ZdoAVE3FtSTrUXwzJ50Xi1Eji580d+IE3krToOokluR+lubHTiq9bOYNfqjP7DmM1udzmZ0Q3qpbfF55YQyCei0SSOoPNw+CIqtvXSI3u7PoBXDmffdpc6DN3KK63Z7J/7WcU8tQXPIVwog=', e'm/9kn8458oJfdPtcM1sT4W7G/UXo4JtM3Ny/4k7fB1zU13CVMq0YRQRuz7Yd0NSFpWHR+n88KrWl6mSO/H54fnmJxgHGHe+Wt4jnrkJ/T5HeP3GiQ4o2Xwhg92r4eTU1qVR0VS/3ASGogwj1ZlKeUZnhWisH7kBcbcAWuUeSccBn4wN1IH/XupeszX/nPBuyP5GzzQz+AIHTAcba4hrLzYl0uxievWvU4pOev3B8NPwPpkGjGColxqnE9LjWrLgen46zM26Xhk24HKHj3M7aqmV8aOubGbn+i5Ttn772rS3t08LFo4LwshnYtuHM0cRaCyyO4uRAaoDqrltFD5Ldogum6XuVATQAScU16/JgDhVK6r7qSCRw1SKnglOEvW5N7FR+yeCDCngmHP7T6deJWriMHQIdLHTTEdMt+wYwq9ereNYOfPGudSC83tui8DZULNfQmBiLK+NnEMziaObLCMCeJT8xysn4d1PhuTKcgsTEAPL23i5fcXSGuujDwq24NhuIVM6fA+5qWTdzl/ydf6h0/qMh+abYPqhld5GV2fSenG5WqbcJXyMUlRer98bFPEf54aj/DklD3ICG2fYt7yun6B1pg1Ofw/WA3XmuYyliAXWavKoVQJRgciWhEO2Xh723oU4WZlBwfHTXz8IPLmxxhpjFikjnWBXIqrm4KQOfy8EgLxM1vfP3LsU5ezdU3LSDTVPdL501DcKFN3kXuO6iygHikuHR+ic5FTk7/s+npr2h9VpNzwJ26TIPYPinwaVzQ7JS9Yr42Avn2K/KS0FKfU3UNe/s/YD2bR0UiK6p5eKvEl5nDDwmbeTrUzh+v9XcDS0SaAsU0UltPuI3QWwDWit8CVP2Vf00+KVX0jBxkKHiqFe5UMkOOKfEjBl7Kk7ZyX5BGobyxYk6cDzEbjTCzoC8iCq2SV8CEj+FHbdABS7afhk7YGwOym43DBNDljP+Djwa5YxUwFWL6bf/MjsGnrhH2te7el9bnDJMT4NOTz2jQlJzaCW8yUfayqgVSQskxuPKCg4SrPfOVrzr4xg6c5R9wKcG3mbxJEpnp67ynjpy22I28AbIgql5ZqIX7qZGTkb9Yma5OX98Iyfo+PNxfAgwDfzqa5yOzQzglKTavLBuY+/M0zPdf1T4mqviN1TLVj0RlINTYyioLZZu4Ycf4progHteYtf7Kzfn0yt0pHvFYl5vSJu6rc23bSjtubbclyKWAVyg/x1oLkpG5a8gA+Egac1lGeewIoRX2z9vYTdnyAjGs0J4YOzODO8fsibJXzmtLaDoTQxnIJqNteh1w1GEroCX8F86LJBQCzH/L9ke3x3cHwv/UHaqIkBIu5R9DyUCF6KbGS20B96GU4VNTJuhj2QnCmjizBl/fl5/FAKT61eAEnvIyFRCZVUB3AOx/n4wrKqd7vPNKHHuNxy7TP7gfbHrSd1STvgDRxRaCdMWq6n2Z+1oJWuc4TrVstfjAaVOdjmzjLGchK/nXDkdBRkAYOuLb9VfkLt6XgHkYQGSFx0hn8yCHGSF5pFn1yxlFkHwYzBBcgiY8+2MHEoAj0WAt/RgEHogTOmZOLAdEBDaopcbDiRgrVJzNm8hU6X3j8KTut28HC9JJd2ivdOfS5wJ66X2/o2t+IoplQWq9XCjpXzK1NHZYi4z7HcF', false, -1, '257219047221670200197587821750187857075369598619', 'd6e28a9d-354c-431c-8912-8c78b3b23a39'),
    ('615318731773382943580496381379828626631825279227', 'CN=Schrute Farms Sales Intermediate CA,OU=Sales,O=Schrute Farms,L=Scranton,ST=Pennsylvania,C=US', 'CN=Kelly Kapoor,OU=Sales,O=Schrute Farms,L=Scranton,ST=Pennsylvania,C=US', '2025-12-01 00:00:00.000000 +00:00', '2026-12-01 00:00:00.000000 +00:00', 'MIID1jCCAr6gAwIBAgIUa8fYoOMJlzmOzmx15TCvAH6LyPswDQYJKoZIhvcNAQELBQAwgY0xCzAJBgNVBAYTAlVTMRUwEwYDVQQIDAxQZW5uc3lsdmFuaWExETAPBgNVBAcMCFNjcmFudG9uMRYwFAYDVQQKDA1TY2hydXRlIEZhcm1zMQ4wDAYDVQQLDAVTYWxlczEsMCoGA1UEAwwjU2NocnV0ZSBGYXJtcyBTYWxlcyBJbnRlcm1lZGlhdGUgQ0EwHhcNMjUxMjAxMDAwMDAwWhcNMjYxMjAxMDAwMDAwWjB2MQswCQYDVQQGEwJVUzEVMBMGA1UECAwMUGVubnN5bHZhbmlhMREwDwYDVQQHDAhTY3JhbnRvbjEWMBQGA1UECgwNU2NocnV0ZSBGYXJtczEOMAwGA1UECwwFU2FsZXMxFTATBgNVBAMMDEtlbGx5IEthcG9vcjCCASIwDQYJKoZIhvcNAQEBBQADggEPADCCAQoCggEBAOolzvFi9Lcrrgh1GlYkUL8xWwiIR8g8P5nMiAfT/XWC72x3Qyjl4yQpSnWpZa/aG4aUEmu/vh51fFuX7wW8PH+1HmFZ+npjQOxLXURQTPLEqXGUVQPH5fiGHLuggDv3y+3LLFItVdqVNzaqZ9VuDe9qzKeMcH31mVK8rbuT2PTO0mgkkqp+tnNogy4e7Eyg9rnO04GgPeEIswaDhvax6ZUc62PdWrernMch/TA5GG9GOc9va1RTAt8GKFwzm4g7whOsLNhYgWxl5CCbeilGac+K78I1swK0vUdfAiLS2B2+16SE7/1ZB9YBE0YyQ6gKA/HTNymfvSAKsDV2gbZ+FykCAwEAAaNEMEIwDAYDVR0TAQH/BAIwADAyBgNVHR8EKzApMCegJaAjhiFodHRwczovL2xvY2FsaG9zdDo4MDgxL2FwaS92MS9jcmwwDQYJKoZIhvcNAQELBQADggEBAAGpu8W+yRWQlnPHQN1fKVqZGEtyM1ZnX1n0w8oEexz07dGlE4BXdlnNC3deDBbL32mYipy1EFCurNw2IUqZeP2gxOPhHvLksuzUqY19LOC3SgOw/maRLOi1Cjvg40XKRSQ/wuNHhOPPZ2Wyv7q0xtqK/ToUGh3/TaikXQGuBPpsQACchA/tfDOc7qHgj32YK8hk78iCCd2uV3J2nHRAs/0majfIu2rda3ZRXd+dXgoQThFnwO+/mv5YoRzhVvdSvtbdBJRgcY8tiGqqU0NoMZr3sInXdSdiTZ91hQ/dXCBhGvCnYJP6u82rOtvrGSASSbVVctfamt3GCPXl6ySW+/Y=', e'ESHGkS/NgiVPJTQFyegbXP9q13eH/htmE0iQBSCMXedgWsvtTsy3IrVPX2T9NIiX9yDrAUfYK14YARZSBz1Qwr399TI2JdANTF7AvGjpw0kiXWZ+mtwPteqn5/bT3fXOozdqcDRL+0mDp7cKKxC/7psxCWwyhygaVf7lhd7JW0ykO1cnuX4J7USTNHBAupoapAlO/yhbTimC7ZRZwoRjw0K6u2wcmtSzpxIDbs0WEBRiuM5dgQY6dyNeG74jwVf4zQqgE8GZ9n1ox/9EXM7ztn645CLuacGXFE6z9IMwm0eeqKFbCJ/Iag11g/ywvPeAjXUO0ugJBCRISYN5J02Tg5eJsP7OUqr2IJapeGCQGnMTsFxaZHGugguUDcvMl/P0hk++QaeRZU3XjUtdxPrpDchYHIQxduw4Y+RlzjwqO2DmBOrxhsUGVxvAUzUiuQ7MA/47Pt1c9eGClKdBYzJNMIiCVE92GXnJSfb9lAsecAIjo94ECgLjJ0lB8NtbIsG0/4LZ8PD6989P9lqhQMAdn+KknonZI/eaFecot12VJfkpzaZ3Gm2PJeRai3Pk4f/sG7w7/mQXGTTTkg7ol3cgRJ6zY6JodqoxeRjZKgMxTKO8EW2zXM1ydOt+YjQCUFwlFrEYR+BEdVBaCeILNKg5GZ0Dwb7yww/eOYZBtWV6/cOzDNtTrG5DlKJh5MteHf7XZ8fm2z5tFUshxEGGFK+/G3FKzvYSyUrL9Q98U8RdDd6KuibaHoYN3N/O2hNajxNmC9qg+jCJtifSBRF8lzLzkiI5N9N17IFL/P9lReoDNitL/0UZUbsIsz+c3F707Cbffbt85VNRGOcW2noy/XhrktTz3NxX33ikv1bQlW16NqEf15O/hFl/f+Nw/lLid1xKoknnOY+SQwNqBi5fBNeOeTF3TC6GufSYLzd3uyA+A06NtCUi7Erxi6WY/LK1JxD86SpuL7ExkyRB5q19PVI/ZaVdLx/3Wo3DYg6dvxBPklipJhVWnim0ZDd0gXT9+yRyqTC/pm4Hz5N6vPyFK1ofDEyQgXqqTy3C7sw2tESxtXH4btF0H9k8MuEOVCQrM/ZsGL1h81RG7xgxDokwdF+n606vjZOApArQJ5a/kHoChq4pEfKlPixWSDJFLwXKTcmIQUCd2nbk7Sd3uZ76OHsObDIhkH4H1LDEAhH8AQiNbxerUzt4fwg0xdvsTxAmAqD31soBNat81VrGWkv/UW9lw2O/FEgyw5wYG2g/HeXVOGP3+hnjDVAws4BSXGLxL6WBlpogePJ1O7NLBYdTkjbAgZHknu64rhu98suOR2c+wxCqYVh+qdbDEic3SvmabUT7U96WNCdNtKOtBYWQMCHGGFj0z1KForPGr1tlErwWR6WJpu+sbZbvLnr/RR85uB8HCPqhnCW/xdw2o4s/SFDkJW9gPh+gK+tNZfMrKG2v5usTaLwzgvWMP245XeqNxrENUStUaiX9ZoeYOc9IeWfQpSJZPg2t8g2LnU385NxkqszyoAW5pEElnFHQq9q/gfUus6bftqLXkbnyYEUhRgX/+EYPRUBRiFCMg8A+XFkGJ1j84Jbipd8cpiSuqefIrgSQv7XGwWfmOO03/2nKqZQ1YNILPjZJUOuZPJleX3M4bYx8lfK2tVZwu5EcJjMlI6Zl', false, -1, '19200792653990017227047556761891276661947281211', '303704ce-e854-4fa4-9fb1-a397d3a46f91'),
    ('713428949102862640223024238884817912607674739623', 'CN=Dunder Mifflin IT Intermediate CA,OU=IT,O=Dunder Mifflin,L=Scranton,ST=Pennsylvania,C=US', 'CN=Ryan Howard,OU=Temp,O=Dunder Mifflin,L=Scranton,ST=Pennsylvania,C=US', '2025-08-01 00:00:00.000000 +00:00', '2026-07-15 00:00:00.000000 +00:00', 'MIIEKTCCAxGgAwIBAgIUfPdCsHVwCUh/9bTdELpbAxPUK6cwDQYJKoZIhvcNAQELBQAwgYkxCzAJBgNVBAYTAlVTMRUwEwYDVQQIDAxQZW5uc3lsdmFuaWExETAPBgNVBAcMCFNjcmFudG9uMRcwFQYDVQQKDA5EdW5kZXIgTWlmZmxpbjELMAkGA1UECwwCSVQxKjAoBgNVBAMMIUR1bmRlciBNaWZmbGluIElUIEludGVybWVkaWF0ZSBDQTAeFw0yNTA4MDEwMDAwMDBaFw0yNjA3MTUwMDAwMDBaMHUxCzAJBgNVBAYTAlVTMRUwEwYDVQQIDAxQZW5uc3lsdmFuaWExETAPBgNVBAcMCFNjcmFudG9uMRcwFQYDVQQKDA5EdW5kZXIgTWlmZmxpbjENMAsGA1UECwwEVGVtcDEUMBIGA1UEAwwLUnlhbiBIb3dhcmQwggEiMA0GCSqGSIb3DQEBAQUAA4IBDwAwggEKAoIBAQC8yLcP9o2FgNxnu/EsSjYPUjgFjjspwtnSV5L836lDUmLXvSO/8XhBo+krxoodoaUXZ/iNXSuYGns1YXPRRKH1nKZbodE94i29e03GgT2GNuBKQCoGhgsr3HlVX8KxLymZO0FdoHWOAcVQF2jnxUL2cpIiiuAos0OqZfdK8UvhLS2ulHFE7VuFJH3zvLevy6Z2U+099lhUCNHr2nBCjYBdLsUjL5yBRV7sCJkA225exP/Y0eTo72zatbDrGifC+3gzRQ/04/XyGxxsDXw1mGqyTLDnKHbsrsITDrLXl+o97UV7+QAri9St9iVFbQSy6DfYiWp351b1CI033CC76CExAgMBAAGjgZswgZgwDAYDVR0TAQH/BAIwADAOBgNVHQ8BAf8EBAMCB4AwHQYDVR0lBBYwFAYIKwYBBQUHAwMGCCsGAQUFBwMIMCUGA1UdEQQeMByGGmh0dHBzOi8vcG9ydGZvbGlvLnJ5YW4uY29tMDIGA1UdHwQrMCkwJ6AloCOGIWh0dHBzOi8vbG9jYWxob3N0OjgwODEvYXBpL3YxL2NybDANBgkqhkiG9w0BAQsFAAOCAQEAEtxyrzhFVtnde2lPYHfIgWbG/gJr9XOJrVubVoD6/QEoX50bHu9l20Bm5ZykUGLsFLVilPsnJAGsQimxvmLITJWoUM7Z/gXLmC76HiIQUjI3+lxQIwAdhYMFZsYLD3w7zf01q2XSqUeY+Q7roLcVz77mmlNLrBOH6HbzCDidjYxIfQNh4+GOFxoayzdL2uEkYlHjhfpvTQv6sMDLGo94c1NgT6ADuPOGpkEvqe8hBpqGrHvz3I7J8/uXnfNtQ5+D/WP4uHFPpXUKlp3VKFNbeWlOKi9MP0bHhfqGNcOqCSDy50a3htTYB9+lHGMjpcub860NdldCjjjsYpI5PiA/5Q==', e'VLPlUqaGWWoUZzrQcXljeiB+OAI0Ym1Ln6uLWQkFmk5U+0NfA8w6JIcrd2COYg3Nf6pdvzgkW2mc5zS3xzcOt+2hY3GdPEQ+AN/BAfVTDo90pxbefWG7cTUG9sMAzdPJvaP8FZs9thGE4NzR7kppyARMiQpi8q0OMUA66pn22SzzA9bJAQivcX0wvQM7TqlUnAdehNvKXQHD3OemUJejxN6qTFqQNObofka1GUhOaCPSNIpJW+4ueDDql1nJU0mGajG/TdSKD9lKGU8wAohccox36HKv8sVZNSV7SMvoBUAeMMiuJy1PfBtanp5gpu6TL6Lp106J0k+FJcwU+Uw7jT++iUOKo4rlUwOcsIRDpCmmB/tapaBUjvjXSNJvccwi4p5n6YgQZPHnuksMjPu+Q4dvx7D6gY8WHJHf+36cm0enyY4Yl0yOPobpv56dWUl17gH06CVDZ1xgQjQJ3zdYJJxr6MV+InE7MCYU4rsmIjldmt5wAhpdqZCEvCwF/XGmm1O1GUn3Rvqqvt+bnftZUy364OGEfUpx5faq0purgflFoAajOEjwlXxdssHsefAgfxXT3LoMkxnxm5wqwrAf8cbX6b1x9qloj7oE2IgQtmMqC4r3pn0nQerGD6eWUnGcVOTNORikEfoACaU4PJQxIBZMnbfF1kFleJI2qkXIGpOXmkQN4GcnNog6/uWyfKjMs5z7yXuLw5KQ85avTvLvFMBHWHUyVZqmzJW3PLKDx+O84Cio8Tvr8uZkzEWhLmBDqwbTdA6GVAjzZh/wiVYIs7VPn/JLe17XnqzKA+rWkFpIPr6fqIx/t5Y8Vo8Zgzdp5pv19YFzfqiYEh9MKywrBSJze6rcv4po7n+EUMjflj1mSgJOEA+iTkn5W8nsojvfpxv3x9hRP6OpYFP9qEcnhWHhixkX/fn5eI2gE67f7CWoWqzBj5m52f/km0o/NGTInggDkZ8zPI+66wI1iEO1UEC4SkVio+utye2G5sFFh/xrQc9MXrZRH8YU+etPpEkdhUgHo8yUqqpNZuf9gGvuAe/Paf/XL5UpO2ha0lzn4qPcTCGcITu5camciRrUHmTNogLOsBCiSu6zfYxu1zt2rtjTMk9HBlbkXjh/QIH0/ZLBBeiBrH3NdpjiEQRKndR5VWdc+wK8kQ/zlHi6FZWTnmFeu5ToF1y/LN8m+gbfRHPZ8wdZcqFXb4xgotbl+z5eN7HcOPUaz3Xyv/0tTsiaWPKLlsicSUKH6WkjaKZL9uki2wLFzx5dT4BAl2XxMk5prMP5HA3O3mO/oyKbYTapYOzZ39yj07fvBDi2zpzo5STxO8qznj97Y5bGb4zgVVkvBJbyxndpl9p1EPdHwCGN199WOu13Ba6Oa4HCpcOTsKq6CrIc38IZeBeK7ETBV5S0fkvYc7L+1oi37H++zHaNoW34DEbEZRgu1eVZQCpc9vC1FFqTnkSjPdTPamTgJbxPyaYiTPjuRDSvuDCKG0vU/ugRnfMHKAsgaxEGYOE650khq0Uha0wQCQwDlNH7hTMWdREd3lh8ZL59ewbGWgXJT/J9+7ylklDG7HtuE9zl93uwJubCeZt9rNoAVjckfphWF4f10Hy1pXtmTuf5879xM9/xR4VhxMvGN31dsPtgeBPeFbDXkEuLCabWr2k8Dly3', false, -1, '160902471479938328831205200724518101627604315550', '3eda5494-d83e-49dc-aa7a-f15375b9f4b5'),
    ('247510641119364794293686848832182934601266079328', 'CN=Dunder Mifflin HR Intermediate CA,OU=Human Resources,O=Dunder Mifflin,L=Scranton,ST=Pennsylvania,C=US', 'CN=Toby Flenderson,OU=Human Resources,O=Dunder Mifflin,L=Scranton,ST=Pennsylvania,C=US', '2025-09-01 00:00:00.000000 +00:00', '2026-05-15 00:00:00.000000 +00:00', 'MIID/jCCAuagAwIBAgIUK1rC0QKyu6Tdb/zqT6+1i+KXpmAwDQYJKoZIhvcNAQELBQAwgZYxCzAJBgNVBAYTAlVTMRUwEwYDVQQIDAxQZW5uc3lsdmFuaWExETAPBgNVBAcMCFNjcmFudG9uMRcwFQYDVQQKDA5EdW5kZXIgTWlmZmxpbjEYMBYGA1UECwwPSHVtYW4gUmVzb3VyY2VzMSowKAYDVQQDDCFEdW5kZXIgTWlmZmxpbiBIUiBJbnRlcm1lZGlhdGUgQ0EwHhcNMjUwOTAxMDAwMDAwWhcNMjYwNTE1MDAwMDAwWjCBhDELMAkGA1UEBhMCVVMxFTATBgNVBAgMDFBlbm5zeWx2YW5pYTERMA8GA1UEBwwIU2NyYW50b24xFzAVBgNVBAoMDkR1bmRlciBNaWZmbGluMRgwFgYDVQQLDA9IdW1hbiBSZXNvdXJjZXMxGDAWBgNVBAMMD1RvYnkgRmxlbmRlcnNvbjCCASIwDQYJKoZIhvcNAQEBBQADggEPADCCAQoCggEBAK2n9yBzCHMWgLiudMQosWcjzkjatm7IrqfTNNhlk+I3Yt/6QgkDnfRgHeRZux35x7rZvwco+VJUbXnlxfV9r2pOOOGmVZHSuDWrhQNZonWjeX5xSJk6eRFFKMVmXRoL63oF3Dt8FohmTIwO7lnCdwlU/WRPyytktZsQ8k7LL0BRGgTpWgiI1iqE08Ik6vZbTn/yyi7WfKbVSO1r6mIZA5J+hcvvpH2dNP5pYExGG+jSeWRvO3GaCLKxf6fRO0uuosRupcd7fjv9wvYXNA+x6trDStKol8ITwVfmT1U9pBy3PHK7FhArK3xPjzFIIB+YCfc3SJKnuMCe+hDRk3sF4I0CAwEAAaNUMFIwDAYDVR0TAQH/BAIwADAOBgNVHQ8BAf8EBAMCBsAwMgYDVR0fBCswKTAnoCWgI4YhaHR0cHM6Ly9sb2NhbGhvc3Q6ODA4MS9hcGkvdjEvY3JsMA0GCSqGSIb3DQEBCwUAA4IBAQCsT+1lW4gBau/rAkbYxPnQyaPvSEGi8gE0LwMV8GaI/ImWzICJXBB6MMOQYpYHVLwb3WxYv+7YgfQlXJRql1l7HgQ2qTdowA8uPxt22isPOXvciilULr3TrC7OIxOvkEtS3cr4hbeD76THXc0I+q6RenLKefbmROK1Lk2D68Dm8iX8edmMU5ROv1NDKO714h4A5xGfM2IY61yH3XKFB81Z6G031HughPOvNSlTrnRcSplKkO8BWFHiyswx9nkrvBc7OADgWep3epW9bbAiyfAbE4mkcgb7E9JQ8NV8M0R8PN3c8uEOz+/2Uqfn7o1NqX7i463AQr33KxQpiwrMiS13', e'3h34DvRLYa8XH+ePVUgalURKXiWB+T4cRj+hWMpCMRqm8w5TP6iDphegBvF5g5+PLWGreHb79FLqdPRuHV/oa+3PxXe/ov0gHvgXpBt0s33GEx/XM2fFGTxU2tEjx+pltBuKJU0K1qInqvk8WNHJof1YiDex5wgVghjjShe/bB+xQGl1FHGo/49DD3PL3UmHHg1Eh97z13tazckthgv/EEVTYBNxcwA4XdGC0BksoMrdMFe9WRNCx2aHm4o4zrmvRy7/1Q34CTezgYxf171wa8vD9TxyeoiLjOIdLmqs3+ZM3xTXiIiNHfk/J6Gd1z5qj4inh6yYo1wW6fGaEfFWeKwoyX3sFksbEv/KcsjjIfra2zBxxcjCgGAHBzXjU3nRq7woghWzBtrTyDLZ4W+jHAeOu7aCIJqbHywuHgtZyCTuvXz73fY/VtLJLkjBzf3tgxrGAcn/z/nhZ5cDjpkRglHb39GlcFnJaVzZoVIM4DRwkLRuV4ztwpZkmYymriVhQyt1x3gKG0zwpqancF140t36d3i5cV6uZsEjTtEbkrLmvTyTmkKMV2gaGmw5M2I+r2d9cOF3iBBAawfOlnD4lPSPTMvw0ac6Pe+NZoIFTdSN1XKb5HOjXpH+zkkpo9e+wLR79DCPz3Iyn+2VG72o6CCubungFyEgraivjDSfSrDjay+1xxxkr1P0fmDK5w+Ig+jvsfg06rL1wpaac52rR9uJjUrPkS2D+ufSt7hO6wxDPeYg33sqbz4yvz1KHFppW3vkXsCyhioD6azSbVigXUx0ISvJza0wFr638U1U6aKLyj+SDv0/uMSU6QisOsYNE9f+FcvcnumiQIYDH0M/CFpR3SCL+0rhSVN36pMprVGFz1PVrkdUMbhIA2ivy64SRufAbLcjkefv6zgxZ2CJGUmaGegPWJraci7mI6O7Mhn6bKVhS2zUTBDZzPuKqtkKwPRjJ2E6E1IoiQXqqMMt1LqXOYjevWRtaAqN/QMwmzvuTzGioxkqONEuLe1RMP32/kIsB3YNImRqD0VSGL96oa/KLamqeR0Mzvx3PhO/Q36xZE46aLGI04I9FAdM4Ntgmp9WA3OcVcM398IvYa0iJvSZmlzuaLt2xi3gEU6lGqKDvw5ItJ5xwQItPYeDCGZrOcUl26MMr5S5oIYj6gVrhq3HYwMwMipG5N8+rLaqNigjA5F8iOs9qRX38Bce3BctdbBVeHvp1hODiv2Vtb5vTkkwPmcPrIMj/ZQEL6MxIs8GIVyOd2Y10c7ATmgEGacoyWBTnN1QPMFZnn+XuWFCc8Lge54TYtp/xNrZNNexrLg0uah1Dlbnt3BESu/5c8atN0Wu6xp0rE8Oj0EB1Ty3HTwxWZlEuBBrwL1HRHIQioxDfG+s/t7UpFU37+f1ZVfj+vGXp0AZJnwsR+FwQQBqyogp7SbGTqlP4tTEGkN1hTrA3ik5S1BS/Me+W0b87gH2/RA/X2jpasEmF+SWyDzbDbKkVnKsdS/tpVoFz0blmkNlFKhB4Xc6nxt1tHFABmMGDcCKVV5r4ZiL/8JSaJFTEM5y+Ls8OLTkBk4d5lbaaJkkvw2oVESrTLx8PVU2T9i/nn+ata6qXO0OnzGSzON1acWvG91CFzb8IVyw8U67Bf3XwfnJMJBAnQoxeMqbSr3S', false, -1, '637002791517901413897807875114051934046112505394', '4973f67c-a78d-4e7b-bcec-c185a363a015'),
    ('84329241483468788164349665343211017025373902964', 'CN=Scranton Branch Intermediate CA,OU=Scranton Branch,O=Dunder Mifflin,L=Scranton,ST=Pennsylvania,C=US', 'CN=Stanley Hudson,OU=Sales,O=Dunder Mifflin,L=Scranton,ST=Pennsylvania,C=US', '2025-06-01 00:00:00.000000 +00:00', '2026-06-01 00:00:00.000000 +00:00', 'MIIEBjCCAu6gAwIBAgIUDsV0N26ve4rgpWZwkEM4kIiUmHQwDQYJKoZIhvcNAQELBQAwgZQxCzAJBgNVBAYTAlVTMRUwEwYDVQQIDAxQZW5uc3lsdmFuaWExETAPBgNVBAcMCFNjcmFudG9uMRcwFQYDVQQKDA5EdW5kZXIgTWlmZmxpbjEYMBYGA1UECwwPU2NyYW50b24gQnJhbmNoMSgwJgYDVQQDDB9TY3JhbnRvbiBCcmFuY2ggSW50ZXJtZWRpYXRlIENBMB4XDTI1MDYwMTAwMDAwMFoXDTI2MDYwMTAwMDAwMFoweTELMAkGA1UEBhMCVVMxFTATBgNVBAgMDFBlbm5zeWx2YW5pYTERMA8GA1UEBwwIU2NyYW50b24xFzAVBgNVBAoMDkR1bmRlciBNaWZmbGluMQ4wDAYDVQQLDAVTYWxlczEXMBUGA1UEAwwOU3RhbmxleSBIdWRzb24wggEiMA0GCSqGSIb3DQEBAQUAA4IBDwAwggEKAoIBAQD8X1nih7z1ycCAHnFylrvja8mFkQRb0ynSEiGDvv4ZlrCZQ/RyHNYY1hBD6k4sNjEYhEsAv3pZ2lU3RynHmIcwqZKnj8TRLsWBciBvwJpvQATYcJ5wob+Q4F5+E4Ut16OzZ3ultSLHkBO41wtrBf6UR9cGisE37MImxUJYAgYMIDe5UBi2+hcwXp2n0bERXYjlTYOiyrgcJY/H3ONCn/ZYSBsPiQa4ZBKDJs+qZp1YQmzKMaDtmr03XeYpF8kZYqSP2PzDzTzde8GuXqN0JZYeY0bQ/cfXIStWeZMEDkqinYH/qtlUSH3hkFhWKJzwDlvOwaD07Swk+OToBBCxvzUnAgMBAAGjajBoMAwGA1UdEwEB/wQCMAAwJAYDVR0RBB0wG4IZc3RhbmxleS5kdW5kZXJtaWZmbGluLmNvbTAyBgNVHR8EKzApMCegJaAjhiFodHRwczovL2xvY2FsaG9zdDo4MDgxL2FwaS92MS9jcmwwDQYJKoZIhvcNAQELBQADggEBAB2Ifo0hjGTzhF3XawirnLuOv3KTXROBC1jwBtV3uIJbjgj7HJv+cOTJ8PB4HruhcYhGbg6XNn1XMWsnjFMvHtS9Jlvy+ySor9Whm/260WOT1cDvEBpcQlDBWA0wv2o1sSaCZ353Yd9V4yIzBS/nMR6S5IHy9Ttxq2VLKHa2NL4ZgCmOlDe7MbprqYbrp8fOopbJF3xqPbezN6jMQPUoQfL+wCf2CvF6r5/bWLynupUNd6TeZLYPEDICVJzKmXY9FfDaibU+CWxPWDluhZv+mtLYRQDU13Ei47kUO15/Tg9P/+4leaqZ7yCezzjPr2dX5cP/ErjPjnrZtTmVrbaF6Dc=', e'zxaNOFcjUrf4sV89LBSljRVJ6nJJndYhx7T0yvQpisdpud2bgFbxaTJegBpCu7c+uX7hpCoSCshbsoACpQ6ILf33Ub/HfCTkpR4HVHmRcCgnl8KNCnXG59r+SKYQCZ86rsrpi+jfnlUCXeXGz+kJhyM0dYSv2EuuJGI1NTwYEic0fwupfOefYCjWinFO5F3iVAk4b4TVukeR2j3qQK4MrMx9KMgI73zltAHGK3ghK7qbkHMMJr8WBtXzbEeichlZtsXJ0FLer1kNqFnbTpJc6pTuzbGbMOVxKH85mkanAskSRe0S3grxGe4Vh2aYZIWcPmC2qz6vQsrSHsOb/JUMKheJlEFN8KEbDOHgpJsDoeyXQfsyDpGvl8vVmPtUw+nsSQKYGFrYh00qoSWo/LnpxlfTngpZdx1n2nQAHrsCElhg3MWNmDrAu3DbvdNR7m/5r4b0bRhwC8bxHjE828G7omChePA4kUhTWrPXGb+rZTHmSSpeBHF+SIQIOn3bTCj/y+PBDAyW9qPJbAsmceDBUdNVe8QwKpHpyaE1L643jM7VmjPGQQT19keKZcogQBk/ZFcJgdefDMpcAvAMBZvaZcWGolhfS740iz+7xpK4uDNo2LWPqIDm027QEeynvvUAxqJESoy4VjaQ5JuifBWveQL8GTLjqrKIuYeEejyUlnCu/apI3kj4I+KaedqUg+WzflVI1NY9cPTnPdnXbHZsNMZEL6LJ/5DpNtXV4ikNdwNDYfD82bEtl9oAnHc6MhiWQV8xlUnLdFuYpjdr7CEJ9aFcsuG5OA45cy7QXdzsqWWCPGm+9CHR3Oi5F+54swdJDv88IcGxQe2dgRYASjbzunudy3stxzQpzy881I6tmQc+OutDJ+2+uwnvgWEeRSe5qef9e23vwyDtXWKBJSHksAEVB304jQJlgLaZ5s/vgW6Wy+hPENJXZDsGz7iGqYGIUNUQ+NHIc8L2pHh0ifSSPNLKvmH9BtuLMKeSBuhdTaT+fjTq0S11QcixF39gtdud0Q/2Mrf7o7Bn/uScZFm/P8CNQ8kmlvMAoWMgCkxKu3CKOZ3ko+rn0Tq6hoW9xlP98IeV20M1Ye/AUER4BhjPV4q99+FCo0MtOXqYWIBKc60QAeHoh0maA+PEBKDXb0VZ1pPjNWOFcsAxTUEv13mq1rWzSf2Y1511q0n/p3oxASpGmZlWiIxNyxyp6V4rGflodwfOqrYUNOpG8qWF+EcL8IKw7/JeYbvfwgRBJOPCpe+9ry/GJgXcyW/y510YJoBPZ8ff56zEWJ5tkZ9a3CNCswwjy7vOL/CzuZF3Ng6W6xSwAqXH/VmZfCvl5nq5qH1on80g2k2+cOT8FnbCX/K8Y2G9AImnONRGz5hW1sxOf0IvjNujR7uEbKRhvnt64RHIkHjpgyo449tDGzwqqH4dftdZV09G4JuvWc6RwXSPcM8o93EVKzgfXsLkwyTgzwphEzUydldZ/aAloGUa+8VXegj5fT/iYeMuOkKwpgSyrKHOgNgUXBfJbCrWgKVHvMwDB+BFXFp4At3g9VgznjEbC38bLJpjXPAMPwxgMg6Zn9aWzd+5dz3JqsEyhB8KjU7ffi3tm4dOlrmisGsWAUudg1nGkU3rGnjP1E5rqge/uJPy5vsM5Ji/uMDLD8wziDRN', false, -1, '260167171242990818076495746788160545810588337294', '3eda5494-d83e-49dc-aa7a-f15375b9f4b5'),
    ('536152359642259486539543453659075332099377196489', 'CN=Scranton Branch Intermediate CA,OU=Scranton Branch,O=Dunder Mifflin,L=Scranton,ST=Pennsylvania,C=US', 'CN=Phyllis Vance,OU=Sales,O=Dunder Mifflin,L=Scranton,ST=Pennsylvania,C=US', '2025-06-15 00:00:00.000000 +00:00', '2026-06-15 00:00:00.000000 +00:00', 'MIID7zCCAtegAwIBAgIUXennPtlKNXxta2Dskj93eH4b7ckwDQYJKoZIhvcNAQELBQAwgZQxCzAJBgNVBAYTAlVTMRUwEwYDVQQIDAxQZW5uc3lsdmFuaWExETAPBgNVBAcMCFNjcmFudG9uMRcwFQYDVQQKDA5EdW5kZXIgTWlmZmxpbjEYMBYGA1UECwwPU2NyYW50b24gQnJhbmNoMSgwJgYDVQQDDB9TY3JhbnRvbiBCcmFuY2ggSW50ZXJtZWRpYXRlIENBMB4XDTI1MDYxNTAwMDAwMFoXDTI2MDYxNTAwMDAwMFoweDELMAkGA1UEBhMCVVMxFTATBgNVBAgMDFBlbm5zeWx2YW5pYTERMA8GA1UEBwwIU2NyYW50b24xFzAVBgNVBAoMDkR1bmRlciBNaWZmbGluMQ4wDAYDVQQLDAVTYWxlczEWMBQGA1UEAwwNUGh5bGxpcyBWYW5jZTCCASIwDQYJKoZIhvcNAQEBBQADggEPADCCAQoCggEBAKMaC9ShRJ4sP42m2X4V92lbwoKVbpZRqyfO7c2BZ3T7W7wsdvbDfjHv6KmguWnAh//hR3eWEIpt6ELFeIwcErcEwgulSbTfEAyqk65mm6bb/S/l3K4amiVjTA3E2F5bXU09ZZId1gwPfn/CWsh5p6MVmy787zgQotltsWuUTjpBx9sf+ErpZ/yvHiMhp7C1aavNkwTDfFgJf5B4vmPrl9gLyJIP1HwofglGO9P6bULUAdtx9kDyWbEW8TIekzs5FF2OulnHYIHO7WxBMjNFok9gG67qDUbLrYBvb6OWXa4w96rjCFo0UlirDUxO6gfGXHcy/tJrH0y4JV+nyQRh+v8CAwEAAaNUMFIwDAYDVR0TAQH/BAIwADAOBgNVHQ8BAf8EBAMCB4AwMgYDVR0fBCswKTAnoCWgI4YhaHR0cHM6Ly9sb2NhbGhvc3Q6ODA4MS9hcGkvdjEvY3JsMA0GCSqGSIb3DQEBCwUAA4IBAQCPHAsJLIjxm5Mk+9a55vOPd2V31Yb1i9Mb5hrvv8vV755xnlUhtKBnlDpf9tZ0XpkeiATVHxPVeo8VgPWFH2yr7skwxtsoAyxAME2GT4J/uJKglQHe84wyBdq1E5zZn9lLBCfN+KsGi9AM4wNLoMdVG1Zb7qaVg6T0IWvNk64hpAQ6p/gWYdbDpRANQJeJ3TNE3z1Lxmk7FlDlJE3QwzMWlD6BG7njrCZoECrT6jjrKc+fudm7Hxi23UMYUC0wf3U/LK68UZF3cw0CR5TTsyu1vyhGBJCWbEQ6uNPKdsy0LeXYaaKUq6k+wKgRE9BSiy6nPktBbX4kmAGSB+HwWB3P', e'MXYVxDXbA+y32MXb66GhatDDKCcsAQwId9gqinIoX9iHHPexdeaYBOgTbFdpSAkvKp5FdDFbf0st8Y8XpWr3GfUFWs1013/xdq4rEPqSWZQHglkRgLoLzj/a9WJtaMN9mZr/oLbY9SJwkWreLA4LINZ8ZhIAj/pK3iS6fmNiLOqbcnmn+ShzkZ0Rqm5aRF+DyDqkfL8Bwv5iD5SxeAGQ4ePmXfvhOzhVN5iLipwdJzVYk+T8MerxRwEwAnzBrGwXwpcT74TcNeF68J09IoyHIpUnQ3t4XVzTAJipOmfayKQmcD+sTtnFXccACXtG8Bj7Xo4O25NG90u4w820fYg3SQgIuoH7Zg295J2VSSNv/5WVoP3oTehtM6iW6Xi5SBgWZiF4AEysyYyQaQM92BJybWXNBpMEJ5DUF/s1JbNAHW/0P8oWdXiaLCVyRCy+9yHwdOCgbe0Ebx3+xdAEPPabXm6nTzXicBk+H/GqU6YJLIvkGiFYk0WDupfgTMWKnbMGet5hfaNqGfXbOTO2QKMv3lpD7f3zromFjBiokRMFsijJobJgKMzYx8tyBnlml401Tkm1WupS4/cpcPdm6oA4ayxS6UI+ALer+0SOv9sfM4kOwNVbv+P7DkufsSJrVCABngKcjnSMcqefVNLgYtLJTg2b4VUVprowis1Vf/sIxuHmc5h0+DrPincJ6My7sGtXj7zHesxeo2PmU60w0nq9nb3RO6m2aScMbF0e+uXKntLK0Fpe1nrLpjHGOtaHRlQ8wDXaG2CiOt0j05+NOtP2G5xrNOXOqMiiqVlc1PtEbPhlzwSPDfLOOJ8yPMcTbRIFIrWxthZ7s9cTeZnUBcp4RuazjLrP1T7qZhr2KH94umpf21JZQbaBBLiL/YkqcQp5gfneFnvNvPhqcWDHdlpI6zonH0dnNhDII+pBOYOX3jOR4sZbdVtopbJm9vKGrqPvlV9twFyqQJ4Bnm3Oyp6o1UtdkGMDEXCDq95ujBiMoHWATA2IrHme+JPz6i6dCH2jrTLTYt5UxAEmLMNuPUpycnTqUebKAMSEFVyzNQZupUpwvTAYRJgRr/KjbcWp30oQp+5w0wkKQdjO76JlEFdhMHCJR0y5AgXJMhi5obXONcxi/lDDn42vda4DScu4Xf5BTXmYqzt9FVzOXHq1zQEHF2tqzIQXwnweIknTrAbCxvLoDlcHTB9YrUQO2tysXMVu8XJ4biF5pH8I3Yxvts6Y+3WZw6Q2ReGSmMiGcJJt8qh1udP6G1BZF+aC2YuHK/jzrjtoptIpI4aNkKGWv19uv+5zMGSzywUmDj7tDUC5JjuCgME2AWKdbxsT4HysUKd3XbJYxkUUhdc+5S09oZ1CmnHzhcDk5/yxsS+NN5eMDorhW8st8/PxQT5KMcf2svskewm1uCAkU9dSbkIZLRGDg3Xeri1wXrWAajlyUJpiLP6jW5o0pfKmt++Q5/tPJFMQiSiqTQR3twyz693GWNmLxxCayUDKs5ZuheLg79DIRAtG9p0+CF++4bCQig1qaeIiNyjdBs/kf/bfpsJ0bI9jK7P4Nype4EtDbIa2gCG2UVqOpj7RW2yOj1T9P/eR956Y6KRPKTIbOVzZ5VB8Pc5gIEmlbJPV0tOJxLrjF1FWlqLTkIboRTiaRdCHMp1PCkaP', false, -1, '260167171242990818076495746788160545810588337294', '3eda5494-d83e-49dc-aa7a-f15375b9f4b5'),
    ('46263877309573729795462738643558710250253644251', 'CN=Sales Intermediate Cross Signed,OU=Sales-Cross,O=Schrute Farms,L=Scranton,ST=Pennsylvania,C=US', 'CN=Meredith Palmer,OU=Sales,O=Schrute Farms,L=Scranton,ST=Pennsylvania,C=US', '2025-11-01 00:00:00.000000 +00:00', '2026-08-15 00:00:00.000000 +00:00', 'MIIEDDCCAvSgAwIBAgIUCBqLRA+0hgs0Dy99p4tv664o8dswDQYJKoZIhvcNAQELBQAwgY8xCzAJBgNVBAYTAlVTMRUwEwYDVQQIDAxQZW5uc3lsdmFuaWExETAPBgNVBAcMCFNjcmFudG9uMRYwFAYDVQQKDA1TY2hydXRlIEZhcm1zMRQwEgYDVQQLDAtTYWxlcy1Dcm9zczEoMCYGA1UEAwwfU2FsZXMgSW50ZXJtZWRpYXRlIENyb3NzIFNpZ25lZDAeFw0yNTExMDEwMDAwMDBaFw0yNjA4MTUwMDAwMDBaMHkxCzAJBgNVBAYTAlVTMRUwEwYDVQQIDAxQZW5uc3lsdmFuaWExETAPBgNVBAcMCFNjcmFudG9uMRYwFAYDVQQKDA1TY2hydXRlIEZhcm1zMQ4wDAYDVQQLDAVTYWxlczEYMBYGA1UEAwwPTWVyZWRpdGggUGFsbWVyMIIBIjANBgkqhkiG9w0BAQEFAAOCAQ8AMIIBCgKCAQEA3cuoVk0disTNDCZLaFOZTQesaB2LN2v+teYENIY9kOPuH2giSRqXjwxqqdSSDOp8EDOb5eNedBJUBNuwxIu2qnnOmIeqHZMXDjsfc8Ujd8Tla8Gag7STpOe8NTYUwPvmhBjk6npmwaf3TUdMZWXoYLJK8vEXrdl3wsT4ReI7id4ST+S4uu5V9qB53Xq7074PntXlN1F/FyKnegHO3bx49Xkny7jbTRsM0I9XYGGXEorUr+I+vAjfoNa+OioO26XKSkFcbA4RwGnUjU+C46qrsW6fwf/roYLSDaIZZmjTV/VBXHEp4ISRdw9FY16KKyCXI089rrdodHF7I4afDr39sQIDAQABo3UwczAMBgNVHRMBAf8EAjAAMA4GA1UdDwEB/wQEAwIFoDAfBgNVHREEGDAWgRRtZXJlZGl0aEBzY2hydXRlLmNvbTAyBgNVHR8EKzApMCegJaAjhiFodHRwczovL2xvY2FsaG9zdDo4MDgxL2FwaS92MS9jcmwwDQYJKoZIhvcNAQELBQADggEBAGB4InOLsaO/+N+GUkCS62Icj9HysU4v+gTmThJO/O+hMFbvNYKlu+omBbf3W1roMwcl/d+c1liLGICM0wvCLirMHlrT2TckJ4M4T+XfrxiRB0aFSYoiDhEATXj2SZ9n1vNu+w43moF+qJwp9rDHl0caJSlzYaX5kCZKUY4PUp28pMUtGub8UjMR5W6MEs2ACxkBjRXQ46QNEjvtBFv2w2QPFTEzNypBVcjLKxec11+sRFCm0CXM8IqpGr7YnqCoNKJxgxMSbyzOSGz8knDzraotGtrk1zUZJzRQUP7XokfapOlolNQ7HFIS/GNrT2vVduLr+wHKhCku9us/5/kjkTI=', e'aHdQMRcDcIsX4tIAoXi9FK5cu3i+A3kNctr/mMqZFEzky6bkrAHG8kFdWgJi3FPJcwH9qi+dj9gANGEpmzFStxJkxHGHqbtDI50kyltD25BB/4vYw9mGre3zh4DFyQhnkZVsf+HAsKLmgDPg6ZFbNZjJXGxbXPM6WpsCuFksJ9SjQjq/XlX36vSKcSGUogp+Z9QYHC0Q6EbpkfyiGqFjHXtJ+mJVSNcd7fsCHLV1Wkd3WNErEDriN6ehacprSm7tStYzJS1Bpa7Uhqe9+uxxSN+B3nENay3j69r1/OQ5pPYeogUmXzq+1MCB9dPDjT7rVZoiVk3K6r6dQGc0CPCKSet//TQ9wjBvUkHpaVMLZdUcF3WS1YSrWaO0D7GH2XgfOihDFJHOjT21T/F0gsddtF0apq/3yo2jHoRcSS4rTaN0qnWdHjsQn1q2YusycxsJJ8xI7bbpwP+Ei0HmMw/ByLHhvmYCmlycb2nzDgrpppK1d0SfvOznuLpTFkgh0GSf03W/bLhtpP/HEsfW/cF1UwNJmUq5CLLdNzzqMcJkd3WTFlBx/FeKvPeGN1OYyN/2ninkRqtZYXK2AnA3kpDouH6pySElPj8b+4/bmnzilYmZdHumpz6g4SSX1blYN79Vd/j7tWRFj5ynygcdrGqqghR64P+jD6U5Ptd+UWvzGVkyqSftXp8U2P8vSzkDiVqFarWBHgkDW6rh8z1JUa1suZo8xC0lCVTSEUaIfMLZ3jTOa++D4f/A0TVR/YLNc5q7lH24mWQ3JEu6aST/AKe6KjL9TrldyYUi61qwFnGYHUBPKXI6X7xFiuKCPLH+JLZsw9QqC/JJaq9MH+AQMtXDSLeMo+c5MZSbfZa0E08erreOBKZVijnMYEgRwHUEfsgbYK1IzswmFAFZalCoM+fd5Vli1cgJNjqAo4rZFwh3gjZgtZYTHno8jIut2qPyLe4xv6erSHYyWzIJBirffnI1upxqXKVncayKTUqWDfEZI91rfKB+eotLBwdGKQwK7MtXWVjDvbZl2cfkV6l8wfF6ldLULdkXhylhqTq/vqfGsb7P8Pme6+PcLnaG5ycQn3fRF8Oaa62CSm1ZAl++IvCe7tyUESlGbmmhcrvjpbHJj+zK98tuUaHnHJx79pVIHigdy51lApUiiNqIKWuVeZThpt9NV7Kk1/m6Gv+s/oNAIHPVN+ILG215mKjkHWS2eQA9LepuZdohQhDH2ykSXqCUf+6C1egTyNQfvA7WsEzpjzbs8DtMazgT1X4pu1AEg1ezKHmhvrbN9mUfLTSRsyRJKTJCuafD0roKR8CYS3HT/kaCQumGG5dOCJ9Z/8hFfxKpOY2hxc8IAYmTTK5iTx2C2Lw+r/eMk2LaXOxe5Kx1DQiK4v6NQZMIQUZBtNtESZkuW9i6zsrvS2qUajXIah8EAOIrcatPmrlcbHwhgKar7fuvNw3EsM/OfNqF/vk5j3mT5H74rjY8F3DflFyoCbGSRo38eculCn44fl+yYqksHNMKJG/7Y0fMxlf3AKAagaRgVGazsqRpxhhC6Yja57jp3wYl94dnwQzdJQmO2SxUvZtWg74Mp4gRs27s0z2AEpX1+9D5sACktgjbsDDjomxQ70w5zBXT/uypUvYo/BKfotI/8GjAjQKipJtVTUxFyMzj', false, -1, '198403609843020787490751286028650985794657009613', '303704ce-e854-4fa4-9fb1-a397d3a46f91'),
    ('182129710285765517035007360848650553365511359494', 'CN=Dunder Mifflin Intermediate CA,OU=Corporate,O=Dunder Mifflin,L=Scranton,ST=Pennsylvania,C=US', 'CN=Kevin Malone,OU=Accounting,O=Dunder Mifflin,L=Scranton,ST=Pennsylvania,C=US', '2025-07-10 00:00:00.000000 +00:00', '2026-07-10 00:00:00.000000 +00:00', 'MIID7DCCAtSgAwIBAgIUH+b6ieUAxqebPgGIzsMVyr39TAYwDQYJKoZIhvcNAQELBQAwgY0xCzAJBgNVBAYTAlVTMRUwEwYDVQQIDAxQZW5uc3lsdmFuaWExETAPBgNVBAcMCFNjcmFudG9uMRcwFQYDVQQKDA5EdW5kZXIgTWlmZmxpbjESMBAGA1UECwwJQ29ycG9yYXRlMScwJQYDVQQDDB5EdW5kZXIgTWlmZmxpbiBJbnRlcm1lZGlhdGUgQ0EwHhcNMjUwNzEwMDAwMDAwWhcNMjYwNzEwMDAwMDAwWjB8MQswCQYDVQQGEwJVUzEVMBMGA1UECAwMUGVubnN5bHZhbmlhMREwDwYDVQQHDAhTY3JhbnRvbjEXMBUGA1UECgwORHVuZGVyIE1pZmZsaW4xEzARBgNVBAsMCkFjY291bnRpbmcxFTATBgNVBAMMDEtldmluIE1hbG9uZTCCASIwDQYJKoZIhvcNAQEBBQADggEPADCCAQoCggEBAMaMDmcoSAjw+G6B2gvDZFZQ/Eza9NBsn1sBcgW3yBYjspGrW6EoHxg79gIlJhpo/DiVo2regDfImzVi5mSPkQE0LkeRSXu/U8QMZCRxaynTHjZZJ7+qkz2AJjbjNGIYiTVQ+8ntH2976LI0QY+xg0b5yqrzZICFv/tCb3iZBotZ4Qyf6btZ5JYtsSn7C4+a9cLLOLLEl2TG6ehUuFxn9f0D8JlrATpA61d2k+PAD4timr37LcnewbfEAI6Rqog24AlcWEFkX2wAQ98y8P+dEv+/DG8D0htwqpET7Yos4LEPhSPsfadl5i+Lr5lpVL+s1pm1AMgDxB7w2VBuC5Gt9AkCAwEAAaNUMFIwDAYDVR0TAQH/BAIwADAOBgNVHQ8BAf8EBAMCB4AwMgYDVR0fBCswKTAnoCWgI4YhaHR0cHM6Ly9sb2NhbGhvc3Q6ODA4MS9hcGkvdjEvY3JsMA0GCSqGSIb3DQEBCwUAA4IBAQCTwNtCKAWAoDznfbmAWPXXZyShuTGY1Ch2hN1PUtp6JGcEn3RjVqWSBev4sNaBRLYSFwqzdkx0cENLdbqqT+85IGwwAUMJC07wbAs+mQZ2wdLTp+RXb0rfnZZe+UjWZSel//fsg2+eY1+w37ZRqkzf/jdCMCKxekqpxEJOL4CTW2n56TlLJqBFLxmgnw2OZGGQVLXfaa+uzTxzGpAekW28Be2uy4u7vWnsn9e3WS7hmiL1+nTPJMWTXNanH7mZDXUeO/AqNPAfMmlk3Kl2xWOPlbU6LjOiuzWsuaJ9e0UZ/y6DX15Q9/ASx+UVOOC9oO4P2ERKL79MzZPLy34S6Qsl', e'JPEc4bBAhnf9wLKLGn9Wlz9/1nsxD3+KNv6I1GdQ7818nPEDQwVDnsWQfoVorheNRt0pyZfmERrF5irRP6H/KMojHjPGeq3u/wFYIEQwOFeFVYXDoM14qzzKr2439/w+xfHtrdZ2ZEVpGbCJO2j892r9gxZEsHBl0vJk3fRPrmBfR6UTtPvLUU3I0pheZnQpAU1lkMLavMeItutcwj2h82I5TUjJhugzaZBMX24Ow+9filM1mZ9GZ1zxxR28PaLnAtrCqJ/Aw742DXceDk+dEYl507tXzKku4MDmSlkAPORlFz5cNeO+sWUXNdNWPpEom0fgGizMGfBX+SPJ0jFUH9ofavBW13otDM+DShxJYYyVJw/aq8AZfs6akSHmWv5antY6X/WAK010t1b9Y2ZWpNQ61jm5AwVHjwAF/zCvixdZ5EVl4dM5oZ1UfDg586FC9r3dyCORfh8RRi8BoEjLRuMH5oIRV1mExolzC20MteuqLoVbnzrjRpLcvpoO4+na/nWfmfGmzd8Bd37rXl0G1ZXHXiL22Nx9DkeZqrfPMz+MIWhmoYnpw3ZtUJcujZ/Hq1hWkaPaNV2vSsBG1zRPxYtecyY2bGsNpqqM5zuwR/Ekn+yBwRV3FgZ95x2Ch8SQGDslVYNcQ1RHERQwHDo2zm/17RbpOkcF0QoL71MRGOH3gHr98rmczeeCd6TCjBifq4T12x9t5xTV+kJDzSOJU7t13KiGuZe1+CSXkJyo+XTq1lVkIlviuaeIHvq5MYOMoiOlNJZY4gPFgLXVV5S9XzlwynO/yKFsCs2oz56a0UlDiWZfgBaa5QGZQisbCkjT6aARpZb1+WNYrN7il4y12Zf/nUuCJfdkJXaLavDjnQpZ5Q3ig/WBicxWJDkbmY8jREfteg1rNAe+PtrSKbDmUBe/iSPiYJp+RuxAsJpBkeMqBo0/ehkrDplHkUJRJhaf+v6yDedyWs7F/AH90u0dpaupE31uEz5JG2azzcT4xfgsz+fdluCQbRjMQw+rPCx96Tcqvqv21TDeSJP6hO3jc7vcowUEQVnCSaVpWNEo8akj0kAxTOOVUfpAUyrFtOwrukqZnm2weWRoiRrF9BIYAelKNwf9RDLSDSJrIqi5YQ9xb43ZFBM7VlkJH+vDGZU1C3/84TxU3h+4cnjR411zNZB3icWwoaj9D39GPV8l6bqF9jLYqG3ei8FbWTY090I4R62AJhJzSoZ08JflW+/J+yEVdjm4rPpr2IPW4b2Sau+bFr+LnObAv1tTB4/m71AftdZeJ2UJRMINXXqLGQcOz7NwwVUDJroyJExIoZ3+rrptqIJGYl9ygedweA+XUZEV7FDbYpMtiS1vKCVUozzMSZLNohumlAGMqsHN1ymM+DDVRnfFGfCtfR6yHMrziBYuUECP3+LYFXJOSVoZduclLxrtEuUNJ3DLrHKMkWvG6mX6hy9nqRM4KpAO2Nd7fmg9BJ+QjSRZPhSHyY47iUpSWaC95swien6iBb9m1y1hewWG5t4AyVzjyJMtUT1LZvSa3z+s34eENww5Ck7+0H8jrn2B/dtDtnU7BZ7cWD/XGx83+io9AotmCzkI+NuN9gTXueBDHMUZtt87khAGbco4Fbxm3H3pTxn7mK/GWoITfGQHZsYuGKVV7LmhjhQP8ogM', false, -1, '300072149222328078194459112647432433534144382605', '3eda5494-d83e-49dc-aa7a-f15375b9f4b5'),
    ('354411568435666391539293446442701556561454163632', 'CN=Schrute Farms Sales Intermediate CA,OU=Sales,O=Schrute Farms,L=Scranton,ST=Pennsylvania,C=US', 'CN=Andy Bernard,OU=Sales,O=Schrute Farms,L=Scranton,ST=Pennsylvania,C=US', '2025-08-01 00:00:00.000000 +00:00', '2026-08-01 00:00:00.000000 +00:00', 'MIIECDCCAvCgAwIBAgIUPhRdR2fNmcgayhl7D2rkFB255rAwDQYJKoZIhvcNAQELBQAwgY0xCzAJBgNVBAYTAlVTMRUwEwYDVQQIDAxQZW5uc3lsdmFuaWExETAPBgNVBAcMCFNjcmFudG9uMRYwFAYDVQQKDA1TY2hydXRlIEZhcm1zMQ4wDAYDVQQLDAVTYWxlczEsMCoGA1UEAwwjU2NocnV0ZSBGYXJtcyBTYWxlcyBJbnRlcm1lZGlhdGUgQ0EwHhcNMjUwODAxMDAwMDAwWhcNMjYwODAxMDAwMDAwWjB2MQswCQYDVQQGEwJVUzEVMBMGA1UECAwMUGVubnN5bHZhbmlhMREwDwYDVQQHDAhTY3JhbnRvbjEWMBQGA1UECgwNU2NocnV0ZSBGYXJtczEOMAwGA1UECwwFU2FsZXMxFTATBgNVBAMMDEFuZHkgQmVybmFyZDCCASIwDQYJKoZIhvcNAQEBBQADggEPADCCAQoCggEBANDLVJdYBf2CAAn+RKxQp+nsEqcqiwtYvlIi1Htb8Por9pqsxPQm4gOFiucSvyq1R/XZ0ajmjxfvwaVpm1FOdJg2X+vH6yvX0qziw7NFy9Li77S05hTqbdDAiyrCSlpkg6h8cRehNUESKvVe2nqDXTEZY9YwsqkPFtCLnACxIhTW5Kyy/igY/nrTCShZ/hN6mymSEHv8/F23ja6HWg/NGfcr1FkBCsfmujKk2QHytPE4rTaECxp8A6YTbP1uzNPG23ybHSKWYAtV7jRNFuxCL+rJ/TegHVPXwKTs0bI7licho+JGe6XIsFKlDxLOvnrz6p21Kr0I2pPZgsXcTdr44BUCAwEAAaN2MHQwDAYDVR0TAQH/BAIwADATBgNVHSUEDDAKBggrBgEFBQcDATAbBgNVHREEFDASghBhbmR5LnNjaHJ1dGUuY29tMDIGA1UdHwQrMCkwJ6AloCOGIWh0dHBzOi8vbG9jYWxob3N0OjgwODEvYXBpL3YxL2NybDANBgkqhkiG9w0BAQsFAAOCAQEAXifCS4k19XTw64yTP3zlzimYJ+3SKKfcWZPnaR3NaMlpMKRNDlZ5JRm/aAOGl03Q+OqIXcC/nkLCblThdMmR/l4bTjDwtz6dMIGNwRgRIDxUCYH1JuZFRGQFw3D8cAFZ5XsENwj+c4XrLc9OEOx7rEkGAMeG7OyIyikyOLCnbCDODi6tvxTrj0FKBk3nCMEkPkAmqqWoOSF3wDL5TYhkHR0D73BrruYamwA7AYVp8QDdjzdQ3ynqycHnHi0Uev0WpccxIZC4YjvR0ptH3PjkzpX0pJqYxhnSmxxTydxQX9TewcSt0UivZzPhZO6FFvFXY9pGidjPJpJpMBqMGkdGFg==', e'XqgzoDiaUcL2quc6Q68ZQnEsHGmBezv9r7M1++iUyTc/NUSlIsZsSpNnpSJo/q51vD4zxvajEPWMvRNIDeNhp5MzNtczYR7NJZgs2mDb8FoV1g1GoDdepe2Y5ARiANWpeT/D8I2TZZyljb4/ExkH2PWQ2y/KkUvB3GTGemOcLeMsess6+XEIMI18sg2bswodlQg5eYJ2zArcjUx2ykiC4ub9bVayFPTJ1o+1on9STkGeJXRSY1LQOnf/SNdb1o32wHzZbfw9IjQR5TZTOVcqObkU+G2UTlC5K/7edBsZ9z7hI/UiLj5V/sSeGHKM9JGUt4Nme7iruxoD6f49AXLzY2+mBF6t6SAIO1OIFNVpwZUNLnXqg6Cr+HU8qa915D6L1HQQBytZqafFHefFK4ndenf8/L6xDEyH/PycgP6iBolBxwYOFAwUlZeuQH4GC5Ju45XeJhc8+KbDO/Xr131dq5q0YqS+1ZKzdvOvbvw0OK10oID7Ki9ZNwwO8mN7if/Y07U5pRlvFljqjtmw/HDB4qZGnNJCLO7Eg6VkG38V8aWep0khs62eY7bH6K8MA9ccaVITkGLRwQfeopEw5jyvyFnVI68rmr+ZQxNzqtcKYNtNl0tqsc6L8r8u27PGPcGjfdX6tNn29G/qsZgZ0hesFj/is2+cwZJuzS7M/PBJTA4mtNgJmvroSOk/LgVqus3SZAEa6IdV5pE2pWOFiww8gKGaiiRg7sKbTBEI8hJDEd+xmhwVG9Abrg3iLfRl4/MJ+f0Se+M6dHfA6d/KVM7ntEskbDi045969MMr/7kjcnjYt6VprjIFQRMORRujz3GrgqTCzOpoRHwDd/yqxZQPcolE9OFJcJP9JQ1Xvp3F4gk6npL5cATgV4D/9bbHzXNqc2wHHPTyMlJdqXQTs/H0Ua3Xwoyum8jBApCxnIrmY2sOXEMSP6oJCarRmPB52/8ttZZrn0GHHH6oD1p2FIvhrzeacsa4Vqay4Pkmg+y2dHbLVEH11fUvsVsNVLCzbaD8wRQONeT85nQnM0QOIHpWGRr8HTLUhmp9KrB3E5GTjytOatPS4JqFCpWHk9YhChCPwvBJNcjvI8HwZYYcLlO0ZwqXU2hjUpjR8pHVgCk7SRpUthkTfLztvUC6rvZJLo0Qx4fw+EV2ERNQm6ldttcMpM59qBhI6+OmxP6Gek48s2tAq8MQlCq6l0z2nfykqwUQ7tFrkXT6SStf/fPN+0k7Uj4OK/4a0cfMjobjd3H/MVb7Yp3f1dj2ZHxPxvFxrdcStY9oCdrlBkus0zLLVudzl+hMMIwP9AQHwnQ0uYmISuLQl4aQjtsilAYX38NkDWD8nCxM/pqYyTl1y8CM1lkE96mX+nlbykOtfRJK44MUlKb8j3tPesNohh8S9z0l1H5R410KYEICXlZyoqdrcJLf85hHvJzPXuUWxWTKffmkPqj2tt+ZxS/isWn+S2rSwNZVAxLz3D4VkqZey6+jud3i+k4WU5CoPO0k72iuP/NK4bPwdtCnUhV7Ew/Z7rQNesq2qn5rgCToXaFgNFXfvwCpbrzqaW5OjMTAcf0zRIwbQ4ixL2cPPsAdIADbu1aTCMV5K8uu/scJHWAmxxAKrlcrH0j7l+gTLWdzoP7sLplLjsESVYmhx0KZiHK3SqDuhvlF', false, -1, '19200792653990017227047556761891276661947281211', '303704ce-e854-4fa4-9fb1-a397d3a46f91'),
    ('539883510810747345420990205351577248545262567692', 'CN=Temporary Project Intermediate CA,OU=Projects,O=Dunder Mifflin,L=Scranton,ST=Pennsylvania,C=US', 'CN=Erin Hannon,OU=Reception,O=Dunder Mifflin,L=Scranton,ST=Pennsylvania,C=US', '2025-10-01 00:00:00.000000 +00:00', '2026-09-01 00:00:00.000000 +00:00', 'MIID/zCCAuegAwIBAgIUXpE2wqZ81AEkrrfnYNGFo524gQwwDQYJKoZIhvcNAQELBQAwgY8xCzAJBgNVBAYTAlVTMRUwEwYDVQQIDAxQZW5uc3lsdmFuaWExETAPBgNVBAcMCFNjcmFudG9uMRcwFQYDVQQKDA5EdW5kZXIgTWlmZmxpbjERMA8GA1UECwwIUHJvamVjdHMxKjAoBgNVBAMMIVRlbXBvcmFyeSBQcm9qZWN0IEludGVybWVkaWF0ZSBDQTAeFw0yNTEwMDEwMDAwMDBaFw0yNjA5MDEwMDAwMDBaMHoxCzAJBgNVBAYTAlVTMRUwEwYDVQQIDAxQZW5uc3lsdmFuaWExETAPBgNVBAcMCFNjcmFudG9uMRcwFQYDVQQKDA5EdW5kZXIgTWlmZmxpbjESMBAGA1UECwwJUmVjZXB0aW9uMRQwEgYDVQQDDAtFcmluIEhhbm5vbjCCASIwDQYJKoZIhvcNAQEBBQADggEPADCCAQoCggEBANbS1AIr/RAvMHFp5Megfim8UJ5r5EvgD+Jw4RhCbkjgN4W6pneLN+CZt0oLKgSr8755iAmMQGE2xgZkJcDXwSEM3oy30rc8uQgajG/XYamACyJ2Uw791J3Rv2M8uDVp8I8K7aOoieC6BO74kLrmL9q7Ga58fzSL/DTcV6/FuseWMh2Wko07l4+X623/W60Ukxh7O8IpTU1L4VcNFf2i9Zx7Kq7hcKFV3yTDLkpPFZU4EjX9STbXVZKOCAv6J2z9wVBkXqe04ICyoFSTCw7z5yaPLyuVsV/rcdYlaE0fSESE9JAPNJdAaA6MTi1EAOdppv9qvB/f1cocL1Dg/fXdXRsCAwEAAaNnMGUwDAYDVR0TAQH/BAIwADAhBgNVHREEGjAYghZlcmluLmR1bmRlcm1pZmZsaW4uY29tMDIGA1UdHwQrMCkwJ6AloCOGIWh0dHBzOi8vbG9jYWxob3N0OjgwODEvYXBpL3YxL2NybDANBgkqhkiG9w0BAQsFAAOCAQEARLW5WKeDeKxkAWowjzFfMqey08Fcn73dTgywKtDLxcBncUVq7e4SxgtjnBGUwB9djE3oD5MOJiWYIKmYIiqSZMH+BC+mND210qez1ypYywu9ZHMJqvZvp/5GBT24SlXQ/iozEZP7VqKBm5GBcRw7rjmtLzi6vPAZ0gEXMlY1W6IVzuWmMs+vpuHKL+u1qE1toRMYnEVbQ5KRM62F8RFAuZQt16B0lkuwJRw2kqIFBILQQU1hwvUsNh/WdqQ5Vt4j4fYyosq7pj0jd4xdgw5HT8EtLL+CzKPT8Kisk2/v7c1FQ1jZ+fyGFaLA7+ezJgVZGKwbhQWhVzVjUEfJkwXCYw==', e'jeu+Cl/Lnnwgry3hBYJ+zZ2xKSUnXMW9ub4VOz68qyw4X/aG7jtKAhktLeH4+ZTw0DQVNqpcVqB7m+FkuBPpJzg7M4CyIPlgwf4EA13apKZ8XYV7ESEm3pQdCAOs4HghVB+jdWQ7VSCPuqW1kcKkUfu2Boi9D0HsABbSmCbS4SteMPfncJXljn75JOKoSzPqI5nrgDF9tL1YCHGYJCEOOL6btWGJ2o8Bp7kUaY71KLyFq8WopMuGM9Uj58CBWS15Bt4+keO4umpWtM7FS6JPtamNiz+/7jONUDaERaZw3eF5BpI2rgOXIzfo5D6DqYS91V5j6BruKxIx54/FjJ3RHj704zf9l0qhBb9rsdG/BYKonurBwSwEakouJJaCr3iYvBbbkSWNvVvI73NqzU/u5+Vn/HtSAazvl4seOjZIrxUG1XLZMOHd3Ipap/XMiW8KatCuOeAuzq8Ra5+W8UbJU4BgXuQmYPhBavphGns/Ui5FnhfsRiIdBp7aDqZnVlQ0mL0lTLUW9fRZjVXLY5tG4bDnpMVamcedqjBs7JPOHp9I84hv6Gu+LmTay0FYfE6m6147IvsczEouWVv8aeIob4hGFEAdH2GIfhGjcTVp49gud/44BKuHcY5GSMzOlsLKMsLY8/CfFF8Tz4J6Sou3Sr6PG+jOgJWQWJ6KGJqzL552wK54UBHeFCuqpp1Bv03mc5M11CzvYBqs6OQhBdxKBffAhcKvNfAiJbPYLD9va0mZjgZGxR8ftSE0pWP7lfS4gF4A8z+eboQY5mKB9zU2IP2rJSr48msRbACZijQE9AhvqtfI1GlIvDzF1Ws7ksr9cM7tWC7W9Rte/F+/Vwbjok40YgWlvJOFi2KRL03yzWZsvqBTc04WWr66NdlNfWpW2clJc/pp9sfTi7yQtHK5066idhVftIgoB9ryI4UTf0lRjfqd5/PqXQo424DvEhW+ethhCefah/73YcLnBh4SWYGmcLUaWhGS2RGo15+MzKAKLyT3JxC7FRjN5XSnwz9BVxa7eQC+6E5SVH4qxJkPcw+XGvFORRN9ZbRSwCll2jm6kB5L3eNVT5AVVSNnDiLaU9lc03fpLRE690D04zz1rZnwXhNl4fukhmUJ1TQaVz3AP8+/93xhK9XZpDO1sM5hJufXhw3GWQybkaS8EoV6toERzMZ9aEEZD9CYK2a/+cB4R/o4XFwboNqdGt/Tw48ntUwu8VNrDIKVcARBYc4q2B0YacGFOS4iclrHV5d17C2RxzuQ1qge14O4y9zOTONU0NRJWEl6+eWGVVhOmKD1hbe/HDtk5XFpwUGc8hxbRZpORwbE8I7ZOt16xw7DQYUV9I625tSI8pBWiPDLdMCJm7wPZyL7mObes/AfcWZtlrFC/DqUGTSXnxNVbjYlDkF9Iv7Nd0DIZwBMD65dM60IqpB2/2qtqykxKnc0FCRrzqyU/Pxu9RCXKn+sPqL88l/c+W9ju7uUFkA/+tv4shl+ArjkpjukBQ7An3Vchi21oS6y7V9qNOzgqZ4N3G+QkbCLGe02VoqMadQQ1UBLWbvWMlKS62n4MtX2f8S9aSeICC+KCw92hxpwwIhXsmvnS5b3MGr0Et8OA6xPuTvclUbu+A6rfA9FM9f0oIC+OBok8/SYg4khVTGK/RB1osV6B5Ee', false, -1, '437614117046904861004893518135463359016181434979', '3eda5494-d83e-49dc-aa7a-f15375b9f4b5'),
    ('454011127511247319894459231228509010780741793841', 'CN=Dunder Mifflin HR Intermediate CA,OU=Human Resources,O=Dunder Mifflin,L=Scranton,ST=Pennsylvania,C=US', 'CN=Holly Flax,OU=Human Resources,O=Dunder Mifflin,L=Scranton,ST=Pennsylvania,C=US', '2025-09-01 00:00:00.000000 +00:00', '2026-09-01 00:00:00.000000 +00:00', 'MIIEMzCCAxugAwIBAgIUT4aQJP/0R5a0ZlG7cVhq5kdleDEwDQYJKoZIhvcNAQELBQAwgZYxCzAJBgNVBAYTAlVTMRUwEwYDVQQIDAxQZW5uc3lsdmFuaWExETAPBgNVBAcMCFNjcmFudG9uMRcwFQYDVQQKDA5EdW5kZXIgTWlmZmxpbjEYMBYGA1UECwwPSHVtYW4gUmVzb3VyY2VzMSowKAYDVQQDDCFEdW5kZXIgTWlmZmxpbiBIUiBJbnRlcm1lZGlhdGUgQ0EwHhcNMjUwOTAxMDAwMDAwWhcNMjYwOTAxMDAwMDAwWjB/MQswCQYDVQQGEwJVUzEVMBMGA1UECAwMUGVubnN5bHZhbmlhMREwDwYDVQQHDAhTY3JhbnRvbjEXMBUGA1UECgwORHVuZGVyIE1pZmZsaW4xGDAWBgNVBAsMD0h1bWFuIFJlc291cmNlczETMBEGA1UEAwwKSG9sbHkgRmxheDCCASIwDQYJKoZIhvcNAQEBBQADggEPADCCAQoCggEBANGfUbCUAs/0VYhlGHQOJKQ/VAB3RT5MYvKE9smMD7k1WiiYjQqN8W/lmlrcbX4zWSEXC284hsLoTC28heldnSdiFda66b82cpigeskIvlGouiF35CXRG00jOJ4zel7IYk0kJ9z7RZz8qBuv24tMFsaf4a/z+/7GYsApCgck/bSb19zAG0nnIqqKWrk78UE4V2Lwi11fbBqXz1Jvmjs2BThrT1qKGWVYBFMbH35ikLuGJfu1o/Z20hwvwCPZLRIvMO3ksYOXu2sT41K7sYO+TLv2WRl47x20W/GFSc75bKF3uiK5sfB5AC8JDNwuDQw8U/qFfemm6tUsqRFkQp03WLECAwEAAaOBjjCBizAMBgNVHRMBAf8EAjAAMA4GA1UdDwEB/wQEAwIGwDATBgNVHSUEDDAKBggrBgEFBQcDAjAiBgNVHREEGzAZgRdob2xseUBkdW5kZXJtaWZmbGluLmNvbTAyBgNVHR8EKzApMCegJaAjhiFodHRwczovL2xvY2FsaG9zdDo4MDgxL2FwaS92MS9jcmwwDQYJKoZIhvcNAQELBQADggEBAMIN198z09TJmMdRX9d2NOa4nK2zMLO0VRPNAuYrskjIebf3SHCFWo0XfVc8wiWHwO1cfnTutHGncXaCwyT/76sIPDl6oUbV9GSOd0OAMryF7P9X7eMJGVEEDZamObgBmhjegNdTgwjXwXHfE9O2RqzxCmlSelpGW8TTTGs995SCyTiHX317rHzUP8cGisxzkOxNmoPQcWmgQU0mdOrCk/gMIHkeIeOfMuEhCiOlA4rVm45HuGHrls4rPSogzEEYFbBZ4ueBAPaQ9IUiOOH9mKCyaEtEXW/K88MIa5PNoKOyYqyli9ykgN6jxfNiNnat5NOUtf+T90dZev9VYIUisko=', e'xhaBC+rYB9BlgoVrH1JCZOA5JmwhzUOkAqdQmh2tdTePks7wIhBF+IfimWYWVGgyif5U3jwPjFjsrSrs0/lY7/I2qAIxHC45r2Zb2hhaNXXVgksje40tz7G6bX7wkCgyQl+SVVrzyz54uLNTGT6YmHE1wxm9kVg5f3Ut1qA6DXckP083jFvZ/F4TYduxWWLlGkFfrtr5oPLh+CBTC6td4WPAVL35nM6ebh5rtMRR3LEHKijaFy2YkFcktweKd4RU8MJrGgtkmTq11ZIAi81qsfVH3SQiudalZWC/vzhDETGiubGwlDMI7wJw6TdJViAjs1pHfiwM8wzhtSm/ezVDriw0/Iyyb8GpTIekyPRFgpFKRygfgT4iYhCm+UP/6awA8lEcNmh8/zZRPg+HKJc15bpUeYJHGP8SRNmn9LtsHhk1t1VU5LZWNEUdAxLQivmOq7SGpp6xtSMKyk4cG05WM9tyzf7k7P514sUp9ICQfXxjZ5WEVyb9xizm/JujvV6iT6udzqwSBTE5KkkTc+8Jrj4vxylugbHJNGtlR+pk2MEW0V54i9TzfEqDn8iD6hcEcV9RusBK1Ia7G+7ZgT2gxCaLc9lOrAToOmFpcIaKgIOe9eQYBhqglsi2GjwzruiAOBLKHNGdxMdYbu9LzdFabMOJgn2gzDukurM+Ma8GXHOU5MTkO0XoQktFeACYVut02ptzyJ4AtVOKbm2Yk5X7bJH4pSBD2gzvvyuiik2vBxKs3MftEi56OHa3xFZR4cdIci3INd6eiA37mDxRVcIzJtxi93k0ihte3h7pyV9qZg4dow/zxTxtXXjstR92OLlO5cvDC56HScXfCs0eqlkV3MlgdNpXlt1cr3EOWnG/sddkGeBKaqgZ+wjX+qbp5aGD7nH5y4Jbvx2purWw+xs9Jg8gCsJoa6SQ+AB+88WijdLjFijarQFVfeBfWwbOWOvmcfojkGjHS6DR6NZEemTovlGsc98mmM1fw/7ovr0ShIhWrWDgucD6dFJgEQvVLPkOMMWtAYLMzW9G6hoPDf1IsneYHcbqsvlVzb735FS7vBc44YIUUw35OY8mmUYQUR2DUQnJN6I/RUod+VyF+Z7QZ3SJwcePyUCa7oihZEG3DLhdMWNynQTxYerGQ/W7mpkSlSKxeYVhynqQlxPgPv/7L9ZbAPuJeklktfDApLOtwroc33SfjR/B23JA2Tb3W/ZP+Kt3M+Ym4dYIoieLfmN/qc+I5dnhSku47ov35YotM2mPU7cNmC4iNu6x5/gVw6Apy33LdcDpH1h3TKdpks0KbWqMhM1EEKHdkdW5k5RSBnisSF0Tc08heGHWBBNM1gwqb9UcJJdQ2hPRpeVEThtdQgME32brc7V8wuBxyFkZFj56SffgUbZRt7Ek7o73NLQmYgwE0Ge5fVg2TPrXVMSE9VWz8cbr1yCdYXoLNCTWftk/cNkLI3xbSS1pQKvunnypHlMMaagOxfUPkb2EcpZCWC8tz9kqRUuFbX9nI84osKu3xeIuW8Io7GYT/sYq1+prEwqjHIk2VzL6zOb8fi3ZKmtLk2NMCGkK8kkoMGeLVN6Tu8UbmR3kgELJ9adsMfZmjPEBwYTsA2k3Qd12fX2H5pZlLDNOEX95NqQgTpEqTE5XGXjRCTHTbQnt8hbuYWTg', false, -1, '637002791517901413897807875114051934046112505394', '4973f67c-a78d-4e7b-bcec-c185a363a015'),
    ('576261565731007843257091997757737312792806879596', 'CN=Dunder Mifflin Old Root CA,OU=Legacy Root,O=Dunder Mifflin,L=Scranton,ST=Pennsylvania,C=US', 'CN=Dunder Mifflin Old Root CA,OU=Legacy Root,O=Dunder Mifflin,L=Scranton,ST=Pennsylvania,C=US', '2010-01-01 00:00:00.000000 +00:00', '2015-01-01 00:00:00.000000 +00:00', 'MIIEADCCAuigAwIBAgIUZPB2WcgyI601MiWFD/aPYgJu8WwwDQYJKoZIhvcNAQELBQAwgYsxCzAJBgNVBAYTAlVTMRUwEwYDVQQIDAxQZW5uc3lsdmFuaWExETAPBgNVBAcMCFNjcmFudG9uMRcwFQYDVQQKDA5EdW5kZXIgTWlmZmxpbjEUMBIGA1UECwwLTGVnYWN5IFJvb3QxIzAhBgNVBAMMGkR1bmRlciBNaWZmbGluIE9sZCBSb290IENBMB4XDTEwMDEwMTAwMDAwMFoXDTE1MDEwMTAwMDAwMFowgYsxCzAJBgNVBAYTAlVTMRUwEwYDVQQIDAxQZW5uc3lsdmFuaWExETAPBgNVBAcMCFNjcmFudG9uMRcwFQYDVQQKDA5EdW5kZXIgTWlmZmxpbjEUMBIGA1UECwwLTGVnYWN5IFJvb3QxIzAhBgNVBAMMGkR1bmRlciBNaWZmbGluIE9sZCBSb290IENBMIIBIjANBgkqhkiG9w0BAQEFAAOCAQ8AMIIBCgKCAQEAx8nYNz6PSPQnQuLEvLcWiVaAVuB9RniZrohTPE93JCPw+nbPNpXhbBcB2gnRIKc4TQDzbpVFBfplpkxp22BPKfwyL4W2aYEz6ieJLtla6fBQaKX4ZbZkDCel1LPfft2++nYfB2IHvsGzfRWgHdri5Phf/qGPRXhE25dX17XGl5BTWDmhkYyRoKm67wMh56uY7W4fXXhCukAv7usR3rmdgvc0Dm/3PhamacMXiqSSQwYGztXtUwIAWUm2wxEhGvlc8utITlOg/cu+LT+nMcf84RInkIVQyd353tj3MlQi0KRop1jLXJlUhYFzd73GXH/XrNzGkzGT5Nry0TQurh2yyQIDAQABo1owWDASBgNVHRMBAf8ECDAGAQH/AgEFMA4GA1UdDwEB/wQEAwIBBjAyBgNVHR8EKzApMCegJaAjhiFodHRwczovL2xvY2FsaG9zdDo4MDgxL2FwaS92MS9jcmwwDQYJKoZIhvcNAQELBQADggEBAGmei4iVEOJLgjCDaPvaTF4bYmRdYpMtWvvV5e4FFcvMyGq3axnQiAxc1jgfWGkF1LDtv/vdSwLSQdBE6NSa/60jx+Trb7XwMFEZPfcqvy+e0/PB+ASQSQR2PxzZoLRIToqFayqVWpBa/u83P1R6VuNtstem/8g0zfVm148Kp19+edfkjB5QACRxj83rmduNHzk3U06vzIyYCzSsnlnfTWqiBypJbRixquYXDQ0MlWozELXIPskKd6INW4I6QHkdtG60cSRPSciX2iFjZTAFIsvYwLJN5rpNMR64dwbeFQu3wESL5EDWVoylrGOgEmly7xXpcmCpGNqOvNCjko99m+Y=', e'FuA1guFW1OzZItvrG4sLGcnSVPfN7WHCcWAOY6VyGLF9N4aSGMEr6Lys/Sb3cUKHFPGUUNMa0jev0sTaPF3Wrsw6pgG/jEOk0iJlCZg/3R9dHdfxCfn3nzC8tq8pJfe5QvVxse7t6KZCBBpN+n/YFOHOyqBIMg3XjvtjHrA9r3XHXNNGHWmcO+NyevG4LkpCUKDOHM8j/sLOhO4wIsrU0C6BFO6CUdECgCeJ+KVxC4LUTluUbIfFvHzqXWEdihi2gdje2rbJGmHOktzuoFcvqR4OPgji8mTWBfCeduQIZs3O1ZXh9MEolHCH6Qe5TKcT2Om1oO9V7dJwf9qK4Rn/uTKjnkvL2ZEWE12qlpt94zas10h3XsGbc9CeYSVwin5g/+hBUAYNSCefISM1egE8qCTaOAQQH0xy8CMCmuQvllZgJGi/zryc7LnvbFFB5ibl3Gopo42WiKEoMPPD1a85AVegusNc1h6l6J+eXDwnOjj3P5EX7yBSU2IsXl+JSJ0gmYSDUpqeuOnliGFH0ftHYxQVCzHJ2WSTj7OSEZnznZweDhn4LA2LHggestsX3EwhB3eh//t0qukJCPUAHgL9e57QIRXNr0EnvS+JZyWSkldmIb+q5azY81nmVe8EGAPApBOqsmOAf3L3OdZ0Jcs/oGSfJPzSzfszr443vLmlkY6JnFNNkXWih5DuEsUU5GWiUApdhgMAf+I37D31Ktjr00+PLgAayxWR8gxHaGzu88ryHG+VkA3vrj8pQPMWi8+c6hNYzdQe2RB0Xy2YEC29um/Ff1C/qF7tjO03gUdsjb67me2uHec/YEowvY32xCjapSzqtJZhqTWjgv1l6+OpuKkKsAwwtQYA0AEpC0eCMnAsvLgtfjhSwJKmI5Jgc5rOhCHxDEeal+eelCVAzitWmyJUW0bOcNGx325A2flAK+TpsN9zJkfTLfudefZ1MFSKzjWRsfo68TNOyKNP9VT1vF6GGTrZIqSLydgc7NgoJAd9sxKLZH3KD/P/E6Z51VVVTwRnDx7K8YQxpT6Y7MAY/ktypD2s0HkKgAJ0zEAgUuHyyI/Cx40jLZ9CJhQUarDzTxpZdRG5E4VVUmzGNqM0HVblZ/Qfm1qZ29z1EKzjsFIbhnDPh202EeJhKX4YWHWIP+zfft5xZ3OniHMrDbKzajvrDTbAFtAA+OnpyDEO91Z/RRH7UBr+XqAl5IBpiIP8dvmRTohiYoa1j3d9IwHq70oDJ5VXMfuNgUYAhy1x4jkvUl5iCvDpkAS6kyUP6RmupnIE8OVjl1W5SJdl78CYG+bHd+n1q8JhEPbTXCEZsGPBZdRN+lLVYEH5fuqGw3BxF90ZyYCsWL0JT27tQSH6Mo5Dyk8YESp/yNcSMX8HJ4JCfgAKUI7VuH5tkoYVJmQKWAPMqqBdbISPUFiy+dQQWPM+GSHWhgftV5jqsJ+JbwEGTwxGCosmgBw5AIHkobpvPVilZRlGcLEnBkQP7a0slclgKELt4lYez0iNsyFgya5v4Kbwx7j0Qv/uzynjR3g1kvHbOwTfWDcrzI+vw5vpDNmhcyzH8iC/wNuEJkRCRni2SYtJWc4wpIxkX0A8cYNInVN+QgLr50s8JKMUvHIfYC+iPbcYDD4hqOmpA5IjDW5237hE4WMJXGA24Jxn3ZkP', true, 5, NULL, 'd6e28a9d-354c-431c-8912-8c78b3b23a39'),
    ('116731673715750516475976931491842876264834252793', 'CN=Dunder Mifflin Old Root CA,OU=Legacy Root,O=Dunder Mifflin,L=Scranton,ST=Pennsylvania,C=US', 'CN=Old Corporate Intermediate CA,OU=Legacy Corporate,O=Dunder Mifflin,L=Scranton,ST=Pennsylvania,C=US', '2011-01-01 00:00:00.000000 +00:00', '2014-06-01 00:00:00.000000 +00:00', 'MIIENjCCAx6gAwIBAgIUFHJt5YmIb3I1sB80lROTRze5v/kwDQYJKoZIhvcNAQELBQAwgYsxCzAJBgNVBAYTAlVTMRUwEwYDVQQIDAxQZW5uc3lsdmFuaWExETAPBgNVBAcMCFNjcmFudG9uMRcwFQYDVQQKDA5EdW5kZXIgTWlmZmxpbjEUMBIGA1UECwwLTGVnYWN5IFJvb3QxIzAhBgNVBAMMGkR1bmRlciBNaWZmbGluIE9sZCBSb290IENBMB4XDTExMDEwMTAwMDAwMFoXDTE0MDYwMTAwMDAwMFowgZMxCzAJBgNVBAYTAlVTMRUwEwYDVQQIDAxQZW5uc3lsdmFuaWExETAPBgNVBAcMCFNjcmFudG9uMRcwFQYDVQQKDA5EdW5kZXIgTWlmZmxpbjEZMBcGA1UECwwQTGVnYWN5IENvcnBvcmF0ZTEmMCQGA1UEAwwdT2xkIENvcnBvcmF0ZSBJbnRlcm1lZGlhdGUgQ0EwggEiMA0GCSqGSIb3DQEBAQUAA4IBDwAwggEKAoIBAQCwNd5h8+M8JnxGrgQ4DwWiOjeLlSmxsnAsj8MVMPSXFoAaorTtCx4KjWsJJUqRl0jjqX3SvlZK3Va11yWezb7wz7hq7hIel8CeLjRn5rBCQa4X+iflEzpvAphi9gpsBg66rmVc3mtqs3UBWj/kmtdSbu0EXBAXXSSKWuxbLrrvQVulzV/1vUgtIUqgj6pLXq+OAkKtSWj3eRbWffoYXZExobHtCxJrz+le45MDJfKYZyLm3xXDUpJgkOvtCvgWXAeob59lZltwHSLaPfhgAxxq8CcU+BFFOucoWC71XW9llx9snIZUg7hCdzoBzmK4H+jNXB0KKyeYGdIf8FEaldOZAgMBAAGjgYcwgYQwEgYDVR0TAQH/BAgwBgEB/wIBAjAOBgNVHQ8BAf8EBAMCAQYwKgYDVR0eAQH/BCAwHqAcMBqCGGxlZ2FjeS5kdW5kZXJtaWZmbGluLmNvbTAyBgNVHR8EKzApMCegJaAjhiFodHRwczovL2xvY2FsaG9zdDo4MDgxL2FwaS92MS9jcmwwDQYJKoZIhvcNAQELBQADggEBADyFaPlX7+0uPZEwN4zkZhzztozCxhF/KDMlFuIA9ooCgIfl6vvzayh3aiDmn+saORnucBOJ7E15Zq4w5ZG+geFK8uTBnRn/o1+GUw8O5+0tfOxUVgjTcKiGs8JGIUecXdlGeanTeFx/co4UqUL9TfnklTxWsQlp7ZMvi2J0IqooMQaczb0RFU8i8BOiy3KyZGCdNWk5LXF3obMjO8Pvdv/o/1NGY0CCLJF/iGZSZyJMXTZ0pm7ATunSn8N6QNMi3DqVkNOf756nwb4W8qQc0OYS2tCaLvGN3FHqZlmkz4QjQzakPFFZjC1ksM8MdmS8HAOkWbBLbgQq6yQXh0fST7k=', e'v4Uz5kC533n00aYXQpnuVuyFosHIYNYzyYG0KonYFkJ3+2m7pUDl/xFaIdlMNqdtGooGOXHtPS1rjgGDNVQOvitwkEwb7854apd9emxI/R2Q8NqM7OXVwYyrwKuwIhKv6PkkkWOnnonl9+NWpTcpTvkFAkgD7kqF6TLVi7VeRNftx5zAIUoSPYo2rYEFsOl4Kr1YT4L4XHuGFSioE9Qq1cF7CCNKj9Bvs7WHGqIkrNUJ6P/N++ZOUUKN8nIwd4Ld9W5v9fMZElf4GDSdRSJYtnMKm0jTaGNp4dym3Z8V1JkqyX/Wr1o82eZsU7Zu6KbO0e2VhZOKXjizXUfFj9+1uEg01mTcfrKT9aWi6uqrt3CA5bQT2qRewRhcNIVOP4hHe2JjKUlgDK4HoEg+o2By4gS94tW3KW73RKTtB7szu9xqFuDOxYQq/lXPLvv0WCgx2I1p7lYDdUqjKEO8gyon3WqMKPtU4Ycb2SHix5gC96wU3ZLfYT/b1f+hWG0pZdge4EHqKVrjMYCEMbf96m+EawTnRSL/2zYtEbxsnT9Q8Py+CnRseqWDJeLyIBm3Lz6ExynO2mYoUocz0dG3ggmSI4NWoK5N/EmnILCMpxc1hvpSD4dZcPAyS2c3zXpXTFho6G7yV2tCmW4L6bm12n8ChRaO7/FnFTtRgC+yofwlYX1FNCd0IpuwBL9mjtH4Iy6o7TALsi2I9nFERxDajfLRJFck9ivmt7RV3SUowaSgzk7qO4Qy0nYghv/YDGphTIEX5W1scPygXxB76Zt4qe7WKPlfbwQYhUK/WhS9jk1jVu9D7h1fTJLVFMnC2eEiQkWg+CrQ/6GIwT+30NHKc5lUOp0d27rLKOk+ogdCRphQVOdoAN97sirSSXpfRzdlvU7MwZ+7EWZoseV3X+Jj7MbCuAuCdFMcVqOFszgSXk8a/XGRVs1loE/vuBMxme+RWLviMTbjytZK309SZYQAPZ/G31HzN0QPSI3EjxHwNB62SiOQ+5Io2fR6ljY/4Gixc0OEqt4f8AR5BHMbRoRBXF9bpcm5w/bLyaXwCjoetsbn1lmiYI9Q/sr+Sy1zI4ftWKpohmm8QaRFNZoNvdOB+j9OtB63V42YX9EslW5VlrfHVrRPE/cqO1LY3hTqo1kh/03QECkLGp4PVVrhnDUNLnTGJXucoYuqSLxOOqehW0lPp8nobNKfNwKAcUVyg5v07ObbXNxxaRKrScnhmODKpVxEJ2irUFmSPE5nKrEl4bJerf5m63RqvnjYgiZBp9gS+iwixK/R5MLtPjZIVbRfba0ZDKTdckxiqX39P80YdBkU70Zq6Pm6ld/MoTq2VNgzDMgH48Oyuv7sWGO5ehDGLq92ugV+nyXNzgwdYT/Mw3CnXCLOCk/DwfGqA+BQLlUpRq25UvO3nBDWcBjxhafs49UORix5O4T8DYNcApXFIL5gjE9MW5Yp7a7r925CBtJ3lDr7wNstMs7y0lmeYALubigXxZgTtk51nT7UmveFvAz+pvO4+junkbqYWfppAzsszngBr1nfNj7HrF/hF+UjDsKPUMGOYM9XQ3liCU/H1C9AJ8BSYw6jWyY/B5kWQFpqW+us71PagELxScVhOGDztVkUZ4+UJDlEryOGW1b1J6P/eWXvqxQpMGla1EuMcEXwtltJ', true, 2, '576261565731007843257091997757737312792806879596', 'd6e28a9d-354c-431c-8912-8c78b3b23a39'),
    ('348537755020672106818850734801931251099811089771', 'CN=Old Corporate Intermediate CA,OU=Legacy Corporate,O=Dunder Mifflin,L=Scranton,ST=Pennsylvania,C=US', 'CN=Roy Anderson,OU=Warehouse,O=Dunder Mifflin,L=Scranton,ST=Pennsylvania,C=US', '2012-02-01 00:00:00.000000 +00:00', '2013-02-01 00:00:00.000000 +00:00', 'MIIERDCCAyygAwIBAgIUPQz5NTANgaYngUU1BwdXAGmSjWswDQYJKoZIhvcNAQELBQAwgZMxCzAJBgNVBAYTAlVTMRUwEwYDVQQIDAxQZW5uc3lsdmFuaWExETAPBgNVBAcMCFNjcmFudG9uMRcwFQYDVQQKDA5EdW5kZXIgTWlmZmxpbjEZMBcGA1UECwwQTGVnYWN5IENvcnBvcmF0ZTEmMCQGA1UEAwwdT2xkIENvcnBvcmF0ZSBJbnRlcm1lZGlhdGUgQ0EwHhcNMTIwMjAxMDAwMDAwWhcNMTMwMjAxMDAwMDAwWjB7MQswCQYDVQQGEwJVUzEVMBMGA1UECAwMUGVubnN5bHZhbmlhMREwDwYDVQQHDAhTY3JhbnRvbjEXMBUGA1UECgwORHVuZGVyIE1pZmZsaW4xEjAQBgNVBAsMCVdhcmVob3VzZTEVMBMGA1UEAwwMUm95IEFuZGVyc29uMIIBIjANBgkqhkiG9w0BAQEFAAOCAQ8AMIIBCgKCAQEAo8d9p6uS1+Kiyf65tFYBLw7bQIiVU+TlMb92Ph3fv1Cq2FnKOQuCpWc1NqXrqmJJm3bqRhaGNSV6/qVPjjQVEyx/z6OCHoOVmfdNJDbU8lMJ5oOFLFFzJgIDgOTKrRXfF5A/MrqFUWKtqUxSpXfvA2F9bB9nefcS5dMdBRdFrY0LHlkILmjCpYvL8WywLUhS4SETsDSqfHfOZRsA+5mG54KRiBtts2v//zRdoJfDmUEroBKcJszuyTFrun8NaJ5QXYdf7ELUgB5l3Zro8BU54/rgrbOoGGtbHHZ8kfYekXsAIirOv+hYpSH4KkYMCX6us8LN7t6OAmPKAxjH29cbNQIDAQABo4GmMIGjMAwGA1UdEwEB/wQCMAAwDgYDVR0PAQH/BAQDAgWgMB0GA1UdJQQWMBQGCCsGAQUFBwMCBggrBgEFBQcDATAwBgNVHREEKTAngSVyb3kuYW5kZXJzb25AbGVnYWN5LmR1bmRlcm1pZmZsaW4uY29tMDIGA1UdHwQrMCkwJ6AloCOGIWh0dHBzOi8vbG9jYWxob3N0OjgwODEvYXBpL3YxL2NybDANBgkqhkiG9w0BAQsFAAOCAQEAlyiurS6mwq73d5i5taee9i1gAICDkMEi80QVt+ubnparX2jXCesEW9LDvg10SOTutjx9sJAt94khP7LkOzEmEAQB03+jvVFdWyHseSJQsrB/IR3uz4qoIGW3ucwxs88AR1IFmlsUXgcj/Y+5Pz5wcwua6QkWMEI0JFEV+NG6VvAp1zCLoQlk159REdLu5/ntVo+FgN8cV2kYVQ6AYoyn2X9exySUebkKUfyA25yBQyNhb2Am/hOMYIrKMZCtUvqjB4R/r4D/9aqcQkNffI4hgK4f08QUlYbdF2ThLVbjxojub54WWFRb4NtvLUDopPD8bKH/bcBXTM0tNoLlmp6hjA==', e'brRi8rN92iUoT6sROE2UXAgprcGCgEOAT5kBKzW0DpyHHHo8WXT163CNtk/86OcUwK0t7X6P/w9HYZ7zTKIwQchlBKOv35akL1lBxtZYUE2YvGAmSCTvEVurhgXukidMVQGm1FhagJX/I+Dxk2F5NPdDeyJCzdCqsolYJy8oeXslpH1kAjqPXeYc6GV489v9z4eawzH7qtMdw5vMQkchwp+5Jya76bPLgYBT476y5Upz607jUWbPIc+aKcQh+/R5TAGpwSzE3g4IEN55Rls3ckoI5KaSsuC7syPdFk1O6Q41m3cAk+Ug4bKXBUTvREB1MPPlWooaNIVL7LaUQE9g8NHWdCFLxDmEZVsAbEqLF8n+URtOXKUVFMMW6KGPZA1isJcIAHSuGZFZh7uI2YKLot27yCamt1xSj1CnGJZUzLp32wJXNqh2ivGqzqzO6X0SkC982c3BFwRV0BwSfvB+wzdDICIFyOmNJfK/cYGgMjZS62nYxtEnN8uWYCx/Ueo6GHG/Eh3dqfna1X3NVhXwEczzN6zZzn1+7Dlx0FcgTAhz0hxBD2VBw+95s4EPDk389UdAWofstlDkYqRuJ/Ahblnnh4Prn0O/4QdFgWJQ9JEEsyd9OfmEVqSQuKSU6BcDbxyEtb2gG5CSKYkL1PsSfnZDvw68eULJq7++98/TUc8ZREa+PomIwO3XhhBOYk+l3y2z1jinEdXX3Je0q3rDZeArNBQXH8qIuPFrRKlPleYM/9lpVlJ1yTRDhQwa0oNgtNX4XZS0NIyFEMDKV+R2doW2qL1/iquGtvzSjJYzQsb2Y4+D1CjlJWB3kalPCQPpcVbZy6mBLPeSMnnUvYFOy/HCo8oSeIILZPrsD4vDrfIgwypIMQVCfFzKuzgu7+7W2c+jHag6B6+4mr+r69NDu4BltMApbVvCgiI83Nfi5vCJUcmN9rF2oezLPuqhvAXmyXHuZ/mwKOXkJjgV0cQ9IShmZDrCQF6qf2Q60Ie6M/dmmh8wr2M6xTe0aPGPlrzDnhtQGnIPX1OJWT7BYN7JKL4yJ09VFl4J4utJATuCR2LgP5Pq5M0YC7u+sWWC+0wRoPUktRzE3G6JWgsheNRGbY3TTgNiPzuSTryZyoJIOdLHVfd5K2lISu6wDBW3wIG2gGpLtdoU2UECraRGSBdHtLJueFLoT6quedcaeKnrpgV6lGVFchRc5GY1iyq2AWkxwfg/H1slVPfuei92ZM152/m+6ypGRV8MITkLLPAvbm/ETLzLFpldXYb6rTfO9x/YZ1bhQDVzC8MlBAj3/eOu/yShAq7xz1rSQFYap+6XBqSSovUivsP2QRkAnE9mgE8HPvBfr/3yw9mk5dvc/7EMR2Kp/C2KzWmKbeAzogTLlgdu9P0D0xvo6/rg4jEbnAqKdr+PkcuqMrXAqRTFTSaALwP+VsMKrVMJeum5z3DHClC+BPSJxWtxIruBm/TPIVOfvmImDgj3vr0ZqzVfz9sPNeO1G2XGVtDW7pGAKWaAwy5pEASLuzkEYs61/AvaydklZWy0BnX3vy5ia0o05cIFYyHkECDXfxWfGHI7ti+xgLWIqAdToeguq9otnnGqqayIPXaZS0Fz0ovwRfN/bZl3rkArhikPBiox4PrEny1dVherrzU1dM74O9BcwxUcNKAS', false, -1, '116731673715750516475976931491842876264834252793', 'd6e28a9d-354c-431c-8912-8c78b3b23a39');


-- Certificate-User Linking
INSERT INTO unified.certificate_user (my_certificates_serial_number, user_id)
VALUES 
    ('257219047221670200197587821750187857075369598619', 'd6e28a9d-354c-431c-8912-8c78b3b23a39'),
    ('407931140802980398412373006279659079464474453587', 'd6e28a9d-354c-431c-8912-8c78b3b23a39'),
    ('181935923392094353122515568036354750114272939101', 'd6e28a9d-354c-431c-8912-8c78b3b23a39'),
    ('300072149222328078194459112647432433534144382605', '3eda5494-d83e-49dc-aa7a-f15375b9f4b5'),
    ('300072149222328078194459112647432433534144382605', 'd6e28a9d-354c-431c-8912-8c78b3b23a39'),
    ('260167171242990818076495746788160545810588337294', '4973f67c-a78d-4e7b-bcec-c185a363a015'),
    ('260167171242990818076495746788160545810588337294', 'd6e28a9d-354c-431c-8912-8c78b3b23a39'),
    ('362676785315544537295543379220242710966673032532', '3eda5494-d83e-49dc-aa7a-f15375b9f4b5'),
    ('362676785315544537295543379220242710966673032532', 'd6e28a9d-354c-431c-8912-8c78b3b23a39'),
    ('19200792653990017227047556761891276661947281211', '303704ce-e854-4fa4-9fb1-a397d3a46f91'),
    ('19200792653990017227047556761891276661947281211', '6794b78f-f886-41c5-88db-b30dd5175800'),
    ('160902471479938328831205200724518101627604315550', '3eda5494-d83e-49dc-aa7a-f15375b9f4b5'),
    ('160902471479938328831205200724518101627604315550', '7edb4bce-6064-461a-8f78-49dbf7c30ecf'),
    ('160902471479938328831205200724518101627604315550', 'd6e28a9d-354c-431c-8912-8c78b3b23a39'),
    ('637002791517901413897807875114051934046112505394', '4973f67c-a78d-4e7b-bcec-c185a363a015'),
    ('637002791517901413897807875114051934046112505394', 'd6e28a9d-354c-431c-8912-8c78b3b23a39'),
    ('437614117046904861004893518135463359016181434979', '3eda5494-d83e-49dc-aa7a-f15375b9f4b5'),
    ('198403609843020787490751286028650985794657009613', '303704ce-e854-4fa4-9fb1-a397d3a46f91'),
    ('198403609843020787490751286028650985794657009613', 'd6e28a9d-354c-431c-8912-8c78b3b23a39'),
    ('174397758441638285656259356385669503277173302366', 'd6e28a9d-354c-431c-8912-8c78b3b23a39'),
    ('174397758441638285656259356385669503277173302366', '3eda5494-d83e-49dc-aa7a-f15375b9f4b5'),
    ('390282165894341936345951253642706285396013741661', '303704ce-e854-4fa4-9fb1-a397d3a46f91'),
    ('4793080352708997645329634554421410851843927151', '3eda5494-d83e-49dc-aa7a-f15375b9f4b5'),
    ('644545701258206540440877744741874922735461681050', '4973f67c-a78d-4e7b-bcec-c185a363a015'),
    ('725939464835563142359533587380987915433251443622', '3fa51d34-4344-4187-8715-6b26889084b2'),
    ('547851719941052466689989935278537690074125482451', '3eda5494-d83e-49dc-aa7a-f15375b9f4b5'),
    ('206963753835030976523619538027186967498399877176', 'd6e28a9d-354c-431c-8912-8c78b3b23a39'),
    ('615318731773382943580496381379828626631825279227', '303704ce-e854-4fa4-9fb1-a397d3a46f91'),
    ('713428949102862640223024238884817912607674739623', '7edb4bce-6064-461a-8f78-49dbf7c30ecf'),
    ('247510641119364794293686848832182934601266079328', '4973f67c-a78d-4e7b-bcec-c185a363a015'),
    ('84329241483468788164349665343211017025373902964', 'f5ec2837-bdbd-4fc3-83fb-960bd4e22ad4'),
    ('536152359642259486539543453659075332099377196489', '3eda5494-d83e-49dc-aa7a-f15375b9f4b5'),
    ('46263877309573729795462738643558710250253644251', '303704ce-e854-4fa4-9fb1-a397d3a46f91'),
    ('182129710285765517035007360848650553365511359494', '5115def8-0be6-49d6-9155-0c1f82ed1818'),
    ('354411568435666391539293446442701556561454163632', '6794b78f-f886-41c5-88db-b30dd5175800'),
    ('539883510810747345420990205351577248545262567692', '3eda5494-d83e-49dc-aa7a-f15375b9f4b5'),
    ('454011127511247319894459231228509010780741793841', '4973f67c-a78d-4e7b-bcec-c185a363a015'),
    ('576261565731007843257091997757737312792806879596', 'd6e28a9d-354c-431c-8912-8c78b3b23a39'),
    ('116731673715750516475976931491842876264834252793', 'd6e28a9d-354c-431c-8912-8c78b3b23a39'),
    ('348537755020672106818850734801931251099811089771', 'd6e28a9d-354c-431c-8912-8c78b3b23a39');


-- Master AES key encrypted with RSA public key
INSERT INTO unified.master_keys (id, encrypted_key)
VALUES 
    ('00000000-0000-0000-0000-000000000000', 'W80dOmRpKWBJ4JVDnoKa48eFGregOBtT3Yv35jVEzbau4ehfA/4KBxxzGVeEoY3ZbEEawuwb26UAViMbAQ/SOcchRHqYp7rugpjMiEkf3bCoNsvNFhBX9+5zLNs7Z/pU02cQZuohWf4eaAVVl52QjUfVoKxNIKZ/zZ9aC6CMGst+y9B2Pe0PfsnReScxYQdb7+i8j5EwqDQvWONEalZrKaRqEKAPs4/+6RYQhq7WUjtNEaxb60TpwgQ1yedWnt7IPZdkxuQ/zgzBU8QA5Vl3mdM9f8weKaLldPf23EcRsKrzd1gguAxppvM0UIsfdI+eH1wVgjkZ0tgzT7v3u4iR/w==');


-- Per user encrypted AES keys used for encrypting certificate private keys
INSERT INTO unified.user_keys (user_id, encrypted_key) 
VALUES 
    ('4973f67c-a78d-4e7b-bcec-c185a363a015', 'J2Bmw1xEhf6GftrmGl+gyeQu7Zld/P7I33zxYb8aOV2QpXAgLdLBlWYmKNB+v4zkmzgN4uTKI5002YjXWcNK0w=='),
    ('3eda5494-d83e-49dc-aa7a-f15375b9f4b5', 'dv4AF1xWY+RHJu0uNVhokocGkXYWy+hG8zveE95KcvR+CQVrpXTJNrQGWGnSZkd0mTtXFkjul1lBpse5Z9yC6w=='),
    ('d6e28a9d-354c-431c-8912-8c78b3b23a39', '7I+HvZ+/GrsEu7dKLCx38bp5hlqwYoiPR6IHNCVx5VRA3/PPJYOK8h0xSWOgZrjWVhihEpHMHx3s7ACcZHWYcg=='),
    ('303704ce-e854-4fa4-9fb1-a397d3a46f91', 'hCu9kcbGh2ceopruLyPkGvamQZnKKzQjDU8ZgyHxJ3YpP9tTO6ZuvM+q9YScjztd4Pevcg6Ngzz258I5NOP8cA==');


-- CRL
INSERT INTO unified.revoked_certificates (revocation_reason, certificate_serial_number) 
VALUES 
    ('1', '300072149222328078194459112647432433534144382605');


-- Certificates used for signing the sudobox app
INSERT INTO unified.certificates (serial_number, issued_by, issued_to, not_before, not_after, encoded_value, private_key, can_sign, path_len, signing_certificate_serial_number, signed_by_id) 
VALUES
    ('1', 'CN=SudoBox Root,O=SudoBox,OU=Cyber Security,E=office@sudobox.net,C=RS', 'CN=SudoBox Root,O=SudoBox,OU=Cyber Security,E=office@sudobox.net,C=RS', '2025-09-30 19:25:53+00', '9999-12-31 22:59:59+00', 'MIID5jCCAs6gAwIBAgIBATANBgkqhkiG9w0BAQsFADByMRUwEwYDVQQDDAxTdWRvQm94IFJvb3QxEDAOBgNVBAoMB1N1ZG9Cb3gxFzAVBgNVBAsMDkN5YmVyIFNlY3VyaXR5MSEwHwYJKoZIhvcNAQkBFhJvZmZpY2VAc3Vkb2JveC5uZXQxCzAJBgNVBAYTAlJTMCAXDTI1MDkzMDE5MjU1M1oYDzk5OTkxMjMxMjI1OTU5WjByMRUwEwYDVQQDDAxTdWRvQm94IFJvb3QxEDAOBgNVBAoMB1N1ZG9Cb3gxFzAVBgNVBAsMDkN5YmVyIFNlY3VyaXR5MSEwHwYJKoZIhvcNAQkBFhJvZmZpY2VAc3Vkb2JveC5uZXQxCzAJBgNVBAYTAlJTMIIBIjANBgkqhkiG9w0BAQEFAAOCAQ8AMIIBCgKCAQEAmHvc9lRgiSVxAXJurxPnFnCvF2gO71xkNMGjc3gRck6UNtea8t4KvR+b0GPxbd9e+t9InozoPwB0JUjic6C2eQGGfmcr6wJ207gfekjdkFBbJdOuBS7sorhzOJVb9OaKzsq7l8k8Y3644JrVtAEE9e12vuDhKnuXjG1ju1sd1BrVDul8EQgn1s1DZyT0P6ksO3zUpbMqDziZBr74I3hiUicSxucNZ44k8QEb6DQPQItqe7owqHoXwq7bHMup43+CwAHZQ34SGQvFpZNgI6x/ejuOWrnmDmhd+HfjsR4fpC/QPEs40kuicU7aiUpF2fRCdCHW0iZ1/ZppXZI+nRN7WQIDAQABo4GEMIGBMBIGA1UdEwEB/wQIMAYBAf8CASAwDgYDVR0PAQH/BAQDAgG+MCcGA1UdJQQgMB4GCCsGAQUFBwMBBggrBgEFBQcDAgYIKwYBBQUHAwMwMgYDVR0fBCswKTAnoCWgI4YhaHR0cHM6Ly9sb2NhbGhvc3Q6ODA4MS9hcGkvdjEvY3JsMA0GCSqGSIb3DQEBCwUAA4IBAQB5m7KFrMZH5pMVEPxReRutoWrqHX3r4chyR3u59Miuh8Ru04olZLKnHG+Cv5ioXaOjwots1BhREF9zj+whu+qlWWu4xu++PV0BDtjgaU8iCIiWxd5M3GWyZl/qqeuprroMPPlvH7TJmJ3wB31lYheVgod1H3MRK3eMEce7/iQZrW0UaaM1pANxPb1cLgvNlPR6rFPFRXc6sdK3uNMEey5fjdiSQ1ZsTjsbNJ+d/oMVBlNAZ3BL/clBpWsvrAdUEaATfXlAaB/Uv1yymNdeFquVU4lWLJ8pHmOdgzZIyAI7+d4rtNOfLrnZn8cMdfOasApqf+VjsJ2hPGn3IgbmMN4E', '34nop0B2J5n/Yuts5lsXq5HXq9W5LF/wstzQGiL/0d9ZwZobDBqsAYLNJO2ubFeMXyD47Be/6Uncgzdo4rNbv+2hQ8Go6XyPdlutFfzYuIoPkvIo4s62EA8a1Ebuw4XSBAkl4xFhGveZhyBXa0t8Bkvk1mc376nQXwernklCNP48Yllu/f55OhcaP3PBJpS7+S8RqAK2adFAR+mvg7jGkSa+GULBVUXr86Of/aj9s1vnozdRrkp8xvfakTyR3LPP58SyK3SBVziPelXqi6ZE/6lYA7h/OvB/DOpevOK0R0Nz40aKIxNgz2JVkgKlVSAipQNqpe44bqsbxipq7+Mti3yZgPz0NAJxfN4nr+26T+XFu9iYgIlEL6WJhgWIbw0HPl7voBmRVmQ2piBld4YR+dGxYUMMgaJFd65x+QqJ5LK5N3KLohA49UAmV7A2FU/9vx1RIsc1wNiqeLS3EJjxsxV2g8xx4DYT/ro7+HwEkimBExz/9y5DNc2Vm20FiZ/8iKNiULQcRGugcluWVlaBgKhmedApYeLP+ta7Okqe80+l2FitA7MJi78F6t1W8U/Irj9QyjRUPWlkEnOBDstLQ5f5/d7ZNHgUVRmz/nBMzhbzhW1eK+SN/e2pNr+ZTWhc8yEYYaOwXqHa0268kpdoo96BSPkvMWW079J3NcEBQem41h9KjcSBg4Uvm2s7D2UoFfNScQqTDwf8wxwr9CrbOzb5bN56k0rw8+axFS4XxSgcmiXl/OHIbLQnBdHSmTKUwhr4JRskTz3b0dTsZ/IM/mdXtbYZEWSQk7GO3SChKQARgjT/ZqIO4tUSS6DzWEqqRdgbTni6Kv8NNlWA5cT8Iu94ODTg8Y2GA3PbHrMTuu8g4aIfilznCT3n6lyZ9wbuODtozMNzzSwtAEBl8588IxHRmEsQQiWPswjoHcW7+s5KgiBgD8k6tNwtfRTyEpm+ylFpj+HcJWjJ4jV94KmDnzPECF+M/mAtrDlw+NpU+MAJef5CYKToaDESwQ2WJBjUB1NN2wZWzxZvZa5pGf5KOhrKzMhfT+QQmB+Y9K06f0xb29eP8J2kt1RwWDoH6OJlc5tdVDcXU4ZqCo6Qlyfmn/sWWNyivDpsEyflE2IhZTMnud5cKLb9ml621dRo+b1B1m06ywZFA1jryOz7wV0TUEYMdXKcnDTTotnqhKmNdrOVBITJuN2WUl2ODB5hDYUM5GDoR6pgzMF3+wWfDsJ9S/7YDKmOF/GqGyEgJ72IshmtOFiWhtUiCHJhq7PfTuWZtmK+IqfzSfzwmRfuOCAV4OxHg4oeScE+qO0YsOFCU4daUtCTvjQa+BqHFNBRascnqxfv9biG6NxF1VFnixUuJUPX8is1sIaZgTRh+15+qBVtcBdf0UHrBGltFQv16+zBjrg0owRoPPm2GgrdSYW5Dgci1Ga4eMzCWvgbDyPjrrPpvi3X4wKDGgRhWRi3FYzmroZTUDk8mlllAVhwUl83SJnXVBf9murspZF6zRU4GEMR9CY9vqDR45CpFrLtm+evcSChAB9TlBhsE3b/INIyTIAwQp8b0hg4P9Wtpu8/K2EayWDQ4adowcKe3m526I7llEZSP0+qyB5/YJH4SylJDU0mZ1bqOcL6LIntEHJ8+T7XG1sLxhbnLjBIIZ7fGDfZ', true, 32, NULL, '00000000-0000-0000-0000-000000000000'),
    ('16099749023899183415949975142905426632', 'CN=SudoBox Root,O=SudoBox,OU=Cyber Security,E=office@sudobox.net,C=RS', 'CN=SudoBox Intermediate,O=SudoBox,OU=Cyber Security,E=office@sudobox.net,C=RS', '2025-09-30 19:25:53+00', '2030-06-03 22:00:00+00', 'MIID/DCCAuSgAwIBAgIRAMgy0PQ6yzNOme/Sa+myHAwwDQYJKoZIhvcNAQELBQAwcjEVMBMGA1UEAwwMU3Vkb0JveCBSb290MRAwDgYDVQQKDAdTdWRvQm94MRcwFQYDVQQLDA5DeWJlciBTZWN1cml0eTEhMB8GCSqGSIb3DQEJARYSb2ZmaWNlQHN1ZG9ib3gubmV0MQswCQYDVQQGEwJSUzAeFw0yNTA5MzAxOTI1NTNaFw0zMDA2MDMyMjAwMDBaMHoxHTAbBgNVBAMMFFN1ZG9Cb3ggSW50ZXJtZWRpYXRlMRAwDgYDVQQKDAdTdWRvQm94MRcwFQYDVQQLDA5DeWJlciBTZWN1cml0eTEhMB8GCSqGSIb3DQEJARYSb2ZmaWNlQHN1ZG9ib3gubmV0MQswCQYDVQQGEwJSUzCCASIwDQYJKoZIhvcNAQEBBQADggEPADCCAQoCggEBAJ7l+VI0fc3tjXrnN7XSd2a0DewHOB0PpRU1Xx8Vxhsb7XKKN7nc4Nnf2XXyefnMo8LmO4mMunf7Siv+ICqfEVjCb3KKkXiTEj8QIu3JQ2KP+nBe+UYvMmgw0jxYXLJqAguiMUGiljoamNj7QSJQIQz1B5B+xcyS0dvzeAxhSwi9qvxVHL2jYSWFI6B8k4E1nwflnG0G7MeoRYcq2jgpvFO6FaSBfpLoMPxEkXT8WK95M15K+2ey9nDqxiGPGtImX43cZgkkyCfh+Itn6gZviax2FPyPCPdWjHNFdXFX56LJCXlB7gGPODpcyssOJ+IDsLOHHeCQZPAUvo/LfbywwQsCAwEAAaOBhDCBgTASBgNVHRMBAf8ECDAGAQH/AgECMA4GA1UdDwEB/wQEAwICvDAnBgNVHSUEIDAeBggrBgEFBQcDAQYIKwYBBQUHAwIGCCsGAQUFBwMDMDIGA1UdHwQrMCkwJ6AloCOGIWh0dHBzOi8vbG9jYWxob3N0OjgwODEvYXBpL3YxL2NybDANBgkqhkiG9w0BAQsFAAOCAQEAeNwJsBxEOCJ0V1iiF4i0oYuc4YinlHp+gLVrTXPT8/qwpghfq3Pp7lkByW6c2xAeY5zc+ZmuEVBFpsHph/zXGR3hOkAvO2nQmD+87tmAEWbTKKsqxvoG9BlDVTkqaWBF9ZzDgb3D+0ZY86xqQSjCfSHNETBU4anJMURKqi+XZ1gP9BdeHUvrREK6PNFnrSayS+TdMvW1GUR5CYyrxNLz/SY6gqQ3yK+4Qfu9FHNxBNr0R+6j8ZbzGcFp1h6GLxQZHtxTRlN7MxihUqOqx8flzlgsx5s/BiHRj61KCLbsVratt7E9Y3CCRIalRrl9/8IH7159xhcuLBAqudHRfNUw7w==', '+7BFkfn9kYx97dTFiu/PQ9KRQn+A9nU2xufTQjScb4ZooxlzvwtRWK2Etrb0LeHynZ9TCAO7vtK7lPy5AM6CDbjmcDIV1lDSxHH3DztyjFrnhrrVCVGVD16UUU2cVz7Ius1t27UDiYVnI+iNkmvo/pI2yhuVCutniVR7iY6wWL20oux2XZuo4ETKA4L/cu0TN4MI8s9UvmvIFm1kdE9fU89Hbbo9bHdXtZW5/Fu6AOHHRqeAyelMP3h5IpUmWvpPAQ8W8HUPQUUMv7WAV18tmlVrCmmmwmVaVFKXb22iQ9OYti2Vq45Z7r65bkAcgRleGzy9YNnGzFGvAAG+6mH4qm1YMyrzSP0cKJOtcZIrJ4XMO8d3SCNU3gcW+ieSAQyH/YVux5NDAFF+Saj10bBZaFFCCYz5DCJV4osNmHC4xt5ZMPo5ANkpyL1bsQ2hAQE/vUlVzFj4QGBdLhdywtQswXmEN0dYGujc6E3tBZxGgcDrqXjy5Re28NVHJEvuCk7ycRFnoB5/MHdFUzV7JOF3HSbXjuuRL43Hlbv82zJfhVi3MnAvHNhxOaoESoVuKCrE0Bd41TObnXHPHfU4uCWeSBiz6SCWu4fbNnLDewlN3qbJiOR4T2xoAvVbr7Qg0Qx0f3JbcYQ/9femXdLdJS9UiDhmdFylf7IsZaZbWuFgAQayEYXuE8fTFAkRUYowA4wEIH75qEcx/gZeeaelsNvyR4QwJzZJg3nZ2a8iAmnzmhK88xsnhqdLUQA05vcn4tw5HARZyP/Mwug3npyct+ih6cjuPbrXabTi7TAS4WNRZkg/OboQ/LBafa3HYA/e7ILNcsBhkcQV6EOqN/Adx5YtQBv6IY9K2HKT05HY+4TqjoV5Eun5ThP2I1uIrVOJ5S+BQIsBNTsu5Rt6SEP0jeliHakqD8/14naejUaLa+Xec5jOLFfaiu2vSwBy+T9q5uQOX2pC/lzktB3SmGXSA/duljGaRbu+Jy+loMFsDHJN0QoOT8tyrtEPKAMl0mdngbMXah+dEwePq2RXmJI64ZOaIpyAiotizTwmVQ7GtUP1zFXiKko362F5cnY2458gaJhi7hRah+5HUATsQs8xAwRVZRkX6DJDfEJ6okD5CA+W8ixk/mj+69Q0GfarrVizIzcBStDpHnBmAQ3fZSVlvWh2MBvjS2VbzSNktL8k3wCYXjwkIhjqaTzXzb/JGxpTsnzJLOwvVK6wpRjZlXLP39gH4NA51fKmSLQefFxlnY4rorISH60XtVu9YAIl6T8+zFNZCl6i/S0PsqHaheyWASTUCvhXG7Ii+U9MDWjhqLAZAEc3r2it/rUrZ3F/OUxiqktkD1gSwVtUWf9k5dt2tiU2AXFb4hDEuYWFrrHkoSsL5r3qOAD0rHZfk6BwGpkOT/xI75SLcvvt3V5l4U2zrn+xDYMDZj8swAjmqMAdk7mZvKGi7y2WBMODvqAQqFIbuGHTyDC9w0RLUtj0kLUy7iuj+q/nqXjH5njNH0fXPk46rbMmKDunnBsGdfa3zY7itTZilH8Ra6sd6dujvezhB1911djb19SYTCSk4xTPo7IK6GnAPeOu0NDmN9JYC5iJGGAxl963C7t0BnUe4BjfeMqLLrMgFW8OIKnE1Wb5YYs5d0vdNdYONF6aPEt0Ztl+eIu4', true, 2, '1', '00000000-0000-0000-0000-000000000000'),
    ('142125764842476952506859803590184506335', 'CN=SudoBox Intermediate,O=SudoBox,OU=Cyber Security,E=office@sudobox.net,C=RS', 'CN=SudoBox End Entity,O=SudoBox,OU=Cyber Security,E=office@sudobox.net,C=RS', '2025-09-30 19:25:53+00', '2026-12-31 23:00:00+00', 'MIIECjCCAvKgAwIBAgIRAN+TNXy/gbJHg6ZPJDht7GowDQYJKoZIhvcNAQELBQAwejEdMBsGA1UEAwwUU3Vkb0JveCBJbnRlcm1lZGlhdGUxEDAOBgNVBAoMB1N1ZG9Cb3gxFzAVBgNVBAsMDkN5YmVyIFNlY3VyaXR5MSEwHwYJKoZIhvcNAQkBFhJvZmZpY2VAc3Vkb2JveC5uZXQxCzAJBgNVBAYTAlJTMB4XDTI1MDkzMDE5MjU1M1oXDTI2MTIzMTIzMDAwMFoweDEbMBkGA1UEAwwSU3Vkb0JveCBFbmQgRW50aXR5MRAwDgYDVQQKDAdTdWRvQm94MRcwFQYDVQQLDA5DeWJlciBTZWN1cml0eTEhMB8GCSqGSIb3DQEJARYSb2ZmaWNlQHN1ZG9ib3gubmV0MQswCQYDVQQGEwJSUzCCASIwDQYJKoZIhvcNAQEBBQADggEPADCCAQoCggEBAJ1NtLnrXFqwDZJ7hACYVJi/Qwd5IJRPRnj9d5ufOooItw6/aUyiijwpgxONe7O5K78ZCNFWr2ViVwhNVyOeCG/MlrogBgdo1ryhMcHxd1toLT1TUnVFIMR2PuRvER6T7xr/ZaD+8+NKDknuf3e07EWGQanQt/Fd36KJ0F2yS5w27hSR/uiOOy9IwVHWLLrOCU+msJ9voLV7O0qgnowi8Bpder3HsttP0f4jjuLY7pB9jO49ZfJeBgd7iD7WNbfCZARBOC3CMFXtXXsHk54V7IUZYs8zRJ9ihTSagSJp0oeJOuISLcxGaSroJ8v2nlsHToBQh8HC9tbKNkxm49JbZa8CAwEAAaOBjDCBiTAOBgNVHQ8BAf8EBAMCA7gwJwYDVR0lBCAwHgYIKwYBBQUHAwEGCCsGAQUFBwMCBggrBgEFBQcDAzAaBgNVHREEEzARgglsb2NhbGhvc3SHBMCoiQEwMgYDVR0fBCswKTAnoCWgI4YhaHR0cHM6Ly9sb2NhbGhvc3Q6ODA4MS9hcGkvdjEvY3JsMA0GCSqGSIb3DQEBCwUAA4IBAQACOj5a5h6ydHc4CwqtoAPbUlEpzjZJqkMrb31HFRG/ldEFhaKnIcLFEYvHadUueJ2QiDUBvKFeRgJNgAg5siDhnAiKL4QlHwMql7AyfJa1PKz3/QXqq0byf0ius6OriLL0zK3hBM1qGei55qivy5kElv8yDXZm0zziqFiDfX+BKWK57G7AJD5loCwWjxs1c23/pKBq9GnldIXUAbIU8LtrakLA6XSqv1XUfa0NXG93lpPV1Tb/cBVJKDuGUnCGBf92BPGBGwkXol/0zWJNWA7fdONaZ2Z1ue0ih9jfNydTf4c0A4vbtLu4HoYM6qU+eXKKMsJiZB1vr3lN6+0/qQ0f', 'PPj/X9NFVb7Zb72cZkt5G8shqK/nU/TNwEQpqi92OQ5qal0uaZUxMaaEBmj9wkE3z4D8wuSdwwTysTXlMCT/Px+q+rYyXjriGhOlrVK/f+6ho3l3V9Bq2E3alFi+92RtodikXo9O7l4t2p124x2ATYPAejzrD+a1m1GhyABpT2dg0RtWkB0bg1Vfd9kdvUsQw8g3Hxh/MhAIDRIDgEewIWq2Bu3t919sUvpr6UCotq0TYeC2Vg0kGR8/DTAz/ZzZbK6Sm6aHYL+DhMsO9DTYjNmW4Kdm3kFXE+0Yp1R6A4OGQwwtgdk3Lw9Vv4WCKlfqKNwEw/RZA0jJbtfypdKuNjEyfbsfFSCr3Pag3L3WPbOGdlN3uf/qHV+mUsLnJft2V9iVuydTB9vcnjkw2NhqeV8ZZDF7UV/KkVGjFcwXF2OQbFLTne/C6aBzc8XbOGUxE3mFRQ/ye0hZalLSMhGGJwm+KTW49D+t/a0btV6GJY5o8HTsmRNePMxLbj0gG0pEpmXp4Ras0IwuwgvrobJOQC1FXcCA3k5ea7Rair5em3E8zKWX1Tu+299Y2LIwom3O197ar2ziDnu5GmvOeS6jDjodGcWzOmormk4MzO7bVsxatdtL7Zgm6CK5NqaIsJ856BMgCK8Os6nMIK8fb6jckaQ6nPbdRvHu0BB0zDH51FV685BWEIk8lcfK58ttpI/GTAjvlJMyqQhB2mbrAv31kf1Prn+RGNjL66VmOp0u0tjTGYpLSwsBssQNGViNlHbn0V4bInZbi6EzXNi3gRCNltsbYmoHHSJYZBm719Gotv8bujKw36kJfQu9k/Z8e5NYaNgUE1m7mm18MCZRxgdb8Pi0U4eQcdctoCIdA5mS+k6hZ4kS4LvW1z5prOv6loYGZ0n/jMtv6Fqq19DF2vlLtgNTQgP/SD5BxjrWg4Mno+Sbny0jpDBByNl7epw205iSFNFvCCeTKi4A1vNs2Dus8+YTOjfaJNcxK9+0PL96SHkfpr5UgKZOkheC8kbfbGpxC2vqEr+GEkoStMOMirIMV6kST764JOjWd3HXInVcCWqf3lN3pPjG74BzLjoNfgc0HCChICX7glSUkiAi8ME/Xo+I5mI4oscXircrV0eNrhfnPAo22D2pT4yNujOOoCf4HuV+oCaE86FHYTKuUCqwzvi/wEtjjr3ma0fI2wHWaXMnANNskpmQSUkOPiIDZBB/cZCk9tqq3TmwJx+9YY7xJqXgPLK0mXnI1msfMdJ2GFNqpcF2cCZ1pzqpJZHLzZCLU5I+JWzqFxyGQtbYyKFB56ZZ8vWIT40BhtkLcjiXTxVlZaqgS4DZ7NgXb9gdYYB9HV3qZXvU5p+el4HYoPHZZb0wrBnqfLmUpjRaWkZKifWyRHVD8rK53MBjZv/C7K3R9FXuk0bSLb3pcwVeAi7GPBRhWScUWXMhnN73CnqPQyi0oKBkhzOZQPHLS4CMDECm5FXtYIDfjg+fuaARa7AMctdS+CS3D69Hp7z0tiJimQBCTEP2ED1s8+a/aORxwrBlNxIClCcUkbN07fvMyO6GRCfjzMBFnlrNLhstBnR5qPJfKRf0ybOcW2EuZBxuPphjg99HAfDAKvPlHQIstTRi76/+EyE/RcRrehO96tE073kAQlY/hljNtpfEG28REW76', false, -1, '16099749023899183415949975142905426632', '00000000-0000-0000-0000-000000000000');

INSERT INTO unified.user_keys (user_id, encrypted_key) 
VALUES 
    ('00000000-0000-0000-0000-000000000000', '4HK9O/5lFtCyU/iYjJHXlxJ3U/aTpRsNGwSWbpOEva3aNz/NpETpxTvzrcDqeNt/zC296bBosU1Pgcjp1zIO9Q==');


-- CSRs
INSERT INTO unified.certificate_requests (id, encoded_csr, requested_for_id, requested_from_id, not_after, not_before, submitted_on) 
VALUES 
    ('efe794fd-f842-4d30-84fd-5273fff831e2', 'MIIDJDCCAgwCAQAwgc0xOTA3BgNVBAMMMER1bmRlciBNaWZmbGluIEdlbmVyYXRlIFJlcXVlc3QgTmV3IERlcGFydG1lbnQgMTEXMBUGA1UECgwORHVuZGVyIE1pZmZsaW4xKjAoBgNVBAsMIUdlbmVyYXRlIFJlcXVlc3QgTmV3IERlcGFydG1lbnQgMTE+MDwGCSqGSIb3DQEJARYvZ2VuZXJhdGVyZXF1ZXN0bmV3ZGVwYXJ0bWVudDFAZHVuZGVybWlmZmxpbi5vcmcxCzAJBgNVBAYTAlVTMIIBIjANBgkqhkiG9w0BAQEFAAOCAQ8AMIIBCgKCAQEAzv8I5yF6sjlDeoUWmpSBrRTbwhJJVsMkoevZaRqIf4qE5Pc12h07NWfExJgZ1yDrjJM7R81JALxRW05d2I40Ay23UrAX42SU2OAuRmfRTyoEIij0z9ZfSAEcJe6Is+3hPFpM9zjIFZWbEdmuBiQfAX3+yCnmLjbTHPEQ8eLSC6JKO22QRjJeC3aQX38FsCkNDXmacm+x8LAMIZ/uD2LYPWQdraGF1tNjS9Y2wsINH2KUQppytz9tsxXdM0cl3NQO4KZnzZNaCwempMM0D7Li8O3KsTIBGqpMSy4D7ulio8iHYwd8j+kAOZ9uULRJvRIqyqBszPS9Wgv0dkAhjC1TLQIDAQABoBEwDwYJKoZIhvcNAQkOMQIwADANBgkqhkiG9w0BAQsFAAOCAQEAixWROo/2XwL5vs+FLAcimlr4ldZvTOcUV15BRYkt35LqdQ8I8kxormbgMEiXqfdwPprDXLqJk/IKjWb8WVgmGWrSZpjj/Bmw4yxl3vukUMNB0YqpatVT33x05lOq4inCeiT36QmWRo2jCjUH5h25KZ4eoRePRdDJR4U48Nc9uUZc8iXtifrDaqacJqI52u2m22VAaICk4+C50PbWjnQbSowtKxbpgRwvVdp3rV8SbAamewX2LpkkX6wCvAs4vL7panyHN806oVIkQBdJBiJME5xBmpGFD4iduLwJmREC9DaNl4v0f6i3Qc5R8jq1PR1lUPh41iF8D3nH6wqGNdY8Tw==', '22222222-2222-2222-2222-222222222222', '11111111-1111-1111-1111-111111111111', null, null, '2025-09-29 15:47:50.356833 +00:00'),
    ('1ea5bf73-2504-4697-9e11-a1dc5ce30d0f', 'MIIDJDCCAgwCAQAwgc0xOTA3BgNVBAMMMER1bmRlciBNaWZmbGluIEdlbmVyYXRlIFJlcXVlc3QgTmV3IERlcGFydG1lbnQgMjEXMBUGA1UECgwORHVuZGVyIE1pZmZsaW4xKjAoBgNVBAsMIUdlbmVyYXRlIFJlcXVlc3QgTmV3IERlcGFydG1lbnQgMjE+MDwGCSqGSIb3DQEJARYvZ2VuZXJhdGVyZXF1ZXN0bmV3ZGVwYXJ0bWVudDJAZHVuZGVybWlmZmxpbi5vcmcxCzAJBgNVBAYTAlVTMIIBIjANBgkqhkiG9w0BAQEFAAOCAQ8AMIIBCgKCAQEAg5gesBFH81tsBRQIEvHEIL4lAFcxH+tyh7fm1K8i3aoN70LCKqp4Xrllw89ytur6/HzL8ri38PKasPsBYL9OOeFWoDTvX7xi3qyAQ8bPMjq0iln0OjT2TvQLMogtxfVs+gjxbKVCraywXKoiWOyTCI+xlV+gjGjPFzT3xKuoMJva1fxQlQUqFJ+i21CoNnh5BMpcOiT9fpSbFgsAx5t4TrjflgOyCasjwpyAwI2x62mVy35lxPgqmH1sjCY+7fpLQ2fdf7d44zozU3cg5uJnkce5Z7RHvC1Fbf8sDzYj7HI6HBKWiblcX90oumzDGWGfqQ83q/DcaoP/JkA0nMfwvQIDAQABoBEwDwYJKoZIhvcNAQkOMQIwADANBgkqhkiG9w0BAQsFAAOCAQEAHVq+ScLXmQn3FhZIdhCZP3aQlBBFy2df1n/pddcrC9RyZ/4mQB/w52/+NdP/pEuj1PlTzyhWb+ugaCKudGcmJ3R8hTbMYSj6VPxZjgysiok3TfD85Iqyp0OhMC+l4/3FUoogu7s3ufWUh8b+FHCdAN3PFPaHmP+IgtPvSsKO6Z0Fs/uOD/KE4PCGLCMrr+G16DfnBEonqC5WYGlzn0lLsgJ48t7ykBnKQwNVq6HH+jKreG9XSQ6h9oAhoLbgULwkZFcQ1gHiOp16EQ3Ogyas9YJdmxRGkzvjUEbd3f5822xNGwhy2gWsBAzNXv6f3daJanCqCd0MvBT9sT7cexf+Lw==', '22222222-2222-2222-2222-222222222222', '11111111-1111-1111-1111-111111111111', null, null, '2025-09-29 15:48:17.965980 +00:00'),
    ('57eb077a-2564-4ebe-b185-250866a17f73', 'MIIDJDCCAgwCAQAwgc0xOTA3BgNVBAMMMER1bmRlciBNaWZmbGluIEdlbmVyYXRlIFJlcXVlc3QgTmV3IERlcGFydG1lbnQgMzEXMBUGA1UECgwORHVuZGVyIE1pZmZsaW4xKjAoBgNVBAsMIUdlbmVyYXRlIFJlcXVlc3QgTmV3IERlcGFydG1lbnQgMzE+MDwGCSqGSIb3DQEJARYvZ2VuZXJhdGVyZXF1ZXN0bmV3ZGVwYXJ0bWVudDNAZHVuZGVybWlmZmxpbi5vcmcxCzAJBgNVBAYTAlVTMIIBIjANBgkqhkiG9w0BAQEFAAOCAQ8AMIIBCgKCAQEA49IH3hX50NeF466vD4mLTPisXF4YJlRoULQqtDR92mLoRSaHEjN/Y3idC0dlWI1vymEV83ohL40yuxkS6qn/PAK83MvX4q0eaxC+scVrWHyeZxxExCCgpEw0z4ixdvu0N9XImaDIkfooSnFTaW+5UDKKpahYCwd2LfjLxV/FLhal32x4GEZoJC0IZc/iNJv7aojylOxL17SaJv+M6vjwd9Bd+6fdGlpXZKmOWqVJpA2+D2M8QtnXJy8xBfq79F2f+ojgyUAQQ6l02J3s7xlyYNfYlrVGc4PZgxkuwsDW5blC3gYGw7vgU1aC51Bd4PQthLTS/xQW6Nwz9PdNTiUGhwIDAQABoBEwDwYJKoZIhvcNAQkOMQIwADANBgkqhkiG9w0BAQsFAAOCAQEAo4N3SzdEe4utH5slNZ6Iqfvzyps4XShsqIBpsfioP3EAigAD2ii9vTEIm2kgguMmp9ulJGVXQxpzLTT7iT0pFlO3RSKUUDFLA7jvGFYppvOlXt54oItdf4c5vz0hRsTqVkRb3UKObK06xo1iQr1uYDmWbA1no/DQacVqSkuQ/BDAKTDBkgJZfvy7HvJEpE0lGbsB8N/UV4aEMYZNMfHiAnrO+tD25xH59Emxt4aNd5C4DZjegUx3+R9K0dylUwqlXkthU5tvjLOPXUPIYL/UkOEL1aZKDw3xx1R1I1evaT8tIp6GlXAdbzKAdZPCCah1QNw4PiuLPzDh4//R3efx8w==', '22222222-2222-2222-2222-222222222222', '11111111-1111-1111-1111-111111111111', null, null, '2025-09-29 15:49:57.108637 +00:00');
